cota_cm,cota_m,vazao_m3s,rating_curve_id,segment_number,vigencia_inicio,vigencia_fin,coeficiente_a,coeficiente_h0_cm,coeficiente_n
80.0,0.8,184.269,74100000_2024-01-01 00:00:00.0_2026-12-31 00:00:00.0,1,2024-01-01 00:00:00.0,2026-12-31 00:00:00.0,290.6657,0.19,2.021
81.0,0.81,188.965,74100000_2024-01-01 00:00:00.0_2026-12-31 00:00:00.0,1,2024-01-01 00:00:00.0,2026-12-31 00:00:00.0,290.6657,0.19,2.021
82.0,0.82,193.72,74100000_2024-01-01 00:00:00.0_2026-12-31 00:00:00.0,1,2024-01-01 00:00:00.0,2026-12-31 00:00:00.0,290.6657,0.19,2.021
83.0,0.83,198.536,74100000_2024-01-01 00:00:00.0_2026-12-31 00:00:00.0,1,2024-01-01 00:00:00.0,2026-12-31 00:00:00.0,290.6657,0.19,2.021
84.0,0.84,203.411,74100000_2024-01-01 00:00:00.0_2026-12-31 00:00:00.0,1,2024-01-01 00:00:00.0,2026-12-31 00:00:00.0,290.6657,0.19,2.021
85.0,0.85,208.346,74100000_2024-01-01 00:00:00.0_2026-12-31 00:00:00.0,1,2024-01-01 00:00:00.0,2026-12-31 00:00:00.0,290.6657,0.19,2.021
86.0,0.86,213.341,74100000_2024-01-01 00:00:00.0_2026-12-31 00:00:00.0,1,2024-01-01 00:00:00.0,2026-12-31 00:00:00.0,290.6657,0.19,2.021
87.0,0.87,218.395,74100000_2024-01-01 00:00:00.0_2026-12-31 00:00:00.0,1,2024-01-01 00:00:00.0,2026-12-31 00:00:00.0,290.6657,0.19,2.021
88.0,0.88,223.51,74100000_2024-01-01 00:00:00.0_2026-12-31 00:00:00.0,1,2024-01-01 00:00:00.0,2026-12-31 00:00:00.0,290.6657,0.19,2.021
89.0,0.89,228.684,74100000_2024-01-01 00:00:00.0_2026-12-31 00:00:00.0,1,2024-01-01 00:00:00.0,2026-12-31 00:00:00.0,290.6657,0.19,2.021
90.0,0.9,233.918,74100000_2024-01-01 00:00:00.0_2026-12-31 00:00:00.0,1,2024-01-01 00:00:00.0,2026-12-31 00:00:00.0,290.6657,0.19,2.021
91.0,0.91,239.211,74100000_2024-01-01 00:00:00.0_2026-12-31 00:00:00.0,1,2024-01-01 00:00:00.0,2026-12-31 00:00:00.0,290.6657,0.19,2.021
92.0,0.92,244.565,74100000_2024-01-01 00:00:00.0_2026-12-31 00:00:00.0,1,2024-01-01 00:00:00.0,2026-12-31 00:00:00.0,290.6657,0.19,2.021
93.0,0.93,249.979,74100000_2024-01-01 00:00:00.0_2026-12-31 00:00:00.0,1,2024-01-01 00:00:00.0,2026-12-31 00:00:00.0,290.6657,0.19,2.021
94.0,0.94,255.452,74100000_2024-01-01 00:00:00.0_2026-12-31 00:00:00.0,1,2024-01-01 00:00:00.0,2026-12-31 00:00:00.0,290.6657,0.19,2.021
95.0,0.95,260.985,74100000_2024-01-01 00:00:00.0_2026-12-31 00:00:00.0,1,2024-01-01 00:00:00.0,2026-12-31 00:00:00.0,290.6657,0.19,2.021
96.0,0.96,266.578,74100000_2024-01-01 00:00:00.0_2026-12-31 00:00:00.0,1,2024-01-01 00:00:00.0,2026-12-31 00:00:00.0,290.6657,0.19,2.021
97.0,0.97,272.232,74100000_2024-01-01 00:00:00.0_2026-12-31 00:00:00.0,1,2024-01-01 00:00:00.0,2026-12-31 00:00:00.0,290.6657,0.19,2.021
98.0,0.98,277.945,74100000_2024-01-01 00:00:00.0_2026-12-31 00:00:00.0,1,2024-01-01 00:00:00.0,2026-12-31 00:00:00.0,290.6657,0.19,2.021
99.0,0.99,283.718,74100000_2024-01-01 00:00:00.0_2026-12-31 00:00:00.0,1,2024-01-01 00:00:00.0,2026-12-31 00:00:00.0,290.6657,0.19,2.021
100.0,1.0,289.551,74100000_2024-01-01 00:00:00.0_2026-12-31 00:00:00.0,1,2024-01-01 00:00:00.0,2026-12-31 00:00:00.0,290.6657,0.19,2.021
101.0,1.01,295.444,74100000_2024-01-01 00:00:00.0_2026-12-31 00:00:00.0,1,2024-01-01 00:00:00.0,2026-12-31 00:00:00.0,290.6657,0.19,2.021
102.0,1.02,301.397,74100000_2024-01-01 00:00:00.0_2026-12-31 00:00:00.0,1,2024-01-01 00:00:00.0,2026-12-31 00:00:00.0,290.6657,0.19,2.021
103.0,1.03,307.409,74100000_2024-01-01 00:00:00.0_2026-12-31 00:00:00.0,1,2024-01-01 00:00:00.0,2026-12-31 00:00:00.0,290.6657,0.19,2.021
104.0,1.04,313.482,74100000_2024-01-01 00:00:00.0_2026-12-31 00:00:00.0,1,2024-01-01 00:00:00.0,2026-12-31 00:00:00.0,290.6657,0.19,2.021
105.0,1.05,319.615,74100000_2024-01-01 00:00:00.0_2026-12-31 00:00:00.0,1,2024-01-01 00:00:00.0,2026-12-31 00:00:00.0,290.6657,0.19,2.021
106.0,1.06,325.808,74100000_2024-01-01 00:00:00.0_2026-12-31 00:00:00.0,1,2024-01-01 00:00:00.0,2026-12-31 00:00:00.0,290.6657,0.19,2.021
107.0,1.07,332.061,74100000_2024-01-01 00:00:00.0_2026-12-31 00:00:00.0,1,2024-01-01 00:00:00.0,2026-12-31 00:00:00.0,290.6657,0.19,2.021
108.0,1.08,338.375,74100000_2024-01-01 00:00:00.0_2026-12-31 00:00:00.0,1,2024-01-01 00:00:00.0,2026-12-31 00:00:00.0,290.6657,0.19,2.021
109.0,1.09,344.748,74100000_2024-01-01 00:00:00.0_2026-12-31 00:00:00.0,1,2024-01-01 00:00:00.0,2026-12-31 00:00:00.0,290.6657,0.19,2.021
110.0,1.1,351.181,74100000_2024-01-01 00:00:00.0_2026-12-31 00:00:00.0,1,2024-01-01 00:00:00.0,2026-12-31 00:00:00.0,290.6657,0.19,2.021
111.0,1.11,357.674,74100000_2024-01-01 00:00:00.0_2026-12-31 00:00:00.0,1,2024-01-01 00:00:00.0,2026-12-31 00:00:00.0,290.6657,0.19,2.021
112.0,1.12,364.228,74100000_2024-01-01 00:00:00.0_2026-12-31 00:00:00.0,1,2024-01-01 00:00:00.0,2026-12-31 00:00:00.0,290.6657,0.19,2.021
113.0,1.13,370.841,74100000_2024-01-01 00:00:00.0_2026-12-31 00:00:00.0,1,2024-01-01 00:00:00.0,2026-12-31 00:00:00.0,290.6657,0.19,2.021
114.0,1.14,377.515,74100000_2024-01-01 00:00:00.0_2026-12-31 00:00:00.0,1,2024-01-01 00:00:00.0,2026-12-31 00:00:00.0,290.6657,0.19,2.021
115.0,1.15,384.249,74100000_2024-01-01 00:00:00.0_2026-12-31 00:00:00.0,1,2024-01-01 00:00:00.0,2026-12-31 00:00:00.0,290.6657,0.19,2.021
116.0,1.16,391.043,74100000_2024-01-01 00:00:00.0_2026-12-31 00:00:00.0,1,2024-01-01 00:00:00.0,2026-12-31 00:00:00.0,290.6657,0.19,2.021
117.0,1.17,397.897,74100000_2024-01-01 00:00:00.0_2026-12-31 00:00:00.0,1,2024-01-01 00:00:00.0,2026-12-31 00:00:00.0,290.6657,0.19,2.021
118.0,1.18,404.812,74100000_2024-01-01 00:00:00.0_2026-12-31 00:00:00.0,1,2024-01-01 00:00:00.0,2026-12-31 00:00:00.0,290.6657,0.19,2.021
119.0,1.19,411.786,74100000_2024-01-01 00:00:00.0_2026-12-31 00:00:00.0,1,2024-01-01 00:00:00.0,2026-12-31 00:00:00.0,290.6657,0.19,2.021
120.0,1.2,418.821,74100000_2024-01-01 00:00:00.0_2026-12-31 00:00:00.0,1,2024-01-01 00:00:00.0,2026-12-31 00:00:00.0,290.6657,0.19,2.021
121.0,1.21,425.916,74100000_2024-01-01 00:00:00.0_2026-12-31 00:00:00.0,1,2024-01-01 00:00:00.0,2026-12-31 00:00:00.0,290.6657,0.19,2.021
122.0,1.22,433.071,74100000_2024-01-01 00:00:00.0_2026-12-31 00:00:00.0,1,2024-01-01 00:00:00.0,2026-12-31 00:00:00.0,290.6657,0.19,2.021
123.0,1.23,440.286,74100000_2024-01-01 00:00:00.0_2026-12-31 00:00:00.0,1,2024-01-01 00:00:00.0,2026-12-31 00:00:00.0,290.6657,0.19,2.021
124.0,1.24,447.562,74100000_2024-01-01 00:00:00.0_2026-12-31 00:00:00.0,1,2024-01-01 00:00:00.0,2026-12-31 00:00:00.0,290.6657,0.19,2.021
125.0,1.25,454.898,74100000_2024-01-01 00:00:00.0_2026-12-31 00:00:00.0,1,2024-01-01 00:00:00.0,2026-12-31 00:00:00.0,290.6657,0.19,2.021
126.0,1.26,462.294,74100000_2024-01-01 00:00:00.0_2026-12-31 00:00:00.0,1,2024-01-01 00:00:00.0,2026-12-31 00:00:00.0,290.6657,0.19,2.021
127.0,1.27,469.75,74100000_2024-01-01 00:00:00.0_2026-12-31 00:00:00.0,1,2024-01-01 00:00:00.0,2026-12-31 00:00:00.0,290.6657,0.19,2.021
128.0,1.28,477.267,74100000_2024-01-01 00:00:00.0_2026-12-31 00:00:00.0,1,2024-01-01 00:00:00.0,2026-12-31 00:00:00.0,290.6657,0.19,2.021
129.0,1.29,484.844,74100000_2024-01-01 00:00:00.0_2026-12-31 00:00:00.0,1,2024-01-01 00:00:00.0,2026-12-31 00:00:00.0,290.6657,0.19,2.021
130.0,1.3,492.481,74100000_2024-01-01 00:00:00.0_2026-12-31 00:00:00.0,1,2024-01-01 00:00:00.0,2026-12-31 00:00:00.0,290.6657,0.19,2.021
131.0,1.31,500.179,74100000_2024-01-01 00:00:00.0_2026-12-31 00:00:00.0,1,2024-01-01 00:00:00.0,2026-12-31 00:00:00.0,290.6657,0.19,2.021
132.0,1.32,507.936,74100000_2024-01-01 00:00:00.0_2026-12-31 00:00:00.0,1,2024-01-01 00:00:00.0,2026-12-31 00:00:00.0,290.6657,0.19,2.021
133.0,1.33,515.755,74100000_2024-01-01 00:00:00.0_2026-12-31 00:00:00.0,1,2024-01-01 00:00:00.0,2026-12-31 00:00:00.0,290.6657,0.19,2.021
134.0,1.34,523.633,74100000_2024-01-01 00:00:00.0_2026-12-31 00:00:00.0,1,2024-01-01 00:00:00.0,2026-12-31 00:00:00.0,290.6657,0.19,2.021
135.0,1.35,531.572,74100000_2024-01-01 00:00:00.0_2026-12-31 00:00:00.0,1,2024-01-01 00:00:00.0,2026-12-31 00:00:00.0,290.6657,0.19,2.021
136.0,1.36,539.571,74100000_2024-01-01 00:00:00.0_2026-12-31 00:00:00.0,1,2024-01-01 00:00:00.0,2026-12-31 00:00:00.0,290.6657,0.19,2.021
137.0,1.37,547.631,74100000_2024-01-01 00:00:00.0_2026-12-31 00:00:00.0,1,2024-01-01 00:00:00.0,2026-12-31 00:00:00.0,290.6657,0.19,2.021
138.0,1.38,555.751,74100000_2024-01-01 00:00:00.0_2026-12-31 00:00:00.0,1,2024-01-01 00:00:00.0,2026-12-31 00:00:00.0,290.6657,0.19,2.021
139.0,1.39,563.931,74100000_2024-01-01 00:00:00.0_2026-12-31 00:00:00.0,1,2024-01-01 00:00:00.0,2026-12-31 00:00:00.0,290.6657,0.19,2.021
140.0,1.4,572.172,74100000_2024-01-01 00:00:00.0_2026-12-31 00:00:00.0,1,2024-01-01 00:00:00.0,2026-12-31 00:00:00.0,290.6657,0.19,2.021
141.0,1.41,580.473,74100000_2024-01-01 00:00:00.0_2026-12-31 00:00:00.0,1,2024-01-01 00:00:00.0,2026-12-31 00:00:00.0,290.6657,0.19,2.021
142.0,1.42,588.835,74100000_2024-01-01 00:00:00.0_2026-12-31 00:00:00.0,1,2024-01-01 00:00:00.0,2026-12-31 00:00:00.0,290.6657,0.19,2.021
143.0,1.43,597.257,74100000_2024-01-01 00:00:00.0_2026-12-31 00:00:00.0,1,2024-01-01 00:00:00.0,2026-12-31 00:00:00.0,290.6657,0.19,2.021
144.0,1.44,605.739,74100000_2024-01-01 00:00:00.0_2026-12-31 00:00:00.0,1,2024-01-01 00:00:00.0,2026-12-31 00:00:00.0,290.6657,0.19,2.021
145.0,1.45,614.282,74100000_2024-01-01 00:00:00.0_2026-12-31 00:00:00.0,1,2024-01-01 00:00:00.0,2026-12-31 00:00:00.0,290.6657,0.19,2.021
146.0,1.46,622.885,74100000_2024-01-01 00:00:00.0_2026-12-31 00:00:00.0,1,2024-01-01 00:00:00.0,2026-12-31 00:00:00.0,290.6657,0.19,2.021
147.0,1.47,631.549,74100000_2024-01-01 00:00:00.0_2026-12-31 00:00:00.0,1,2024-01-01 00:00:00.0,2026-12-31 00:00:00.0,290.6657,0.19,2.021
148.0,1.48,640.273,74100000_2024-01-01 00:00:00.0_2026-12-31 00:00:00.0,1,2024-01-01 00:00:00.0,2026-12-31 00:00:00.0,290.6657,0.19,2.021
149.0,1.49,649.058,74100000_2024-01-01 00:00:00.0_2026-12-31 00:00:00.0,1,2024-01-01 00:00:00.0,2026-12-31 00:00:00.0,290.6657,0.19,2.021
150.0,1.5,657.903,74100000_2024-01-01 00:00:00.0_2026-12-31 00:00:00.0,1,2024-01-01 00:00:00.0,2026-12-31 00:00:00.0,290.6657,0.19,2.021
151.0,1.51,666.808,74100000_2024-01-01 00:00:00.0_2026-12-31 00:00:00.0,1,2024-01-01 00:00:00.0,2026-12-31 00:00:00.0,290.6657,0.19,2.021
152.0,1.52,675.775,74100000_2024-01-01 00:00:00.0_2026-12-31 00:00:00.0,1,2024-01-01 00:00:00.0,2026-12-31 00:00:00.0,290.6657,0.19,2.021
153.0,1.53,684.801,74100000_2024-01-01 00:00:00.0_2026-12-31 00:00:00.0,1,2024-01-01 00:00:00.0,2026-12-31 00:00:00.0,290.6657,0.19,2.021
154.0,1.54,693.888,74100000_2024-01-01 00:00:00.0_2026-12-31 00:00:00.0,1,2024-01-01 00:00:00.0,2026-12-31 00:00:00.0,290.6657,0.19,2.021
155.0,1.55,703.036,74100000_2024-01-01 00:00:00.0_2026-12-31 00:00:00.0,1,2024-01-01 00:00:00.0,2026-12-31 00:00:00.0,290.6657,0.19,2.021
156.0,1.56,712.244,74100000_2024-01-01 00:00:00.0_2026-12-31 00:00:00.0,1,2024-01-01 00:00:00.0,2026-12-31 00:00:00.0,290.6657,0.19,2.021
157.0,1.57,721.513,74100000_2024-01-01 00:00:00.0_2026-12-31 00:00:00.0,1,2024-01-01 00:00:00.0,2026-12-31 00:00:00.0,290.6657,0.19,2.021
158.0,1.58,730.842,74100000_2024-01-01 00:00:00.0_2026-12-31 00:00:00.0,1,2024-01-01 00:00:00.0,2026-12-31 00:00:00.0,290.6657,0.19,2.021
159.0,1.59,740.232,74100000_2024-01-01 00:00:00.0_2026-12-31 00:00:00.0,1,2024-01-01 00:00:00.0,2026-12-31 00:00:00.0,290.6657,0.19,2.021
160.0,1.6,749.682,74100000_2024-01-01 00:00:00.0_2026-12-31 00:00:00.0,1,2024-01-01 00:00:00.0,2026-12-31 00:00:00.0,290.6657,0.19,2.021
161.0,1.61,759.193,74100000_2024-01-01 00:00:00.0_2026-12-31 00:00:00.0,1,2024-01-01 00:00:00.0,2026-12-31 00:00:00.0,290.6657,0.19,2.021
162.0,1.62,768.765,74100000_2024-01-01 00:00:00.0_2026-12-31 00:00:00.0,1,2024-01-01 00:00:00.0,2026-12-31 00:00:00.0,290.6657,0.19,2.021
163.0,1.63,778.397,74100000_2024-01-01 00:00:00.0_2026-12-31 00:00:00.0,1,2024-01-01 00:00:00.0,2026-12-31 00:00:00.0,290.6657,0.19,2.021
164.0,1.64,788.09,74100000_2024-01-01 00:00:00.0_2026-12-31 00:00:00.0,1,2024-01-01 00:00:00.0,2026-12-31 00:00:00.0,290.6657,0.19,2.021
165.0,1.65,797.843,74100000_2024-01-01 00:00:00.0_2026-12-31 00:00:00.0,1,2024-01-01 00:00:00.0,2026-12-31 00:00:00.0,290.6657,0.19,2.021
166.0,1.66,807.657,74100000_2024-01-01 00:00:00.0_2026-12-31 00:00:00.0,1,2024-01-01 00:00:00.0,2026-12-31 00:00:00.0,290.6657,0.19,2.021
167.0,1.67,817.532,74100000_2024-01-01 00:00:00.0_2026-12-31 00:00:00.0,1,2024-01-01 00:00:00.0,2026-12-31 00:00:00.0,290.6657,0.19,2.021
168.0,1.68,827.467,74100000_2024-01-01 00:00:00.0_2026-12-31 00:00:00.0,1,2024-01-01 00:00:00.0,2026-12-31 00:00:00.0,290.6657,0.19,2.021
169.0,1.69,837.463,74100000_2024-01-01 00:00:00.0_2026-12-31 00:00:00.0,1,2024-01-01 00:00:00.0,2026-12-31 00:00:00.0,290.6657,0.19,2.021
170.0,1.7,847.519,74100000_2024-01-01 00:00:00.0_2026-12-31 00:00:00.0,1,2024-01-01 00:00:00.0,2026-12-31 00:00:00.0,290.6657,0.19,2.021
171.0,1.71,857.636,74100000_2024-01-01 00:00:00.0_2026-12-31 00:00:00.0,1,2024-01-01 00:00:00.0,2026-12-31 00:00:00.0,290.6657,0.19,2.021
172.0,1.72,867.814,74100000_2024-01-01 00:00:00.0_2026-12-31 00:00:00.0,1,2024-01-01 00:00:00.0,2026-12-31 00:00:00.0,290.6657,0.19,2.021
173.0,1.73,878.052,74100000_2024-01-01 00:00:00.0_2026-12-31 00:00:00.0,1,2024-01-01 00:00:00.0,2026-12-31 00:00:00.0,290.6657,0.19,2.021
174.0,1.74,888.352,74100000_2024-01-01 00:00:00.0_2026-12-31 00:00:00.0,1,2024-01-01 00:00:00.0,2026-12-31 00:00:00.0,290.6657,0.19,2.021
175.0,1.75,898.711,74100000_2024-01-01 00:00:00.0_2026-12-31 00:00:00.0,1,2024-01-01 00:00:00.0,2026-12-31 00:00:00.0,290.6657,0.19,2.021
176.0,1.76,909.132,74100000_2024-01-01 00:00:00.0_2026-12-31 00:00:00.0,1,2024-01-01 00:00:00.0,2026-12-31 00:00:00.0,290.6657,0.19,2.021
177.0,1.77,919.613,74100000_2024-01-01 00:00:00.0_2026-12-31 00:00:00.0,1,2024-01-01 00:00:00.0,2026-12-31 00:00:00.0,290.6657,0.19,2.021
178.0,1.78,930.155,74100000_2024-01-01 00:00:00.0_2026-12-31 00:00:00.0,1,2024-01-01 00:00:00.0,2026-12-31 00:00:00.0,290.6657,0.19,2.021
179.0,1.79,940.757,74100000_2024-01-01 00:00:00.0_2026-12-31 00:00:00.0,1,2024-01-01 00:00:00.0,2026-12-31 00:00:00.0,290.6657,0.19,2.021
180.0,1.8,951.421,74100000_2024-01-01 00:00:00.0_2026-12-31 00:00:00.0,1,2024-01-01 00:00:00.0,2026-12-31 00:00:00.0,290.6657,0.19,2.021
181.0,1.81,962.145,74100000_2024-01-01 00:00:00.0_2026-12-31 00:00:00.0,1,2024-01-01 00:00:00.0,2026-12-31 00:00:00.0,290.6657,0.19,2.021
182.0,1.82,972.929,74100000_2024-01-01 00:00:00.0_2026-12-31 00:00:00.0,1,2024-01-01 00:00:00.0,2026-12-31 00:00:00.0,290.6657,0.19,2.021
183.0,1.83,983.775,74100000_2024-01-01 00:00:00.0_2026-12-31 00:00:00.0,1,2024-01-01 00:00:00.0,2026-12-31 00:00:00.0,290.6657,0.19,2.021
184.0,1.84,994.681,74100000_2024-01-01 00:00:00.0_2026-12-31 00:00:00.0,1,2024-01-01 00:00:00.0,2026-12-31 00:00:00.0,290.6657,0.19,2.021
185.0,1.85,1005.648,74100000_2024-01-01 00:00:00.0_2026-12-31 00:00:00.0,1,2024-01-01 00:00:00.0,2026-12-31 00:00:00.0,290.6657,0.19,2.021
186.0,1.86,1016.676,74100000_2024-01-01 00:00:00.0_2026-12-31 00:00:00.0,1,2024-01-01 00:00:00.0,2026-12-31 00:00:00.0,290.6657,0.19,2.021
187.0,1.87,1027.764,74100000_2024-01-01 00:00:00.0_2026-12-31 00:00:00.0,1,2024-01-01 00:00:00.0,2026-12-31 00:00:00.0,290.6657,0.19,2.021
188.0,1.88,1038.913,74100000_2024-01-01 00:00:00.0_2026-12-31 00:00:00.0,1,2024-01-01 00:00:00.0,2026-12-31 00:00:00.0,290.6657,0.19,2.021
189.0,1.89,1050.123,74100000_2024-01-01 00:00:00.0_2026-12-31 00:00:00.0,1,2024-01-01 00:00:00.0,2026-12-31 00:00:00.0,290.6657,0.19,2.021
190.0,1.9,1061.394,74100000_2024-01-01 00:00:00.0_2026-12-31 00:00:00.0,1,2024-01-01 00:00:00.0,2026-12-31 00:00:00.0,290.6657,0.19,2.021
191.0,1.91,1072.726,74100000_2024-01-01 00:00:00.0_2026-12-31 00:00:00.0,1,2024-01-01 00:00:00.0,2026-12-31 00:00:00.0,290.6657,0.19,2.021
192.0,1.92,1084.118,74100000_2024-01-01 00:00:00.0_2026-12-31 00:00:00.0,1,2024-01-01 00:00:00.0,2026-12-31 00:00:00.0,290.6657,0.19,2.021
193.0,1.93,1095.571,74100000_2024-01-01 00:00:00.0_2026-12-31 00:00:00.0,1,2024-01-01 00:00:00.0,2026-12-31 00:00:00.0,290.6657,0.19,2.021
194.0,1.94,1107.085,74100000_2024-01-01 00:00:00.0_2026-12-31 00:00:00.0,1,2024-01-01 00:00:00.0,2026-12-31 00:00:00.0,290.6657,0.19,2.021
195.0,1.95,1118.66,74100000_2024-01-01 00:00:00.0_2026-12-31 00:00:00.0,1,2024-01-01 00:00:00.0,2026-12-31 00:00:00.0,290.6657,0.19,2.021
196.0,1.96,1130.296,74100000_2024-01-01 00:00:00.0_2026-12-31 00:00:00.0,1,2024-01-01 00:00:00.0,2026-12-31 00:00:00.0,290.6657,0.19,2.021
197.0,1.97,1141.992,74100000_2024-01-01 00:00:00.0_2026-12-31 00:00:00.0,1,2024-01-01 00:00:00.0,2026-12-31 00:00:00.0,290.6657,0.19,2.021
198.0,1.98,1153.749,74100000_2024-01-01 00:00:00.0_2026-12-31 00:00:00.0,1,2024-01-01 00:00:00.0,2026-12-31 00:00:00.0,290.6657,0.19,2.021
199.0,1.99,1165.568,74100000_2024-01-01 00:00:00.0_2026-12-31 00:00:00.0,1,2024-01-01 00:00:00.0,2026-12-31 00:00:00.0,290.6657,0.19,2.021
200.0,2.0,1177.447,74100000_2024-01-01 00:00:00.0_2026-12-31 00:00:00.0,1,2024-01-01 00:00:00.0,2026-12-31 00:00:00.0,290.6657,0.19,2.021
201.0,2.01,1189.386,74100000_2024-01-01 00:00:00.0_2026-12-31 00:00:00.0,1,2024-01-01 00:00:00.0,2026-12-31 00:00:00.0,290.6657,0.19,2.021
202.0,2.02,1201.387,74100000_2024-01-01 00:00:00.0_2026-12-31 00:00:00.0,1,2024-01-01 00:00:00.0,2026-12-31 00:00:00.0,290.6657,0.19,2.021
203.0,2.03,1213.449,74100000_2024-01-01 00:00:00.0_2026-12-31 00:00:00.0,1,2024-01-01 00:00:00.0,2026-12-31 00:00:00.0,290.6657,0.19,2.021
204.0,2.04,1225.571,74100000_2024-01-01 00:00:00.0_2026-12-31 00:00:00.0,1,2024-01-01 00:00:00.0,2026-12-31 00:00:00.0,290.6657,0.19,2.021
205.0,2.05,1237.754,74100000_2024-01-01 00:00:00.0_2026-12-31 00:00:00.0,1,2024-01-01 00:00:00.0,2026-12-31 00:00:00.0,290.6657,0.19,2.021
206.0,2.06,1249.999,74100000_2024-01-01 00:00:00.0_2026-12-31 00:00:00.0,1,2024-01-01 00:00:00.0,2026-12-31 00:00:00.0,290.6657,0.19,2.021
207.0,2.07,1262.304,74100000_2024-01-01 00:00:00.0_2026-12-31 00:00:00.0,1,2024-01-01 00:00:00.0,2026-12-31 00:00:00.0,290.6657,0.19,2.021
208.0,2.08,1274.67,74100000_2024-01-01 00:00:00.0_2026-12-31 00:00:00.0,1,2024-01-01 00:00:00.0,2026-12-31 00:00:00.0,290.6657,0.19,2.021
209.0,2.09,1287.097,74100000_2024-01-01 00:00:00.0_2026-12-31 00:00:00.0,1,2024-01-01 00:00:00.0,2026-12-31 00:00:00.0,290.6657,0.19,2.021
210.0,2.1,1299.584,74100000_2024-01-01 00:00:00.0_2026-12-31 00:00:00.0,1,2024-01-01 00:00:00.0,2026-12-31 00:00:00.0,290.6657,0.19,2.021
211.0,2.11,1312.133,74100000_2024-01-01 00:00:00.0_2026-12-31 00:00:00.0,1,2024-01-01 00:00:00.0,2026-12-31 00:00:00.0,290.6657,0.19,2.021
212.0,2.12,1324.743,74100000_2024-01-01 00:00:00.0_2026-12-31 00:00:00.0,1,2024-01-01 00:00:00.0,2026-12-31 00:00:00.0,290.6657,0.19,2.021
213.0,2.13,1337.413,74100000_2024-01-01 00:00:00.0_2026-12-31 00:00:00.0,1,2024-01-01 00:00:00.0,2026-12-31 00:00:00.0,290.6657,0.19,2.021
214.0,2.14,1350.145,74100000_2024-01-01 00:00:00.0_2026-12-31 00:00:00.0,1,2024-01-01 00:00:00.0,2026-12-31 00:00:00.0,290.6657,0.19,2.021
215.0,2.15,1362.937,74100000_2024-01-01 00:00:00.0_2026-12-31 00:00:00.0,1,2024-01-01 00:00:00.0,2026-12-31 00:00:00.0,290.6657,0.19,2.021
216.0,2.16,1375.791,74100000_2024-01-01 00:00:00.0_2026-12-31 00:00:00.0,1,2024-01-01 00:00:00.0,2026-12-31 00:00:00.0,290.6657,0.19,2.021
217.0,2.17,1388.705,74100000_2024-01-01 00:00:00.0_2026-12-31 00:00:00.0,1,2024-01-01 00:00:00.0,2026-12-31 00:00:00.0,290.6657,0.19,2.021
218.0,2.18,1401.681,74100000_2024-01-01 00:00:00.0_2026-12-31 00:00:00.0,1,2024-01-01 00:00:00.0,2026-12-31 00:00:00.0,290.6657,0.19,2.021
219.0,2.19,1414.717,74100000_2024-01-01 00:00:00.0_2026-12-31 00:00:00.0,1,2024-01-01 00:00:00.0,2026-12-31 00:00:00.0,290.6657,0.19,2.021
220.0,2.2,1427.814,74100000_2024-01-01 00:00:00.0_2026-12-31 00:00:00.0,1,2024-01-01 00:00:00.0,2026-12-31 00:00:00.0,290.6657,0.19,2.021
221.0,2.21,1440.972,74100000_2024-01-01 00:00:00.0_2026-12-31 00:00:00.0,1,2024-01-01 00:00:00.0,2026-12-31 00:00:00.0,290.6657,0.19,2.021
222.0,2.22,1454.192,74100000_2024-01-01 00:00:00.0_2026-12-31 00:00:00.0,1,2024-01-01 00:00:00.0,2026-12-31 00:00:00.0,290.6657,0.19,2.021
223.0,2.23,1467.472,74100000_2024-01-01 00:00:00.0_2026-12-31 00:00:00.0,1,2024-01-01 00:00:00.0,2026-12-31 00:00:00.0,290.6657,0.19,2.021
224.0,2.24,1480.813,74100000_2024-01-01 00:00:00.0_2026-12-31 00:00:00.0,1,2024-01-01 00:00:00.0,2026-12-31 00:00:00.0,290.6657,0.19,2.021
225.0,2.25,1494.215,74100000_2024-01-01 00:00:00.0_2026-12-31 00:00:00.0,1,2024-01-01 00:00:00.0,2026-12-31 00:00:00.0,290.6657,0.19,2.021
226.0,2.26,1507.678,74100000_2024-01-01 00:00:00.0_2026-12-31 00:00:00.0,1,2024-01-01 00:00:00.0,2026-12-31 00:00:00.0,290.6657,0.19,2.021
227.0,2.27,1521.203,74100000_2024-01-01 00:00:00.0_2026-12-31 00:00:00.0,1,2024-01-01 00:00:00.0,2026-12-31 00:00:00.0,290.6657,0.19,2.021
228.0,2.28,1534.788,74100000_2024-01-01 00:00:00.0_2026-12-31 00:00:00.0,1,2024-01-01 00:00:00.0,2026-12-31 00:00:00.0,290.6657,0.19,2.021
229.0,2.29,1548.434,74100000_2024-01-01 00:00:00.0_2026-12-31 00:00:00.0,1,2024-01-01 00:00:00.0,2026-12-31 00:00:00.0,290.6657,0.19,2.021
230.0,2.3,1562.142,74100000_2024-01-01 00:00:00.0_2026-12-31 00:00:00.0,1,2024-01-01 00:00:00.0,2026-12-31 00:00:00.0,290.6657,0.19,2.021
231.0,2.31,1575.91,74100000_2024-01-01 00:00:00.0_2026-12-31 00:00:00.0,1,2024-01-01 00:00:00.0,2026-12-31 00:00:00.0,290.6657,0.19,2.021
232.0,2.32,1589.739,74100000_2024-01-01 00:00:00.0_2026-12-31 00:00:00.0,1,2024-01-01 00:00:00.0,2026-12-31 00:00:00.0,290.6657,0.19,2.021
233.0,2.33,1603.63,74100000_2024-01-01 00:00:00.0_2026-12-31 00:00:00.0,1,2024-01-01 00:00:00.0,2026-12-31 00:00:00.0,290.6657,0.19,2.021
234.0,2.34,1617.581,74100000_2024-01-01 00:00:00.0_2026-12-31 00:00:00.0,1,2024-01-01 00:00:00.0,2026-12-31 00:00:00.0,290.6657,0.19,2.021
235.0,2.35,1631.594,74100000_2024-01-01 00:00:00.0_2026-12-31 00:00:00.0,1,2024-01-01 00:00:00.0,2026-12-31 00:00:00.0,290.6657,0.19,2.021
236.0,2.36,1645.667,74100000_2024-01-01 00:00:00.0_2026-12-31 00:00:00.0,1,2024-01-01 00:00:00.0,2026-12-31 00:00:00.0,290.6657,0.19,2.021
237.0,2.37,1659.802,74100000_2024-01-01 00:00:00.0_2026-12-31 00:00:00.0,1,2024-01-01 00:00:00.0,2026-12-31 00:00:00.0,290.6657,0.19,2.021
238.0,2.38,1673.998,74100000_2024-01-01 00:00:00.0_2026-12-31 00:00:00.0,1,2024-01-01 00:00:00.0,2026-12-31 00:00:00.0,290.6657,0.19,2.021
239.0,2.39,1688.254,74100000_2024-01-01 00:00:00.0_2026-12-31 00:00:00.0,1,2024-01-01 00:00:00.0,2026-12-31 00:00:00.0,290.6657,0.19,2.021
240.0,2.4,1702.572,74100000_2024-01-01 00:00:00.0_2026-12-31 00:00:00.0,1,2024-01-01 00:00:00.0,2026-12-31 00:00:00.0,290.6657,0.19,2.021
241.0,2.41,1716.951,74100000_2024-01-01 00:00:00.0_2026-12-31 00:00:00.0,1,2024-01-01 00:00:00.0,2026-12-31 00:00:00.0,290.6657,0.19,2.021
242.0,2.42,1731.391,74100000_2024-01-01 00:00:00.0_2026-12-31 00:00:00.0,1,2024-01-01 00:00:00.0,2026-12-31 00:00:00.0,290.6657,0.19,2.021
243.0,2.43,1745.893,74100000_2024-01-01 00:00:00.0_2026-12-31 00:00:00.0,1,2024-01-01 00:00:00.0,2026-12-31 00:00:00.0,290.6657,0.19,2.021
244.0,2.44,1760.455,74100000_2024-01-01 00:00:00.0_2026-12-31 00:00:00.0,1,2024-01-01 00:00:00.0,2026-12-31 00:00:00.0,290.6657,0.19,2.021
245.0,2.45,1775.078,74100000_2024-01-01 00:00:00.0_2026-12-31 00:00:00.0,1,2024-01-01 00:00:00.0,2026-12-31 00:00:00.0,290.6657,0.19,2.021
246.0,2.46,1789.763,74100000_2024-01-01 00:00:00.0_2026-12-31 00:00:00.0,1,2024-01-01 00:00:00.0,2026-12-31 00:00:00.0,290.6657,0.19,2.021
247.0,2.47,1804.508,74100000_2024-01-01 00:00:00.0_2026-12-31 00:00:00.0,1,2024-01-01 00:00:00.0,2026-12-31 00:00:00.0,290.6657,0.19,2.021
248.0,2.48,1819.315,74100000_2024-01-01 00:00:00.0_2026-12-31 00:00:00.0,1,2024-01-01 00:00:00.0,2026-12-31 00:00:00.0,290.6657,0.19,2.021
249.0,2.49,1834.183,74100000_2024-01-01 00:00:00.0_2026-12-31 00:00:00.0,1,2024-01-01 00:00:00.0,2026-12-31 00:00:00.0,290.6657,0.19,2.021
249.0,2.49,2178.019,74100000_2024-01-01 00:00:00.0_2026-12-31 00:00:00.0,2,2024-01-01 00:00:00.0,2026-12-31 00:00:00.0,628.2628,0.54,1.366
250.0,2.5,2190.002,74100000_2024-01-01 00:00:00.0_2026-12-31 00:00:00.0,2,2024-01-01 00:00:00.0,2026-12-31 00:00:00.0,628.2628,0.54,1.366
251.0,2.51,2202.003,74100000_2024-01-01 00:00:00.0_2026-12-31 00:00:00.0,2,2024-01-01 00:00:00.0,2026-12-31 00:00:00.0,628.2628,0.54,1.366
252.0,2.52,2214.022,74100000_2024-01-01 00:00:00.0_2026-12-31 00:00:00.0,2,2024-01-01 00:00:00.0,2026-12-31 00:00:00.0,628.2628,0.54,1.366
253.0,2.53,2226.058,74100000_2024-01-01 00:00:00.0_2026-12-31 00:00:00.0,2,2024-01-01 00:00:00.0,2026-12-31 00:00:00.0,628.2628,0.54,1.366
254.0,2.54,2238.111,74100000_2024-01-01 00:00:00.0_2026-12-31 00:00:00.0,2,2024-01-01 00:00:00.0,2026-12-31 00:00:00.0,628.2628,0.54,1.366
255.0,2.55,2250.182,74100000_2024-01-01 00:00:00.0_2026-12-31 00:00:00.0,2,2024-01-01 00:00:00.0,2026-12-31 00:00:00.0,628.2628,0.54,1.366
256.0,2.56,2262.27,74100000_2024-01-01 00:00:00.0_2026-12-31 00:00:00.0,2,2024-01-01 00:00:00.0,2026-12-31 00:00:00.0,628.2628,0.54,1.366
257.0,2.57,2274.376,74100000_2024-01-01 00:00:00.0_2026-12-31 00:00:00.0,2,2024-01-01 00:00:00.0,2026-12-31 00:00:00.0,628.2628,0.54,1.366
258.0,2.58,2286.498,74100000_2024-01-01 00:00:00.0_2026-12-31 00:00:00.0,2,2024-01-01 00:00:00.0,2026-12-31 00:00:00.0,628.2628,0.54,1.366
259.0,2.59,2298.638,74100000_2024-01-01 00:00:00.0_2026-12-31 00:00:00.0,2,2024-01-01 00:00:00.0,2026-12-31 00:00:00.0,628.2628,0.54,1.366
260.0,2.6,2310.796,74100000_2024-01-01 00:00:00.0_2026-12-31 00:00:00.0,2,2024-01-01 00:00:00.0,2026-12-31 00:00:00.0,628.2628,0.54,1.366
261.0,2.61,2322.97,74100000_2024-01-01 00:00:00.0_2026-12-31 00:00:00.0,2,2024-01-01 00:00:00.0,2026-12-31 00:00:00.0,628.2628,0.54,1.366
262.0,2.62,2335.162,74100000_2024-01-01 00:00:00.0_2026-12-31 00:00:00.0,2,2024-01-01 00:00:00.0,2026-12-31 00:00:00.0,628.2628,0.54,1.366
263.0,2.63,2347.37,74100000_2024-01-01 00:00:00.0_2026-12-31 00:00:00.0,2,2024-01-01 00:00:00.0,2026-12-31 00:00:00.0,628.2628,0.54,1.366
264.0,2.64,2359.596,74100000_2024-01-01 00:00:00.0_2026-12-31 00:00:00.0,2,2024-01-01 00:00:00.0,2026-12-31 00:00:00.0,628.2628,0.54,1.366
265.0,2.65,2371.838,74100000_2024-01-01 00:00:00.0_2026-12-31 00:00:00.0,2,2024-01-01 00:00:00.0,2026-12-31 00:00:00.0,628.2628,0.54,1.366
266.0,2.66,2384.098,74100000_2024-01-01 00:00:00.0_2026-12-31 00:00:00.0,2,2024-01-01 00:00:00.0,2026-12-31 00:00:00.0,628.2628,0.54,1.366
267.0,2.67,2396.375,74100000_2024-01-01 00:00:00.0_2026-12-31 00:00:00.0,2,2024-01-01 00:00:00.0,2026-12-31 00:00:00.0,628.2628,0.54,1.366
268.0,2.68,2408.668,74100000_2024-01-01 00:00:00.0_2026-12-31 00:00:00.0,2,2024-01-01 00:00:00.0,2026-12-31 00:00:00.0,628.2628,0.54,1.366
269.0,2.69,2420.978,74100000_2024-01-01 00:00:00.0_2026-12-31 00:00:00.0,2,2024-01-01 00:00:00.0,2026-12-31 00:00:00.0,628.2628,0.54,1.366
270.0,2.7,2433.305,74100000_2024-01-01 00:00:00.0_2026-12-31 00:00:00.0,2,2024-01-01 00:00:00.0,2026-12-31 00:00:00.0,628.2628,0.54,1.366
271.0,2.71,2445.649,74100000_2024-01-01 00:00:00.0_2026-12-31 00:00:00.0,2,2024-01-01 00:00:00.0,2026-12-31 00:00:00.0,628.2628,0.54,1.366
272.0,2.72,2458.009,74100000_2024-01-01 00:00:00.0_2026-12-31 00:00:00.0,2,2024-01-01 00:00:00.0,2026-12-31 00:00:00.0,628.2628,0.54,1.366
273.0,2.73,2470.386,74100000_2024-01-01 00:00:00.0_2026-12-31 00:00:00.0,2,2024-01-01 00:00:00.0,2026-12-31 00:00:00.0,628.2628,0.54,1.366
274.0,2.74,2482.78,74100000_2024-01-01 00:00:00.0_2026-12-31 00:00:00.0,2,2024-01-01 00:00:00.0,2026-12-31 00:00:00.0,628.2628,0.54,1.366
275.0,2.75,2495.191,74100000_2024-01-01 00:00:00.0_2026-12-31 00:00:00.0,2,2024-01-01 00:00:00.0,2026-12-31 00:00:00.0,628.2628,0.54,1.366
276.0,2.76,2507.618,74100000_2024-01-01 00:00:00.0_2026-12-31 00:00:00.0,2,2024-01-01 00:00:00.0,2026-12-31 00:00:00.0,628.2628,0.54,1.366
277.0,2.77,2520.061,74100000_2024-01-01 00:00:00.0_2026-12-31 00:00:00.0,2,2024-01-01 00:00:00.0,2026-12-31 00:00:00.0,628.2628,0.54,1.366
278.0,2.78,2532.521,74100000_2024-01-01 00:00:00.0_2026-12-31 00:00:00.0,2,2024-01-01 00:00:00.0,2026-12-31 00:00:00.0,628.2628,0.54,1.366
279.0,2.79,2544.997,74100000_2024-01-01 00:00:00.0_2026-12-31 00:00:00.0,2,2024-01-01 00:00:00.0,2026-12-31 00:00:00.0,628.2628,0.54,1.366
280.0,2.8,2557.49,74100000_2024-01-01 00:00:00.0_2026-12-31 00:00:00.0,2,2024-01-01 00:00:00.0,2026-12-31 00:00:00.0,628.2628,0.54,1.366
281.0,2.81,2569.999,74100000_2024-01-01 00:00:00.0_2026-12-31 00:00:00.0,2,2024-01-01 00:00:00.0,2026-12-31 00:00:00.0,628.2628,0.54,1.366
282.0,2.82,2582.525,74100000_2024-01-01 00:00:00.0_2026-12-31 00:00:00.0,2,2024-01-01 00:00:00.0,2026-12-31 00:00:00.0,628.2628,0.54,1.366
283.0,2.83,2595.067,74100000_2024-01-01 00:00:00.0_2026-12-31 00:00:00.0,2,2024-01-01 00:00:00.0,2026-12-31 00:00:00.0,628.2628,0.54,1.366
284.0,2.84,2607.625,74100000_2024-01-01 00:00:00.0_2026-12-31 00:00:00.0,2,2024-01-01 00:00:00.0,2026-12-31 00:00:00.0,628.2628,0.54,1.366
285.0,2.85,2620.199,74100000_2024-01-01 00:00:00.0_2026-12-31 00:00:00.0,2,2024-01-01 00:00:00.0,2026-12-31 00:00:00.0,628.2628,0.54,1.366
286.0,2.86,2632.79,74100000_2024-01-01 00:00:00.0_2026-12-31 00:00:00.0,2,2024-01-01 00:00:00.0,2026-12-31 00:00:00.0,628.2628,0.54,1.366
287.0,2.87,2645.396,74100000_2024-01-01 00:00:00.0_2026-12-31 00:00:00.0,2,2024-01-01 00:00:00.0,2026-12-31 00:00:00.0,628.2628,0.54,1.366
288.0,2.88,2658.019,74100000_2024-01-01 00:00:00.0_2026-12-31 00:00:00.0,2,2024-01-01 00:00:00.0,2026-12-31 00:00:00.0,628.2628,0.54,1.366
289.0,2.89,2670.658,74100000_2024-01-01 00:00:00.0_2026-12-31 00:00:00.0,2,2024-01-01 00:00:00.0,2026-12-31 00:00:00.0,628.2628,0.54,1.366
290.0,2.9,2683.313,74100000_2024-01-01 00:00:00.0_2026-12-31 00:00:00.0,2,2024-01-01 00:00:00.0,2026-12-31 00:00:00.0,628.2628,0.54,1.366
291.0,2.91,2695.984,74100000_2024-01-01 00:00:00.0_2026-12-31 00:00:00.0,2,2024-01-01 00:00:00.0,2026-12-31 00:00:00.0,628.2628,0.54,1.366
292.0,2.92,2708.671,74100000_2024-01-01 00:00:00.0_2026-12-31 00:00:00.0,2,2024-01-01 00:00:00.0,2026-12-31 00:00:00.0,628.2628,0.54,1.366
293.0,2.93,2721.373,74100000_2024-01-01 00:00:00.0_2026-12-31 00:00:00.0,2,2024-01-01 00:00:00.0,2026-12-31 00:00:00.0,628.2628,0.54,1.366
294.0,2.94,2734.092,74100000_2024-01-01 00:00:00.0_2026-12-31 00:00:00.0,2,2024-01-01 00:00:00.0,2026-12-31 00:00:00.0,628.2628,0.54,1.366
295.0,2.95,2746.827,74100000_2024-01-01 00:00:00.0_2026-12-31 00:00:00.0,2,2024-01-01 00:00:00.0,2026-12-31 00:00:00.0,628.2628,0.54,1.366
296.0,2.96,2759.577,74100000_2024-01-01 00:00:00.0_2026-12-31 00:00:00.0,2,2024-01-01 00:00:00.0,2026-12-31 00:00:00.0,628.2628,0.54,1.366
297.0,2.97,2772.344,74100000_2024-01-01 00:00:00.0_2026-12-31 00:00:00.0,2,2024-01-01 00:00:00.0,2026-12-31 00:00:00.0,628.2628,0.54,1.366
298.0,2.98,2785.126,74100000_2024-01-01 00:00:00.0_2026-12-31 00:00:00.0,2,2024-01-01 00:00:00.0,2026-12-31 00:00:00.0,628.2628,0.54,1.366
299.0,2.99,2797.923,74100000_2024-01-01 00:00:00.0_2026-12-31 00:00:00.0,2,2024-01-01 00:00:00.0,2026-12-31 00:00:00.0,628.2628,0.54,1.366
300.0,3.0,2810.737,74100000_2024-01-01 00:00:00.0_2026-12-31 00:00:00.0,2,2024-01-01 00:00:00.0,2026-12-31 00:00:00.0,628.2628,0.54,1.366
301.0,3.01,2823.566,74100000_2024-01-01 00:00:00.0_2026-12-31 00:00:00.0,2,2024-01-01 00:00:00.0,2026-12-31 00:00:00.0,628.2628,0.54,1.366
302.0,3.02,2836.411,74100000_2024-01-01 00:00:00.0_2026-12-31 00:00:00.0,2,2024-01-01 00:00:00.0,2026-12-31 00:00:00.0,628.2628,0.54,1.366
303.0,3.03,2849.271,74100000_2024-01-01 00:00:00.0_2026-12-31 00:00:00.0,2,2024-01-01 00:00:00.0,2026-12-31 00:00:00.0,628.2628,0.54,1.366
304.0,3.04,2862.147,74100000_2024-01-01 00:00:00.0_2026-12-31 00:00:00.0,2,2024-01-01 00:00:00.0,2026-12-31 00:00:00.0,628.2628,0.54,1.366
305.0,3.05,2875.038,74100000_2024-01-01 00:00:00.0_2026-12-31 00:00:00.0,2,2024-01-01 00:00:00.0,2026-12-31 00:00:00.0,628.2628,0.54,1.366
306.0,3.06,2887.945,74100000_2024-01-01 00:00:00.0_2026-12-31 00:00:00.0,2,2024-01-01 00:00:00.0,2026-12-31 00:00:00.0,628.2628,0.54,1.366
307.0,3.07,2900.868,74100000_2024-01-01 00:00:00.0_2026-12-31 00:00:00.0,2,2024-01-01 00:00:00.0,2026-12-31 00:00:00.0,628.2628,0.54,1.366
308.0,3.08,2913.806,74100000_2024-01-01 00:00:00.0_2026-12-31 00:00:00.0,2,2024-01-01 00:00:00.0,2026-12-31 00:00:00.0,628.2628,0.54,1.366
309.0,3.09,2926.759,74100000_2024-01-01 00:00:00.0_2026-12-31 00:00:00.0,2,2024-01-01 00:00:00.0,2026-12-31 00:00:00.0,628.2628,0.54,1.366
310.0,3.1,2939.728,74100000_2024-01-01 00:00:00.0_2026-12-31 00:00:00.0,2,2024-01-01 00:00:00.0,2026-12-31 00:00:00.0,628.2628,0.54,1.366
311.0,3.11,2952.712,74100000_2024-01-01 00:00:00.0_2026-12-31 00:00:00.0,2,2024-01-01 00:00:00.0,2026-12-31 00:00:00.0,628.2628,0.54,1.366
312.0,3.12,2965.711,74100000_2024-01-01 00:00:00.0_2026-12-31 00:00:00.0,2,2024-01-01 00:00:00.0,2026-12-31 00:00:00.0,628.2628,0.54,1.366
313.0,3.13,2978.726,74100000_2024-01-01 00:00:00.0_2026-12-31 00:00:00.0,2,2024-01-01 00:00:00.0,2026-12-31 00:00:00.0,628.2628,0.54,1.366
314.0,3.14,2991.756,74100000_2024-01-01 00:00:00.0_2026-12-31 00:00:00.0,2,2024-01-01 00:00:00.0,2026-12-31 00:00:00.0,628.2628,0.54,1.366
315.0,3.15,3004.801,74100000_2024-01-01 00:00:00.0_2026-12-31 00:00:00.0,2,2024-01-01 00:00:00.0,2026-12-31 00:00:00.0,628.2628,0.54,1.366
316.0,3.16,3017.861,74100000_2024-01-01 00:00:00.0_2026-12-31 00:00:00.0,2,2024-01-01 00:00:00.0,2026-12-31 00:00:00.0,628.2628,0.54,1.366
317.0,3.17,3030.937,74100000_2024-01-01 00:00:00.0_2026-12-31 00:00:00.0,2,2024-01-01 00:00:00.0,2026-12-31 00:00:00.0,628.2628,0.54,1.366
318.0,3.18,3044.027,74100000_2024-01-01 00:00:00.0_2026-12-31 00:00:00.0,2,2024-01-01 00:00:00.0,2026-12-31 00:00:00.0,628.2628,0.54,1.366
319.0,3.19,3057.133,74100000_2024-01-01 00:00:00.0_2026-12-31 00:00:00.0,2,2024-01-01 00:00:00.0,2026-12-31 00:00:00.0,628.2628,0.54,1.366
320.0,3.2,3070.254,74100000_2024-01-01 00:00:00.0_2026-12-31 00:00:00.0,2,2024-01-01 00:00:00.0,2026-12-31 00:00:00.0,628.2628,0.54,1.366
321.0,3.21,3083.39,74100000_2024-01-01 00:00:00.0_2026-12-31 00:00:00.0,2,2024-01-01 00:00:00.0,2026-12-31 00:00:00.0,628.2628,0.54,1.366
322.0,3.22,3096.54,74100000_2024-01-01 00:00:00.0_2026-12-31 00:00:00.0,2,2024-01-01 00:00:00.0,2026-12-31 00:00:00.0,628.2628,0.54,1.366
323.0,3.23,3109.706,74100000_2024-01-01 00:00:00.0_2026-12-31 00:00:00.0,2,2024-01-01 00:00:00.0,2026-12-31 00:00:00.0,628.2628,0.54,1.366
324.0,3.24,3122.887,74100000_2024-01-01 00:00:00.0_2026-12-31 00:00:00.0,2,2024-01-01 00:00:00.0,2026-12-31 00:00:00.0,628.2628,0.54,1.366
325.0,3.25,3136.083,74100000_2024-01-01 00:00:00.0_2026-12-31 00:00:00.0,2,2024-01-01 00:00:00.0,2026-12-31 00:00:00.0,628.2628,0.54,1.366
326.0,3.26,3149.293,74100000_2024-01-01 00:00:00.0_2026-12-31 00:00:00.0,2,2024-01-01 00:00:00.0,2026-12-31 00:00:00.0,628.2628,0.54,1.366
327.0,3.27,3162.519,74100000_2024-01-01 00:00:00.0_2026-12-31 00:00:00.0,2,2024-01-01 00:00:00.0,2026-12-31 00:00:00.0,628.2628,0.54,1.366
328.0,3.28,3175.759,74100000_2024-01-01 00:00:00.0_2026-12-31 00:00:00.0,2,2024-01-01 00:00:00.0,2026-12-31 00:00:00.0,628.2628,0.54,1.366
329.0,3.29,3189.014,74100000_2024-01-01 00:00:00.0_2026-12-31 00:00:00.0,2,2024-01-01 00:00:00.0,2026-12-31 00:00:00.0,628.2628,0.54,1.366
330.0,3.3,3202.284,74100000_2024-01-01 00:00:00.0_2026-12-31 00:00:00.0,2,2024-01-01 00:00:00.0,2026-12-31 00:00:00.0,628.2628,0.54,1.366
331.0,3.31,3215.568,74100000_2024-01-01 00:00:00.0_2026-12-31 00:00:00.0,2,2024-01-01 00:00:00.0,2026-12-31 00:00:00.0,628.2628,0.54,1.366
332.0,3.32,3228.868,74100000_2024-01-01 00:00:00.0_2026-12-31 00:00:00.0,2,2024-01-01 00:00:00.0,2026-12-31 00:00:00.0,628.2628,0.54,1.366
333.0,3.33,3242.182,74100000_2024-01-01 00:00:00.0_2026-12-31 00:00:00.0,2,2024-01-01 00:00:00.0,2026-12-31 00:00:00.0,628.2628,0.54,1.366
334.0,3.34,3255.511,74100000_2024-01-01 00:00:00.0_2026-12-31 00:00:00.0,2,2024-01-01 00:00:00.0,2026-12-31 00:00:00.0,628.2628,0.54,1.366
335.0,3.35,3268.854,74100000_2024-01-01 00:00:00.0_2026-12-31 00:00:00.0,2,2024-01-01 00:00:00.0,2026-12-31 00:00:00.0,628.2628,0.54,1.366
336.0,3.36,3282.212,74100000_2024-01-01 00:00:00.0_2026-12-31 00:00:00.0,2,2024-01-01 00:00:00.0,2026-12-31 00:00:00.0,628.2628,0.54,1.366
337.0,3.37,3295.584,74100000_2024-01-01 00:00:00.0_2026-12-31 00:00:00.0,2,2024-01-01 00:00:00.0,2026-12-31 00:00:00.0,628.2628,0.54,1.366
338.0,3.38,3308.971,74100000_2024-01-01 00:00:00.0_2026-12-31 00:00:00.0,2,2024-01-01 00:00:00.0,2026-12-31 00:00:00.0,628.2628,0.54,1.366
339.0,3.39,3322.373,74100000_2024-01-01 00:00:00.0_2026-12-31 00:00:00.0,2,2024-01-01 00:00:00.0,2026-12-31 00:00:00.0,628.2628,0.54,1.366
340.0,3.4,3335.789,74100000_2024-01-01 00:00:00.0_2026-12-31 00:00:00.0,2,2024-01-01 00:00:00.0,2026-12-31 00:00:00.0,628.2628,0.54,1.366
341.0,3.41,3349.22,74100000_2024-01-01 00:00:00.0_2026-12-31 00:00:00.0,2,2024-01-01 00:00:00.0,2026-12-31 00:00:00.0,628.2628,0.54,1.366
342.0,3.42,3362.665,74100000_2024-01-01 00:00:00.0_2026-12-31 00:00:00.0,2,2024-01-01 00:00:00.0,2026-12-31 00:00:00.0,628.2628,0.54,1.366
343.0,3.43,3376.124,74100000_2024-01-01 00:00:00.0_2026-12-31 00:00:00.0,2,2024-01-01 00:00:00.0,2026-12-31 00:00:00.0,628.2628,0.54,1.366
344.0,3.44,3389.598,74100000_2024-01-01 00:00:00.0_2026-12-31 00:00:00.0,2,2024-01-01 00:00:00.0,2026-12-31 00:00:00.0,628.2628,0.54,1.366
345.0,3.45,3403.086,74100000_2024-01-01 00:00:00.0_2026-12-31 00:00:00.0,2,2024-01-01 00:00:00.0,2026-12-31 00:00:00.0,628.2628,0.54,1.366
346.0,3.46,3416.589,74100000_2024-01-01 00:00:00.0_2026-12-31 00:00:00.0,2,2024-01-01 00:00:00.0,2026-12-31 00:00:00.0,628.2628,0.54,1.366
347.0,3.47,3430.106,74100000_2024-01-01 00:00:00.0_2026-12-31 00:00:00.0,2,2024-01-01 00:00:00.0,2026-12-31 00:00:00.0,628.2628,0.54,1.366
348.0,3.48,3443.637,74100000_2024-01-01 00:00:00.0_2026-12-31 00:00:00.0,2,2024-01-01 00:00:00.0,2026-12-31 00:00:00.0,628.2628,0.54,1.366
349.0,3.49,3457.182,74100000_2024-01-01 00:00:00.0_2026-12-31 00:00:00.0,2,2024-01-01 00:00:00.0,2026-12-31 00:00:00.0,628.2628,0.54,1.366
350.0,3.5,3470.742,74100000_2024-01-01 00:00:00.0_2026-12-31 00:00:00.0,2,2024-01-01 00:00:00.0,2026-12-31 00:00:00.0,628.2628,0.54,1.366
351.0,3.51,3484.316,74100000_2024-01-01 00:00:00.0_2026-12-31 00:00:00.0,2,2024-01-01 00:00:00.0,2026-12-31 00:00:00.0,628.2628,0.54,1.366
352.0,3.52,3497.904,74100000_2024-01-01 00:00:00.0_2026-12-31 00:00:00.0,2,2024-01-01 00:00:00.0,2026-12-31 00:00:00.0,628.2628,0.54,1.366
353.0,3.53,3511.506,74100000_2024-01-01 00:00:00.0_2026-12-31 00:00:00.0,2,2024-01-01 00:00:00.0,2026-12-31 00:00:00.0,628.2628,0.54,1.366
354.0,3.54,3525.122,74100000_2024-01-01 00:00:00.0_2026-12-31 00:00:00.0,2,2024-01-01 00:00:00.0,2026-12-31 00:00:00.0,628.2628,0.54,1.366
355.0,3.55,3538.752,74100000_2024-01-01 00:00:00.0_2026-12-31 00:00:00.0,2,2024-01-01 00:00:00.0,2026-12-31 00:00:00.0,628.2628,0.54,1.366
356.0,3.56,3552.397,74100000_2024-01-01 00:00:00.0_2026-12-31 00:00:00.0,2,2024-01-01 00:00:00.0,2026-12-31 00:00:00.0,628.2628,0.54,1.366
357.0,3.57,3566.056,74100000_2024-01-01 00:00:00.0_2026-12-31 00:00:00.0,2,2024-01-01 00:00:00.0,2026-12-31 00:00:00.0,628.2628,0.54,1.366
358.0,3.58,3579.728,74100000_2024-01-01 00:00:00.0_2026-12-31 00:00:00.0,2,2024-01-01 00:00:00.0,2026-12-31 00:00:00.0,628.2628,0.54,1.366
359.0,3.59,3593.415,74100000_2024-01-01 00:00:00.0_2026-12-31 00:00:00.0,2,2024-01-01 00:00:00.0,2026-12-31 00:00:00.0,628.2628,0.54,1.366
360.0,3.6,3607.115,74100000_2024-01-01 00:00:00.0_2026-12-31 00:00:00.0,2,2024-01-01 00:00:00.0,2026-12-31 00:00:00.0,628.2628,0.54,1.366
361.0,3.61,3620.83,74100000_2024-01-01 00:00:00.0_2026-12-31 00:00:00.0,2,2024-01-01 00:00:00.0,2026-12-31 00:00:00.0,628.2628,0.54,1.366
362.0,3.62,3634.558,74100000_2024-01-01 00:00:00.0_2026-12-31 00:00:00.0,2,2024-01-01 00:00:00.0,2026-12-31 00:00:00.0,628.2628,0.54,1.366
363.0,3.63,3648.301,74100000_2024-01-01 00:00:00.0_2026-12-31 00:00:00.0,2,2024-01-01 00:00:00.0,2026-12-31 00:00:00.0,628.2628,0.54,1.366
364.0,3.64,3662.057,74100000_2024-01-01 00:00:00.0_2026-12-31 00:00:00.0,2,2024-01-01 00:00:00.0,2026-12-31 00:00:00.0,628.2628,0.54,1.366
365.0,3.65,3675.827,74100000_2024-01-01 00:00:00.0_2026-12-31 00:00:00.0,2,2024-01-01 00:00:00.0,2026-12-31 00:00:00.0,628.2628,0.54,1.366
366.0,3.66,3689.611,74100000_2024-01-01 00:00:00.0_2026-12-31 00:00:00.0,2,2024-01-01 00:00:00.0,2026-12-31 00:00:00.0,628.2628,0.54,1.366
367.0,3.67,3703.409,74100000_2024-01-01 00:00:00.0_2026-12-31 00:00:00.0,2,2024-01-01 00:00:00.0,2026-12-31 00:00:00.0,628.2628,0.54,1.366
368.0,3.68,3717.22,74100000_2024-01-01 00:00:00.0_2026-12-31 00:00:00.0,2,2024-01-01 00:00:00.0,2026-12-31 00:00:00.0,628.2628,0.54,1.366
369.0,3.69,3731.046,74100000_2024-01-01 00:00:00.0_2026-12-31 00:00:00.0,2,2024-01-01 00:00:00.0,2026-12-31 00:00:00.0,628.2628,0.54,1.366
370.0,3.7,3744.885,74100000_2024-01-01 00:00:00.0_2026-12-31 00:00:00.0,2,2024-01-01 00:00:00.0,2026-12-31 00:00:00.0,628.2628,0.54,1.366
371.0,3.71,3758.737,74100000_2024-01-01 00:00:00.0_2026-12-31 00:00:00.0,2,2024-01-01 00:00:00.0,2026-12-31 00:00:00.0,628.2628,0.54,1.366
372.0,3.72,3772.604,74100000_2024-01-01 00:00:00.0_2026-12-31 00:00:00.0,2,2024-01-01 00:00:00.0,2026-12-31 00:00:00.0,628.2628,0.54,1.366
373.0,3.73,3786.484,74100000_2024-01-01 00:00:00.0_2026-12-31 00:00:00.0,2,2024-01-01 00:00:00.0,2026-12-31 00:00:00.0,628.2628,0.54,1.366
374.0,3.74,3800.378,74100000_2024-01-01 00:00:00.0_2026-12-31 00:00:00.0,2,2024-01-01 00:00:00.0,2026-12-31 00:00:00.0,628.2628,0.54,1.366
375.0,3.75,3814.285,74100000_2024-01-01 00:00:00.0_2026-12-31 00:00:00.0,2,2024-01-01 00:00:00.0,2026-12-31 00:00:00.0,628.2628,0.54,1.366
376.0,3.76,3828.206,74100000_2024-01-01 00:00:00.0_2026-12-31 00:00:00.0,2,2024-01-01 00:00:00.0,2026-12-31 00:00:00.0,628.2628,0.54,1.366
377.0,3.77,3842.141,74100000_2024-01-01 00:00:00.0_2026-12-31 00:00:00.0,2,2024-01-01 00:00:00.0,2026-12-31 00:00:00.0,628.2628,0.54,1.366
378.0,3.78,3856.089,74100000_2024-01-01 00:00:00.0_2026-12-31 00:00:00.0,2,2024-01-01 00:00:00.0,2026-12-31 00:00:00.0,628.2628,0.54,1.366
379.0,3.79,3870.051,74100000_2024-01-01 00:00:00.0_2026-12-31 00:00:00.0,2,2024-01-01 00:00:00.0,2026-12-31 00:00:00.0,628.2628,0.54,1.366
380.0,3.8,3884.026,74100000_2024-01-01 00:00:00.0_2026-12-31 00:00:00.0,2,2024-01-01 00:00:00.0,2026-12-31 00:00:00.0,628.2628,0.54,1.366
381.0,3.81,3898.014,74100000_2024-01-01 00:00:00.0_2026-12-31 00:00:00.0,2,2024-01-01 00:00:00.0,2026-12-31 00:00:00.0,628.2628,0.54,1.366
382.0,3.82,3912.017,74100000_2024-01-01 00:00:00.0_2026-12-31 00:00:00.0,2,2024-01-01 00:00:00.0,2026-12-31 00:00:00.0,628.2628,0.54,1.366
383.0,3.83,3926.032,74100000_2024-01-01 00:00:00.0_2026-12-31 00:00:00.0,2,2024-01-01 00:00:00.0,2026-12-31 00:00:00.0,628.2628,0.54,1.366
384.0,3.84,3940.061,74100000_2024-01-01 00:00:00.0_2026-12-31 00:00:00.0,2,2024-01-01 00:00:00.0,2026-12-31 00:00:00.0,628.2628,0.54,1.366
385.0,3.85,3954.103,74100000_2024-01-01 00:00:00.0_2026-12-31 00:00:00.0,2,2024-01-01 00:00:00.0,2026-12-31 00:00:00.0,628.2628,0.54,1.366
386.0,3.86,3968.159,74100000_2024-01-01 00:00:00.0_2026-12-31 00:00:00.0,2,2024-01-01 00:00:00.0,2026-12-31 00:00:00.0,628.2628,0.54,1.366
387.0,3.87,3982.228,74100000_2024-01-01 00:00:00.0_2026-12-31 00:00:00.0,2,2024-01-01 00:00:00.0,2026-12-31 00:00:00.0,628.2628,0.54,1.366
388.0,3.88,3996.311,74100000_2024-01-01 00:00:00.0_2026-12-31 00:00:00.0,2,2024-01-01 00:00:00.0,2026-12-31 00:00:00.0,628.2628,0.54,1.366
389.0,3.89,4010.407,74100000_2024-01-01 00:00:00.0_2026-12-31 00:00:00.0,2,2024-01-01 00:00:00.0,2026-12-31 00:00:00.0,628.2628,0.54,1.366
390.0,3.9,4024.516,74100000_2024-01-01 00:00:00.0_2026-12-31 00:00:00.0,2,2024-01-01 00:00:00.0,2026-12-31 00:00:00.0,628.2628,0.54,1.366
391.0,3.91,4038.638,74100000_2024-01-01 00:00:00.0_2026-12-31 00:00:00.0,2,2024-01-01 00:00:00.0,2026-12-31 00:00:00.0,628.2628,0.54,1.366
392.0,3.92,4052.773,74100000_2024-01-01 00:00:00.0_2026-12-31 00:00:00.0,2,2024-01-01 00:00:00.0,2026-12-31 00:00:00.0,628.2628,0.54,1.366
393.0,3.93,4066.922,74100000_2024-01-01 00:00:00.0_2026-12-31 00:00:00.0,2,2024-01-01 00:00:00.0,2026-12-31 00:00:00.0,628.2628,0.54,1.366
394.0,3.94,4081.084,74100000_2024-01-01 00:00:00.0_2026-12-31 00:00:00.0,2,2024-01-01 00:00:00.0,2026-12-31 00:00:00.0,628.2628,0.54,1.366
395.0,3.95,4095.259,74100000_2024-01-01 00:00:00.0_2026-12-31 00:00:00.0,2,2024-01-01 00:00:00.0,2026-12-31 00:00:00.0,628.2628,0.54,1.366
396.0,3.96,4109.448,74100000_2024-01-01 00:00:00.0_2026-12-31 00:00:00.0,2,2024-01-01 00:00:00.0,2026-12-31 00:00:00.0,628.2628,0.54,1.366
397.0,3.97,4123.649,74100000_2024-01-01 00:00:00.0_2026-12-31 00:00:00.0,2,2024-01-01 00:00:00.0,2026-12-31 00:00:00.0,628.2628,0.54,1.366
398.0,3.98,4137.864,74100000_2024-01-01 00:00:00.0_2026-12-31 00:00:00.0,2,2024-01-01 00:00:00.0,2026-12-31 00:00:00.0,628.2628,0.54,1.366
399.0,3.99,4152.091,74100000_2024-01-01 00:00:00.0_2026-12-31 00:00:00.0,2,2024-01-01 00:00:00.0,2026-12-31 00:00:00.0,628.2628,0.54,1.366
400.0,4.0,4166.332,74100000_2024-01-01 00:00:00.0_2026-12-31 00:00:00.0,2,2024-01-01 00:00:00.0,2026-12-31 00:00:00.0,628.2628,0.54,1.366
401.0,4.01,4180.586,74100000_2024-01-01 00:00:00.0_2026-12-31 00:00:00.0,2,2024-01-01 00:00:00.0,2026-12-31 00:00:00.0,628.2628,0.54,1.366
402.0,4.02,4194.853,74100000_2024-01-01 00:00:00.0_2026-12-31 00:00:00.0,2,2024-01-01 00:00:00.0,2026-12-31 00:00:00.0,628.2628,0.54,1.366
403.0,4.03,4209.132,74100000_2024-01-01 00:00:00.0_2026-12-31 00:00:00.0,2,2024-01-01 00:00:00.0,2026-12-31 00:00:00.0,628.2628,0.54,1.366
404.0,4.04,4223.425,74100000_2024-01-01 00:00:00.0_2026-12-31 00:00:00.0,2,2024-01-01 00:00:00.0,2026-12-31 00:00:00.0,628.2628,0.54,1.366
405.0,4.05,4237.731,74100000_2024-01-01 00:00:00.0_2026-12-31 00:00:00.0,2,2024-01-01 00:00:00.0,2026-12-31 00:00:00.0,628.2628,0.54,1.366
406.0,4.06,4252.05,74100000_2024-01-01 00:00:00.0_2026-12-31 00:00:00.0,2,2024-01-01 00:00:00.0,2026-12-31 00:00:00.0,628.2628,0.54,1.366
407.0,4.07,4266.381,74100000_2024-01-01 00:00:00.0_2026-12-31 00:00:00.0,2,2024-01-01 00:00:00.0,2026-12-31 00:00:00.0,628.2628,0.54,1.366
408.0,4.08,4280.726,74100000_2024-01-01 00:00:00.0_2026-12-31 00:00:00.0,2,2024-01-01 00:00:00.0,2026-12-31 00:00:00.0,628.2628,0.54,1.366
409.0,4.09,4295.083,74100000_2024-01-01 00:00:00.0_2026-12-31 00:00:00.0,2,2024-01-01 00:00:00.0,2026-12-31 00:00:00.0,628.2628,0.54,1.366
410.0,4.1,4309.454,74100000_2024-01-01 00:00:00.0_2026-12-31 00:00:00.0,2,2024-01-01 00:00:00.0,2026-12-31 00:00:00.0,628.2628,0.54,1.366
411.0,4.11,4323.837,74100000_2024-01-01 00:00:00.0_2026-12-31 00:00:00.0,2,2024-01-01 00:00:00.0,2026-12-31 00:00:00.0,628.2628,0.54,1.366
412.0,4.12,4338.233,74100000_2024-01-01 00:00:00.0_2026-12-31 00:00:00.0,2,2024-01-01 00:00:00.0,2026-12-31 00:00:00.0,628.2628,0.54,1.366
413.0,4.13,4352.642,74100000_2024-01-01 00:00:00.0_2026-12-31 00:00:00.0,2,2024-01-01 00:00:00.0,2026-12-31 00:00:00.0,628.2628,0.54,1.366
414.0,4.14,4367.064,74100000_2024-01-01 00:00:00.0_2026-12-31 00:00:00.0,2,2024-01-01 00:00:00.0,2026-12-31 00:00:00.0,628.2628,0.54,1.366
415.0,4.15,4381.498,74100000_2024-01-01 00:00:00.0_2026-12-31 00:00:00.0,2,2024-01-01 00:00:00.0,2026-12-31 00:00:00.0,628.2628,0.54,1.366
416.0,4.16,4395.945,74100000_2024-01-01 00:00:00.0_2026-12-31 00:00:00.0,2,2024-01-01 00:00:00.0,2026-12-31 00:00:00.0,628.2628,0.54,1.366
417.0,4.17,4410.405,74100000_2024-01-01 00:00:00.0_2026-12-31 00:00:00.0,2,2024-01-01 00:00:00.0,2026-12-31 00:00:00.0,628.2628,0.54,1.366
418.0,4.18,4424.878,74100000_2024-01-01 00:00:00.0_2026-12-31 00:00:00.0,2,2024-01-01 00:00:00.0,2026-12-31 00:00:00.0,628.2628,0.54,1.366
419.0,4.19,4439.363,74100000_2024-01-01 00:00:00.0_2026-12-31 00:00:00.0,2,2024-01-01 00:00:00.0,2026-12-31 00:00:00.0,628.2628,0.54,1.366
420.0,4.2,4453.861,74100000_2024-01-01 00:00:00.0_2026-12-31 00:00:00.0,2,2024-01-01 00:00:00.0,2026-12-31 00:00:00.0,628.2628,0.54,1.366
421.0,4.21,4468.371,74100000_2024-01-01 00:00:00.0_2026-12-31 00:00:00.0,2,2024-01-01 00:00:00.0,2026-12-31 00:00:00.0,628.2628,0.54,1.366
422.0,4.22,4482.895,74100000_2024-01-01 00:00:00.0_2026-12-31 00:00:00.0,2,2024-01-01 00:00:00.0,2026-12-31 00:00:00.0,628.2628,0.54,1.366
423.0,4.23,4497.431,74100000_2024-01-01 00:00:00.0_2026-12-31 00:00:00.0,2,2024-01-01 00:00:00.0,2026-12-31 00:00:00.0,628.2628,0.54,1.366
424.0,4.24,4511.979,74100000_2024-01-01 00:00:00.0_2026-12-31 00:00:00.0,2,2024-01-01 00:00:00.0,2026-12-31 00:00:00.0,628.2628,0.54,1.366
425.0,4.25,4526.54,74100000_2024-01-01 00:00:00.0_2026-12-31 00:00:00.0,2,2024-01-01 00:00:00.0,2026-12-31 00:00:00.0,628.2628,0.54,1.366
426.0,4.26,4541.114,74100000_2024-01-01 00:00:00.0_2026-12-31 00:00:00.0,2,2024-01-01 00:00:00.0,2026-12-31 00:00:00.0,628.2628,0.54,1.366
427.0,4.27,4555.7,74100000_2024-01-01 00:00:00.0_2026-12-31 00:00:00.0,2,2024-01-01 00:00:00.0,2026-12-31 00:00:00.0,628.2628,0.54,1.366
428.0,4.28,4570.299,74100000_2024-01-01 00:00:00.0_2026-12-31 00:00:00.0,2,2024-01-01 00:00:00.0,2026-12-31 00:00:00.0,628.2628,0.54,1.366
429.0,4.29,4584.91,74100000_2024-01-01 00:00:00.0_2026-12-31 00:00:00.0,2,2024-01-01 00:00:00.0,2026-12-31 00:00:00.0,628.2628,0.54,1.366
430.0,4.3,4599.533,74100000_2024-01-01 00:00:00.0_2026-12-31 00:00:00.0,2,2024-01-01 00:00:00.0,2026-12-31 00:00:00.0,628.2628,0.54,1.366
431.0,4.31,4614.17,74100000_2024-01-01 00:00:00.0_2026-12-31 00:00:00.0,2,2024-01-01 00:00:00.0,2026-12-31 00:00:00.0,628.2628,0.54,1.366
432.0,4.32,4628.818,74100000_2024-01-01 00:00:00.0_2026-12-31 00:00:00.0,2,2024-01-01 00:00:00.0,2026-12-31 00:00:00.0,628.2628,0.54,1.366
433.0,4.33,4643.479,74100000_2024-01-01 00:00:00.0_2026-12-31 00:00:00.0,2,2024-01-01 00:00:00.0,2026-12-31 00:00:00.0,628.2628,0.54,1.366
434.0,4.34,4658.153,74100000_2024-01-01 00:00:00.0_2026-12-31 00:00:00.0,2,2024-01-01 00:00:00.0,2026-12-31 00:00:00.0,628.2628,0.54,1.366
435.0,4.35,4672.838,74100000_2024-01-01 00:00:00.0_2026-12-31 00:00:00.0,2,2024-01-01 00:00:00.0,2026-12-31 00:00:00.0,628.2628,0.54,1.366
436.0,4.36,4687.537,74100000_2024-01-01 00:00:00.0_2026-12-31 00:00:00.0,2,2024-01-01 00:00:00.0,2026-12-31 00:00:00.0,628.2628,0.54,1.366
437.0,4.37,4702.247,74100000_2024-01-01 00:00:00.0_2026-12-31 00:00:00.0,2,2024-01-01 00:00:00.0,2026-12-31 00:00:00.0,628.2628,0.54,1.366
438.0,4.38,4716.97,74100000_2024-01-01 00:00:00.0_2026-12-31 00:00:00.0,2,2024-01-01 00:00:00.0,2026-12-31 00:00:00.0,628.2628,0.54,1.366
439.0,4.39,4731.705,74100000_2024-01-01 00:00:00.0_2026-12-31 00:00:00.0,2,2024-01-01 00:00:00.0,2026-12-31 00:00:00.0,628.2628,0.54,1.366
440.0,4.4,4746.453,74100000_2024-01-01 00:00:00.0_2026-12-31 00:00:00.0,2,2024-01-01 00:00:00.0,2026-12-31 00:00:00.0,628.2628,0.54,1.366
441.0,4.41,4761.213,74100000_2024-01-01 00:00:00.0_2026-12-31 00:00:00.0,2,2024-01-01 00:00:00.0,2026-12-31 00:00:00.0,628.2628,0.54,1.366
442.0,4.42,4775.985,74100000_2024-01-01 00:00:00.0_2026-12-31 00:00:00.0,2,2024-01-01 00:00:00.0,2026-12-31 00:00:00.0,628.2628,0.54,1.366
443.0,4.43,4790.769,74100000_2024-01-01 00:00:00.0_2026-12-31 00:00:00.0,2,2024-01-01 00:00:00.0,2026-12-31 00:00:00.0,628.2628,0.54,1.366
444.0,4.44,4805.566,74100000_2024-01-01 00:00:00.0_2026-12-31 00:00:00.0,2,2024-01-01 00:00:00.0,2026-12-31 00:00:00.0,628.2628,0.54,1.366
445.0,4.45,4820.375,74100000_2024-01-01 00:00:00.0_2026-12-31 00:00:00.0,2,2024-01-01 00:00:00.0,2026-12-31 00:00:00.0,628.2628,0.54,1.366
446.0,4.46,4835.196,74100000_2024-01-01 00:00:00.0_2026-12-31 00:00:00.0,2,2024-01-01 00:00:00.0,2026-12-31 00:00:00.0,628.2628,0.54,1.366
447.0,4.47,4850.029,74100000_2024-01-01 00:00:00.0_2026-12-31 00:00:00.0,2,2024-01-01 00:00:00.0,2026-12-31 00:00:00.0,628.2628,0.54,1.366
448.0,4.48,4864.874,74100000_2024-01-01 00:00:00.0_2026-12-31 00:00:00.0,2,2024-01-01 00:00:00.0,2026-12-31 00:00:00.0,628.2628,0.54,1.366
449.0,4.49,4879.732,74100000_2024-01-01 00:00:00.0_2026-12-31 00:00:00.0,2,2024-01-01 00:00:00.0,2026-12-31 00:00:00.0,628.2628,0.54,1.366
450.0,4.5,4894.601,74100000_2024-01-01 00:00:00.0_2026-12-31 00:00:00.0,2,2024-01-01 00:00:00.0,2026-12-31 00:00:00.0,628.2628,0.54,1.366
451.0,4.51,4909.483,74100000_2024-01-01 00:00:00.0_2026-12-31 00:00:00.0,2,2024-01-01 00:00:00.0,2026-12-31 00:00:00.0,628.2628,0.54,1.366
452.0,4.52,4924.377,74100000_2024-01-01 00:00:00.0_2026-12-31 00:00:00.0,2,2024-01-01 00:00:00.0,2026-12-31 00:00:00.0,628.2628,0.54,1.366
453.0,4.53,4939.283,74100000_2024-01-01 00:00:00.0_2026-12-31 00:00:00.0,2,2024-01-01 00:00:00.0,2026-12-31 00:00:00.0,628.2628,0.54,1.366
454.0,4.54,4954.201,74100000_2024-01-01 00:00:00.0_2026-12-31 00:00:00.0,2,2024-01-01 00:00:00.0,2026-12-31 00:00:00.0,628.2628,0.54,1.366
455.0,4.55,4969.131,74100000_2024-01-01 00:00:00.0_2026-12-31 00:00:00.0,2,2024-01-01 00:00:00.0,2026-12-31 00:00:00.0,628.2628,0.54,1.366
456.0,4.56,4984.073,74100000_2024-01-01 00:00:00.0_2026-12-31 00:00:00.0,2,2024-01-01 00:00:00.0,2026-12-31 00:00:00.0,628.2628,0.54,1.366
457.0,4.57,4999.027,74100000_2024-01-01 00:00:00.0_2026-12-31 00:00:00.0,2,2024-01-01 00:00:00.0,2026-12-31 00:00:00.0,628.2628,0.54,1.366
457.0,4.57,3217.854,74100000_2024-01-01 00:00:00.0_2026-12-31 00:00:00.0,3,2024-01-01 00:00:00.0,2026-12-31 00:00:00.0,180.746,-0.71,1.893
458.0,4.58,3231.175,74100000_2024-01-01 00:00:00.0_2026-12-31 00:00:00.0,3,2024-01-01 00:00:00.0,2026-12-31 00:00:00.0,180.746,-0.71,1.893
459.0,4.59,3244.523,74100000_2024-01-01 00:00:00.0_2026-12-31 00:00:00.0,3,2024-01-01 00:00:00.0,2026-12-31 00:00:00.0,180.746,-0.71,1.893
460.0,4.6,3257.896,74100000_2024-01-01 00:00:00.0_2026-12-31 00:00:00.0,3,2024-01-01 00:00:00.0,2026-12-31 00:00:00.0,180.746,-0.71,1.893
461.0,4.61,3271.295,74100000_2024-01-01 00:00:00.0_2026-12-31 00:00:00.0,3,2024-01-01 00:00:00.0,2026-12-31 00:00:00.0,180.746,-0.71,1.893
462.0,4.62,3284.72,74100000_2024-01-01 00:00:00.0_2026-12-31 00:00:00.0,3,2024-01-01 00:00:00.0,2026-12-31 00:00:00.0,180.746,-0.71,1.893
463.0,4.63,3298.172,74100000_2024-01-01 00:00:00.0_2026-12-31 00:00:00.0,3,2024-01-01 00:00:00.0,2026-12-31 00:00:00.0,180.746,-0.71,1.893
464.0,4.64,3311.649,74100000_2024-01-01 00:00:00.0_2026-12-31 00:00:00.0,3,2024-01-01 00:00:00.0,2026-12-31 00:00:00.0,180.746,-0.71,1.893
465.0,4.65,3325.152,74100000_2024-01-01 00:00:00.0_2026-12-31 00:00:00.0,3,2024-01-01 00:00:00.0,2026-12-31 00:00:00.0,180.746,-0.71,1.893
466.0,4.66,3338.681,74100000_2024-01-01 00:00:00.0_2026-12-31 00:00:00.0,3,2024-01-01 00:00:00.0,2026-12-31 00:00:00.0,180.746,-0.71,1.893
467.0,4.67,3352.235,74100000_2024-01-01 00:00:00.0_2026-12-31 00:00:00.0,3,2024-01-01 00:00:00.0,2026-12-31 00:00:00.0,180.746,-0.71,1.893
468.0,4.68,3365.816,74100000_2024-01-01 00:00:00.0_2026-12-31 00:00:00.0,3,2024-01-01 00:00:00.0,2026-12-31 00:00:00.0,180.746,-0.71,1.893
469.0,4.69,3379.423,74100000_2024-01-01 00:00:00.0_2026-12-31 00:00:00.0,3,2024-01-01 00:00:00.0,2026-12-31 00:00:00.0,180.746,-0.71,1.893
470.0,4.7,3393.055,74100000_2024-01-01 00:00:00.0_2026-12-31 00:00:00.0,3,2024-01-01 00:00:00.0,2026-12-31 00:00:00.0,180.746,-0.71,1.893
471.0,4.71,3406.714,74100000_2024-01-01 00:00:00.0_2026-12-31 00:00:00.0,3,2024-01-01 00:00:00.0,2026-12-31 00:00:00.0,180.746,-0.71,1.893
472.0,4.72,3420.398,74100000_2024-01-01 00:00:00.0_2026-12-31 00:00:00.0,3,2024-01-01 00:00:00.0,2026-12-31 00:00:00.0,180.746,-0.71,1.893
473.0,4.73,3434.108,74100000_2024-01-01 00:00:00.0_2026-12-31 00:00:00.0,3,2024-01-01 00:00:00.0,2026-12-31 00:00:00.0,180.746,-0.71,1.893
474.0,4.74,3447.844,74100000_2024-01-01 00:00:00.0_2026-12-31 00:00:00.0,3,2024-01-01 00:00:00.0,2026-12-31 00:00:00.0,180.746,-0.71,1.893
475.0,4.75,3461.606,74100000_2024-01-01 00:00:00.0_2026-12-31 00:00:00.0,3,2024-01-01 00:00:00.0,2026-12-31 00:00:00.0,180.746,-0.71,1.893
476.0,4.76,3475.394,74100000_2024-01-01 00:00:00.0_2026-12-31 00:00:00.0,3,2024-01-01 00:00:00.0,2026-12-31 00:00:00.0,180.746,-0.71,1.893
477.0,4.77,3489.207,74100000_2024-01-01 00:00:00.0_2026-12-31 00:00:00.0,3,2024-01-01 00:00:00.0,2026-12-31 00:00:00.0,180.746,-0.71,1.893
478.0,4.78,3503.047,74100000_2024-01-01 00:00:00.0_2026-12-31 00:00:00.0,3,2024-01-01 00:00:00.0,2026-12-31 00:00:00.0,180.746,-0.71,1.893
479.0,4.79,3516.912,74100000_2024-01-01 00:00:00.0_2026-12-31 00:00:00.0,3,2024-01-01 00:00:00.0,2026-12-31 00:00:00.0,180.746,-0.71,1.893
480.0,4.8,3530.803,74100000_2024-01-01 00:00:00.0_2026-12-31 00:00:00.0,3,2024-01-01 00:00:00.0,2026-12-31 00:00:00.0,180.746,-0.71,1.893
481.0,4.81,3544.72,74100000_2024-01-01 00:00:00.0_2026-12-31 00:00:00.0,3,2024-01-01 00:00:00.0,2026-12-31 00:00:00.0,180.746,-0.71,1.893
482.0,4.82,3558.663,74100000_2024-01-01 00:00:00.0_2026-12-31 00:00:00.0,3,2024-01-01 00:00:00.0,2026-12-31 00:00:00.0,180.746,-0.71,1.893
483.0,4.83,3572.632,74100000_2024-01-01 00:00:00.0_2026-12-31 00:00:00.0,3,2024-01-01 00:00:00.0,2026-12-31 00:00:00.0,180.746,-0.71,1.893
484.0,4.84,3586.626,74100000_2024-01-01 00:00:00.0_2026-12-31 00:00:00.0,3,2024-01-01 00:00:00.0,2026-12-31 00:00:00.0,180.746,-0.71,1.893
485.0,4.85,3600.646,74100000_2024-01-01 00:00:00.0_2026-12-31 00:00:00.0,3,2024-01-01 00:00:00.0,2026-12-31 00:00:00.0,180.746,-0.71,1.893
486.0,4.86,3614.692,74100000_2024-01-01 00:00:00.0_2026-12-31 00:00:00.0,3,2024-01-01 00:00:00.0,2026-12-31 00:00:00.0,180.746,-0.71,1.893
487.0,4.87,3628.764,74100000_2024-01-01 00:00:00.0_2026-12-31 00:00:00.0,3,2024-01-01 00:00:00.0,2026-12-31 00:00:00.0,180.746,-0.71,1.893
488.0,4.88,3642.862,74100000_2024-01-01 00:00:00.0_2026-12-31 00:00:00.0,3,2024-01-01 00:00:00.0,2026-12-31 00:00:00.0,180.746,-0.71,1.893
489.0,4.89,3656.985,74100000_2024-01-01 00:00:00.0_2026-12-31 00:00:00.0,3,2024-01-01 00:00:00.0,2026-12-31 00:00:00.0,180.746,-0.71,1.893
490.0,4.9,3671.134,74100000_2024-01-01 00:00:00.0_2026-12-31 00:00:00.0,3,2024-01-01 00:00:00.0,2026-12-31 00:00:00.0,180.746,-0.71,1.893
491.0,4.91,3685.309,74100000_2024-01-01 00:00:00.0_2026-12-31 00:00:00.0,3,2024-01-01 00:00:00.0,2026-12-31 00:00:00.0,180.746,-0.71,1.893
492.0,4.92,3699.51,74100000_2024-01-01 00:00:00.0_2026-12-31 00:00:00.0,3,2024-01-01 00:00:00.0,2026-12-31 00:00:00.0,180.746,-0.71,1.893
493.0,4.93,3713.736,74100000_2024-01-01 00:00:00.0_2026-12-31 00:00:00.0,3,2024-01-01 00:00:00.0,2026-12-31 00:00:00.0,180.746,-0.71,1.893
494.0,4.94,3727.988,74100000_2024-01-01 00:00:00.0_2026-12-31 00:00:00.0,3,2024-01-01 00:00:00.0,2026-12-31 00:00:00.0,180.746,-0.71,1.893
495.0,4.95,3742.266,74100000_2024-01-01 00:00:00.0_2026-12-31 00:00:00.0,3,2024-01-01 00:00:00.0,2026-12-31 00:00:00.0,180.746,-0.71,1.893
496.0,4.96,3756.57,74100000_2024-01-01 00:00:00.0_2026-12-31 00:00:00.0,3,2024-01-01 00:00:00.0,2026-12-31 00:00:00.0,180.746,-0.71,1.893
497.0,4.97,3770.899,74100000_2024-01-01 00:00:00.0_2026-12-31 00:00:00.0,3,2024-01-01 00:00:00.0,2026-12-31 00:00:00.0,180.746,-0.71,1.893
498.0,4.98,3785.255,74100000_2024-01-01 00:00:00.0_2026-12-31 00:00:00.0,3,2024-01-01 00:00:00.0,2026-12-31 00:00:00.0,180.746,-0.71,1.893
499.0,4.99,3799.636,74100000_2024-01-01 00:00:00.0_2026-12-31 00:00:00.0,3,2024-01-01 00:00:00.0,2026-12-31 00:00:00.0,180.746,-0.71,1.893
500.0,5.0,3814.042,74100000_2024-01-01 00:00:00.0_2026-12-31 00:00:00.0,3,2024-01-01 00:00:00.0,2026-12-31 00:00:00.0,180.746,-0.71,1.893
501.0,5.01,3828.475,74100000_2024-01-01 00:00:00.0_2026-12-31 00:00:00.0,3,2024-01-01 00:00:00.0,2026-12-31 00:00:00.0,180.746,-0.71,1.893
502.0,5.02,3842.933,74100000_2024-01-01 00:00:00.0_2026-12-31 00:00:00.0,3,2024-01-01 00:00:00.0,2026-12-31 00:00:00.0,180.746,-0.71,1.893
503.0,5.03,3857.416,74100000_2024-01-01 00:00:00.0_2026-12-31 00:00:00.0,3,2024-01-01 00:00:00.0,2026-12-31 00:00:00.0,180.746,-0.71,1.893
504.0,5.04,3871.926,74100000_2024-01-01 00:00:00.0_2026-12-31 00:00:00.0,3,2024-01-01 00:00:00.0,2026-12-31 00:00:00.0,180.746,-0.71,1.893
505.0,5.05,3886.461,74100000_2024-01-01 00:00:00.0_2026-12-31 00:00:00.0,3,2024-01-01 00:00:00.0,2026-12-31 00:00:00.0,180.746,-0.71,1.893
506.0,5.06,3901.022,74100000_2024-01-01 00:00:00.0_2026-12-31 00:00:00.0,3,2024-01-01 00:00:00.0,2026-12-31 00:00:00.0,180.746,-0.71,1.893
507.0,5.07,3915.608,74100000_2024-01-01 00:00:00.0_2026-12-31 00:00:00.0,3,2024-01-01 00:00:00.0,2026-12-31 00:00:00.0,180.746,-0.71,1.893
508.0,5.08,3930.221,74100000_2024-01-01 00:00:00.0_2026-12-31 00:00:00.0,3,2024-01-01 00:00:00.0,2026-12-31 00:00:00.0,180.746,-0.71,1.893
509.0,5.09,3944.858,74100000_2024-01-01 00:00:00.0_2026-12-31 00:00:00.0,3,2024-01-01 00:00:00.0,2026-12-31 00:00:00.0,180.746,-0.71,1.893
510.0,5.1,3959.522,74100000_2024-01-01 00:00:00.0_2026-12-31 00:00:00.0,3,2024-01-01 00:00:00.0,2026-12-31 00:00:00.0,180.746,-0.71,1.893
511.0,5.11,3974.211,74100000_2024-01-01 00:00:00.0_2026-12-31 00:00:00.0,3,2024-01-01 00:00:00.0,2026-12-31 00:00:00.0,180.746,-0.71,1.893
512.0,5.12,3988.926,74100000_2024-01-01 00:00:00.0_2026-12-31 00:00:00.0,3,2024-01-01 00:00:00.0,2026-12-31 00:00:00.0,180.746,-0.71,1.893
513.0,5.13,4003.667,74100000_2024-01-01 00:00:00.0_2026-12-31 00:00:00.0,3,2024-01-01 00:00:00.0,2026-12-31 00:00:00.0,180.746,-0.71,1.893
514.0,5.14,4018.433,74100000_2024-01-01 00:00:00.0_2026-12-31 00:00:00.0,3,2024-01-01 00:00:00.0,2026-12-31 00:00:00.0,180.746,-0.71,1.893
515.0,5.15,4033.225,74100000_2024-01-01 00:00:00.0_2026-12-31 00:00:00.0,3,2024-01-01 00:00:00.0,2026-12-31 00:00:00.0,180.746,-0.71,1.893
516.0,5.16,4048.042,74100000_2024-01-01 00:00:00.0_2026-12-31 00:00:00.0,3,2024-01-01 00:00:00.0,2026-12-31 00:00:00.0,180.746,-0.71,1.893
517.0,5.17,4062.885,74100000_2024-01-01 00:00:00.0_2026-12-31 00:00:00.0,3,2024-01-01 00:00:00.0,2026-12-31 00:00:00.0,180.746,-0.71,1.893
518.0,5.18,4077.754,74100000_2024-01-01 00:00:00.0_2026-12-31 00:00:00.0,3,2024-01-01 00:00:00.0,2026-12-31 00:00:00.0,180.746,-0.71,1.893
519.0,5.19,4092.648,74100000_2024-01-01 00:00:00.0_2026-12-31 00:00:00.0,3,2024-01-01 00:00:00.0,2026-12-31 00:00:00.0,180.746,-0.71,1.893
520.0,5.2,4107.568,74100000_2024-01-01 00:00:00.0_2026-12-31 00:00:00.0,3,2024-01-01 00:00:00.0,2026-12-31 00:00:00.0,180.746,-0.71,1.893
521.0,5.21,4122.514,74100000_2024-01-01 00:00:00.0_2026-12-31 00:00:00.0,3,2024-01-01 00:00:00.0,2026-12-31 00:00:00.0,180.746,-0.71,1.893
522.0,5.22,4137.485,74100000_2024-01-01 00:00:00.0_2026-12-31 00:00:00.0,3,2024-01-01 00:00:00.0,2026-12-31 00:00:00.0,180.746,-0.71,1.893
523.0,5.23,4152.481,74100000_2024-01-01 00:00:00.0_2026-12-31 00:00:00.0,3,2024-01-01 00:00:00.0,2026-12-31 00:00:00.0,180.746,-0.71,1.893
524.0,5.24,4167.504,74100000_2024-01-01 00:00:00.0_2026-12-31 00:00:00.0,3,2024-01-01 00:00:00.0,2026-12-31 00:00:00.0,180.746,-0.71,1.893
525.0,5.25,4182.552,74100000_2024-01-01 00:00:00.0_2026-12-31 00:00:00.0,3,2024-01-01 00:00:00.0,2026-12-31 00:00:00.0,180.746,-0.71,1.893
526.0,5.26,4197.625,74100000_2024-01-01 00:00:00.0_2026-12-31 00:00:00.0,3,2024-01-01 00:00:00.0,2026-12-31 00:00:00.0,180.746,-0.71,1.893
527.0,5.27,4212.724,74100000_2024-01-01 00:00:00.0_2026-12-31 00:00:00.0,3,2024-01-01 00:00:00.0,2026-12-31 00:00:00.0,180.746,-0.71,1.893
528.0,5.28,4227.849,74100000_2024-01-01 00:00:00.0_2026-12-31 00:00:00.0,3,2024-01-01 00:00:00.0,2026-12-31 00:00:00.0,180.746,-0.71,1.893
529.0,5.29,4242.999,74100000_2024-01-01 00:00:00.0_2026-12-31 00:00:00.0,3,2024-01-01 00:00:00.0,2026-12-31 00:00:00.0,180.746,-0.71,1.893
530.0,5.3,4258.175,74100000_2024-01-01 00:00:00.0_2026-12-31 00:00:00.0,3,2024-01-01 00:00:00.0,2026-12-31 00:00:00.0,180.746,-0.71,1.893
531.0,5.31,4273.376,74100000_2024-01-01 00:00:00.0_2026-12-31 00:00:00.0,3,2024-01-01 00:00:00.0,2026-12-31 00:00:00.0,180.746,-0.71,1.893
532.0,5.32,4288.603,74100000_2024-01-01 00:00:00.0_2026-12-31 00:00:00.0,3,2024-01-01 00:00:00.0,2026-12-31 00:00:00.0,180.746,-0.71,1.893
533.0,5.33,4303.856,74100000_2024-01-01 00:00:00.0_2026-12-31 00:00:00.0,3,2024-01-01 00:00:00.0,2026-12-31 00:00:00.0,180.746,-0.71,1.893
534.0,5.34,4319.134,74100000_2024-01-01 00:00:00.0_2026-12-31 00:00:00.0,3,2024-01-01 00:00:00.0,2026-12-31 00:00:00.0,180.746,-0.71,1.893
535.0,5.35,4334.437,74100000_2024-01-01 00:00:00.0_2026-12-31 00:00:00.0,3,2024-01-01 00:00:00.0,2026-12-31 00:00:00.0,180.746,-0.71,1.893
536.0,5.36,4349.766,74100000_2024-01-01 00:00:00.0_2026-12-31 00:00:00.0,3,2024-01-01 00:00:00.0,2026-12-31 00:00:00.0,180.746,-0.71,1.893
537.0,5.37,4365.121,74100000_2024-01-01 00:00:00.0_2026-12-31 00:00:00.0,3,2024-01-01 00:00:00.0,2026-12-31 00:00:00.0,180.746,-0.71,1.893
538.0,5.38,4380.501,74100000_2024-01-01 00:00:00.0_2026-12-31 00:00:00.0,3,2024-01-01 00:00:00.0,2026-12-31 00:00:00.0,180.746,-0.71,1.893
539.0,5.39,4395.907,74100000_2024-01-01 00:00:00.0_2026-12-31 00:00:00.0,3,2024-01-01 00:00:00.0,2026-12-31 00:00:00.0,180.746,-0.71,1.893
540.0,5.4,4411.338,74100000_2024-01-01 00:00:00.0_2026-12-31 00:00:00.0,3,2024-01-01 00:00:00.0,2026-12-31 00:00:00.0,180.746,-0.71,1.893
541.0,5.41,4426.794,74100000_2024-01-01 00:00:00.0_2026-12-31 00:00:00.0,3,2024-01-01 00:00:00.0,2026-12-31 00:00:00.0,180.746,-0.71,1.893
542.0,5.42,4442.276,74100000_2024-01-01 00:00:00.0_2026-12-31 00:00:00.0,3,2024-01-01 00:00:00.0,2026-12-31 00:00:00.0,180.746,-0.71,1.893
543.0,5.43,4457.784,74100000_2024-01-01 00:00:00.0_2026-12-31 00:00:00.0,3,2024-01-01 00:00:00.0,2026-12-31 00:00:00.0,180.746,-0.71,1.893
544.0,5.44,4473.317,74100000_2024-01-01 00:00:00.0_2026-12-31 00:00:00.0,3,2024-01-01 00:00:00.0,2026-12-31 00:00:00.0,180.746,-0.71,1.893
545.0,5.45,4488.876,74100000_2024-01-01 00:00:00.0_2026-12-31 00:00:00.0,3,2024-01-01 00:00:00.0,2026-12-31 00:00:00.0,180.746,-0.71,1.893
546.0,5.46,4504.46,74100000_2024-01-01 00:00:00.0_2026-12-31 00:00:00.0,3,2024-01-01 00:00:00.0,2026-12-31 00:00:00.0,180.746,-0.71,1.893
547.0,5.47,4520.07,74100000_2024-01-01 00:00:00.0_2026-12-31 00:00:00.0,3,2024-01-01 00:00:00.0,2026-12-31 00:00:00.0,180.746,-0.71,1.893
548.0,5.48,4535.705,74100000_2024-01-01 00:00:00.0_2026-12-31 00:00:00.0,3,2024-01-01 00:00:00.0,2026-12-31 00:00:00.0,180.746,-0.71,1.893
549.0,5.49,4551.365,74100000_2024-01-01 00:00:00.0_2026-12-31 00:00:00.0,3,2024-01-01 00:00:00.0,2026-12-31 00:00:00.0,180.746,-0.71,1.893
550.0,5.5,4567.051,74100000_2024-01-01 00:00:00.0_2026-12-31 00:00:00.0,3,2024-01-01 00:00:00.0,2026-12-31 00:00:00.0,180.746,-0.71,1.893
551.0,5.51,4582.762,74100000_2024-01-01 00:00:00.0_2026-12-31 00:00:00.0,3,2024-01-01 00:00:00.0,2026-12-31 00:00:00.0,180.746,-0.71,1.893
552.0,5.52,4598.499,74100000_2024-01-01 00:00:00.0_2026-12-31 00:00:00.0,3,2024-01-01 00:00:00.0,2026-12-31 00:00:00.0,180.746,-0.71,1.893
553.0,5.53,4614.262,74100000_2024-01-01 00:00:00.0_2026-12-31 00:00:00.0,3,2024-01-01 00:00:00.0,2026-12-31 00:00:00.0,180.746,-0.71,1.893
554.0,5.54,4630.049,74100000_2024-01-01 00:00:00.0_2026-12-31 00:00:00.0,3,2024-01-01 00:00:00.0,2026-12-31 00:00:00.0,180.746,-0.71,1.893
555.0,5.55,4645.863,74100000_2024-01-01 00:00:00.0_2026-12-31 00:00:00.0,3,2024-01-01 00:00:00.0,2026-12-31 00:00:00.0,180.746,-0.71,1.893
556.0,5.56,4661.701,74100000_2024-01-01 00:00:00.0_2026-12-31 00:00:00.0,3,2024-01-01 00:00:00.0,2026-12-31 00:00:00.0,180.746,-0.71,1.893
557.0,5.57,4677.565,74100000_2024-01-01 00:00:00.0_2026-12-31 00:00:00.0,3,2024-01-01 00:00:00.0,2026-12-31 00:00:00.0,180.746,-0.71,1.893
558.0,5.58,4693.455,74100000_2024-01-01 00:00:00.0_2026-12-31 00:00:00.0,3,2024-01-01 00:00:00.0,2026-12-31 00:00:00.0,180.746,-0.71,1.893
559.0,5.59,4709.37,74100000_2024-01-01 00:00:00.0_2026-12-31 00:00:00.0,3,2024-01-01 00:00:00.0,2026-12-31 00:00:00.0,180.746,-0.71,1.893
560.0,5.6,4725.31,74100000_2024-01-01 00:00:00.0_2026-12-31 00:00:00.0,3,2024-01-01 00:00:00.0,2026-12-31 00:00:00.0,180.746,-0.71,1.893
561.0,5.61,4741.276,74100000_2024-01-01 00:00:00.0_2026-12-31 00:00:00.0,3,2024-01-01 00:00:00.0,2026-12-31 00:00:00.0,180.746,-0.71,1.893
562.0,5.62,4757.267,74100000_2024-01-01 00:00:00.0_2026-12-31 00:00:00.0,3,2024-01-01 00:00:00.0,2026-12-31 00:00:00.0,180.746,-0.71,1.893
563.0,5.63,4773.283,74100000_2024-01-01 00:00:00.0_2026-12-31 00:00:00.0,3,2024-01-01 00:00:00.0,2026-12-31 00:00:00.0,180.746,-0.71,1.893
564.0,5.64,4789.325,74100000_2024-01-01 00:00:00.0_2026-12-31 00:00:00.0,3,2024-01-01 00:00:00.0,2026-12-31 00:00:00.0,180.746,-0.71,1.893
565.0,5.65,4805.392,74100000_2024-01-01 00:00:00.0_2026-12-31 00:00:00.0,3,2024-01-01 00:00:00.0,2026-12-31 00:00:00.0,180.746,-0.71,1.893
566.0,5.66,4821.485,74100000_2024-01-01 00:00:00.0_2026-12-31 00:00:00.0,3,2024-01-01 00:00:00.0,2026-12-31 00:00:00.0,180.746,-0.71,1.893
567.0,5.67,4837.603,74100000_2024-01-01 00:00:00.0_2026-12-31 00:00:00.0,3,2024-01-01 00:00:00.0,2026-12-31 00:00:00.0,180.746,-0.71,1.893
568.0,5.68,4853.747,74100000_2024-01-01 00:00:00.0_2026-12-31 00:00:00.0,3,2024-01-01 00:00:00.0,2026-12-31 00:00:00.0,180.746,-0.71,1.893
569.0,5.69,4869.915,74100000_2024-01-01 00:00:00.0_2026-12-31 00:00:00.0,3,2024-01-01 00:00:00.0,2026-12-31 00:00:00.0,180.746,-0.71,1.893
570.0,5.7,4886.11,74100000_2024-01-01 00:00:00.0_2026-12-31 00:00:00.0,3,2024-01-01 00:00:00.0,2026-12-31 00:00:00.0,180.746,-0.71,1.893
571.0,5.71,4902.329,74100000_2024-01-01 00:00:00.0_2026-12-31 00:00:00.0,3,2024-01-01 00:00:00.0,2026-12-31 00:00:00.0,180.746,-0.71,1.893
572.0,5.72,4918.574,74100000_2024-01-01 00:00:00.0_2026-12-31 00:00:00.0,3,2024-01-01 00:00:00.0,2026-12-31 00:00:00.0,180.746,-0.71,1.893
573.0,5.73,4934.844,74100000_2024-01-01 00:00:00.0_2026-12-31 00:00:00.0,3,2024-01-01 00:00:00.0,2026-12-31 00:00:00.0,180.746,-0.71,1.893
574.0,5.74,4951.14,74100000_2024-01-01 00:00:00.0_2026-12-31 00:00:00.0,3,2024-01-01 00:00:00.0,2026-12-31 00:00:00.0,180.746,-0.71,1.893
575.0,5.75,4967.461,74100000_2024-01-01 00:00:00.0_2026-12-31 00:00:00.0,3,2024-01-01 00:00:00.0,2026-12-31 00:00:00.0,180.746,-0.71,1.893
576.0,5.76,4983.807,74100000_2024-01-01 00:00:00.0_2026-12-31 00:00:00.0,3,2024-01-01 00:00:00.0,2026-12-31 00:00:00.0,180.746,-0.71,1.893
577.0,5.77,5000.178,74100000_2024-01-01 00:00:00.0_2026-12-31 00:00:00.0,3,2024-01-01 00:00:00.0,2026-12-31 00:00:00.0,180.746,-0.71,1.893
578.0,5.78,5016.575,74100000_2024-01-01 00:00:00.0_2026-12-31 00:00:00.0,3,2024-01-01 00:00:00.0,2026-12-31 00:00:00.0,180.746,-0.71,1.893
579.0,5.79,5032.998,74100000_2024-01-01 00:00:00.0_2026-12-31 00:00:00.0,3,2024-01-01 00:00:00.0,2026-12-31 00:00:00.0,180.746,-0.71,1.893
580.0,5.8,5049.445,74100000_2024-01-01 00:00:00.0_2026-12-31 00:00:00.0,3,2024-01-01 00:00:00.0,2026-12-31 00:00:00.0,180.746,-0.71,1.893
581.0,5.81,5065.918,74100000_2024-01-01 00:00:00.0_2026-12-31 00:00:00.0,3,2024-01-01 00:00:00.0,2026-12-31 00:00:00.0,180.746,-0.71,1.893
582.0,5.82,5082.416,74100000_2024-01-01 00:00:00.0_2026-12-31 00:00:00.0,3,2024-01-01 00:00:00.0,2026-12-31 00:00:00.0,180.746,-0.71,1.893
583.0,5.83,5098.94,74100000_2024-01-01 00:00:00.0_2026-12-31 00:00:00.0,3,2024-01-01 00:00:00.0,2026-12-31 00:00:00.0,180.746,-0.71,1.893
584.0,5.84,5115.488,74100000_2024-01-01 00:00:00.0_2026-12-31 00:00:00.0,3,2024-01-01 00:00:00.0,2026-12-31 00:00:00.0,180.746,-0.71,1.893
585.0,5.85,5132.062,74100000_2024-01-01 00:00:00.0_2026-12-31 00:00:00.0,3,2024-01-01 00:00:00.0,2026-12-31 00:00:00.0,180.746,-0.71,1.893
586.0,5.86,5148.662,74100000_2024-01-01 00:00:00.0_2026-12-31 00:00:00.0,3,2024-01-01 00:00:00.0,2026-12-31 00:00:00.0,180.746,-0.71,1.893
587.0,5.87,5165.286,74100000_2024-01-01 00:00:00.0_2026-12-31 00:00:00.0,3,2024-01-01 00:00:00.0,2026-12-31 00:00:00.0,180.746,-0.71,1.893
588.0,5.88,5181.936,74100000_2024-01-01 00:00:00.0_2026-12-31 00:00:00.0,3,2024-01-01 00:00:00.0,2026-12-31 00:00:00.0,180.746,-0.71,1.893
589.0,5.89,5198.611,74100000_2024-01-01 00:00:00.0_2026-12-31 00:00:00.0,3,2024-01-01 00:00:00.0,2026-12-31 00:00:00.0,180.746,-0.71,1.893
590.0,5.9,5215.312,74100000_2024-01-01 00:00:00.0_2026-12-31 00:00:00.0,3,2024-01-01 00:00:00.0,2026-12-31 00:00:00.0,180.746,-0.71,1.893
591.0,5.91,5232.038,74100000_2024-01-01 00:00:00.0_2026-12-31 00:00:00.0,3,2024-01-01 00:00:00.0,2026-12-31 00:00:00.0,180.746,-0.71,1.893
592.0,5.92,5248.789,74100000_2024-01-01 00:00:00.0_2026-12-31 00:00:00.0,3,2024-01-01 00:00:00.0,2026-12-31 00:00:00.0,180.746,-0.71,1.893
593.0,5.93,5265.565,74100000_2024-01-01 00:00:00.0_2026-12-31 00:00:00.0,3,2024-01-01 00:00:00.0,2026-12-31 00:00:00.0,180.746,-0.71,1.893
594.0,5.94,5282.366,74100000_2024-01-01 00:00:00.0_2026-12-31 00:00:00.0,3,2024-01-01 00:00:00.0,2026-12-31 00:00:00.0,180.746,-0.71,1.893
595.0,5.95,5299.193,74100000_2024-01-01 00:00:00.0_2026-12-31 00:00:00.0,3,2024-01-01 00:00:00.0,2026-12-31 00:00:00.0,180.746,-0.71,1.893
596.0,5.96,5316.045,74100000_2024-01-01 00:00:00.0_2026-12-31 00:00:00.0,3,2024-01-01 00:00:00.0,2026-12-31 00:00:00.0,180.746,-0.71,1.893
597.0,5.97,5332.922,74100000_2024-01-01 00:00:00.0_2026-12-31 00:00:00.0,3,2024-01-01 00:00:00.0,2026-12-31 00:00:00.0,180.746,-0.71,1.893
598.0,5.98,5349.825,74100000_2024-01-01 00:00:00.0_2026-12-31 00:00:00.0,3,2024-01-01 00:00:00.0,2026-12-31 00:00:00.0,180.746,-0.71,1.893
599.0,5.99,5366.752,74100000_2024-01-01 00:00:00.0_2026-12-31 00:00:00.0,3,2024-01-01 00:00:00.0,2026-12-31 00:00:00.0,180.746,-0.71,1.893
600.0,6.0,5383.705,74100000_2024-01-01 00:00:00.0_2026-12-31 00:00:00.0,3,2024-01-01 00:00:00.0,2026-12-31 00:00:00.0,180.746,-0.71,1.893
601.0,6.01,5400.683,74100000_2024-01-01 00:00:00.0_2026-12-31 00:00:00.0,3,2024-01-01 00:00:00.0,2026-12-31 00:00:00.0,180.746,-0.71,1.893
602.0,6.02,5417.687,74100000_2024-01-01 00:00:00.0_2026-12-31 00:00:00.0,3,2024-01-01 00:00:00.0,2026-12-31 00:00:00.0,180.746,-0.71,1.893
603.0,6.03,5434.715,74100000_2024-01-01 00:00:00.0_2026-12-31 00:00:00.0,3,2024-01-01 00:00:00.0,2026-12-31 00:00:00.0,180.746,-0.71,1.893
604.0,6.04,5451.769,74100000_2024-01-01 00:00:00.0_2026-12-31 00:00:00.0,3,2024-01-01 00:00:00.0,2026-12-31 00:00:00.0,180.746,-0.71,1.893
605.0,6.05,5468.848,74100000_2024-01-01 00:00:00.0_2026-12-31 00:00:00.0,3,2024-01-01 00:00:00.0,2026-12-31 00:00:00.0,180.746,-0.71,1.893
606.0,6.06,5485.952,74100000_2024-01-01 00:00:00.0_2026-12-31 00:00:00.0,3,2024-01-01 00:00:00.0,2026-12-31 00:00:00.0,180.746,-0.71,1.893
607.0,6.07,5503.082,74100000_2024-01-01 00:00:00.0_2026-12-31 00:00:00.0,3,2024-01-01 00:00:00.0,2026-12-31 00:00:00.0,180.746,-0.71,1.893
608.0,6.08,5520.236,74100000_2024-01-01 00:00:00.0_2026-12-31 00:00:00.0,3,2024-01-01 00:00:00.0,2026-12-31 00:00:00.0,180.746,-0.71,1.893
609.0,6.09,5537.416,74100000_2024-01-01 00:00:00.0_2026-12-31 00:00:00.0,3,2024-01-01 00:00:00.0,2026-12-31 00:00:00.0,180.746,-0.71,1.893
610.0,6.1,5554.621,74100000_2024-01-01 00:00:00.0_2026-12-31 00:00:00.0,3,2024-01-01 00:00:00.0,2026-12-31 00:00:00.0,180.746,-0.71,1.893
611.0,6.11,5571.851,74100000_2024-01-01 00:00:00.0_2026-12-31 00:00:00.0,3,2024-01-01 00:00:00.0,2026-12-31 00:00:00.0,180.746,-0.71,1.893
612.0,6.12,5589.106,74100000_2024-01-01 00:00:00.0_2026-12-31 00:00:00.0,3,2024-01-01 00:00:00.0,2026-12-31 00:00:00.0,180.746,-0.71,1.893
613.0,6.13,5606.386,74100000_2024-01-01 00:00:00.0_2026-12-31 00:00:00.0,3,2024-01-01 00:00:00.0,2026-12-31 00:00:00.0,180.746,-0.71,1.893
614.0,6.14,5623.692,74100000_2024-01-01 00:00:00.0_2026-12-31 00:00:00.0,3,2024-01-01 00:00:00.0,2026-12-31 00:00:00.0,180.746,-0.71,1.893
615.0,6.15,5641.023,74100000_2024-01-01 00:00:00.0_2026-12-31 00:00:00.0,3,2024-01-01 00:00:00.0,2026-12-31 00:00:00.0,180.746,-0.71,1.893
616.0,6.16,5658.379,74100000_2024-01-01 00:00:00.0_2026-12-31 00:00:00.0,3,2024-01-01 00:00:00.0,2026-12-31 00:00:00.0,180.746,-0.71,1.893
617.0,6.17,5675.76,74100000_2024-01-01 00:00:00.0_2026-12-31 00:00:00.0,3,2024-01-01 00:00:00.0,2026-12-31 00:00:00.0,180.746,-0.71,1.893
618.0,6.18,5693.166,74100000_2024-01-01 00:00:00.0_2026-12-31 00:00:00.0,3,2024-01-01 00:00:00.0,2026-12-31 00:00:00.0,180.746,-0.71,1.893
619.0,6.19,5710.597,74100000_2024-01-01 00:00:00.0_2026-12-31 00:00:00.0,3,2024-01-01 00:00:00.0,2026-12-31 00:00:00.0,180.746,-0.71,1.893
620.0,6.2,5728.054,74100000_2024-01-01 00:00:00.0_2026-12-31 00:00:00.0,3,2024-01-01 00:00:00.0,2026-12-31 00:00:00.0,180.746,-0.71,1.893
621.0,6.21,5745.535,74100000_2024-01-01 00:00:00.0_2026-12-31 00:00:00.0,3,2024-01-01 00:00:00.0,2026-12-31 00:00:00.0,180.746,-0.71,1.893
622.0,6.22,5763.042,74100000_2024-01-01 00:00:00.0_2026-12-31 00:00:00.0,3,2024-01-01 00:00:00.0,2026-12-31 00:00:00.0,180.746,-0.71,1.893
623.0,6.23,5780.574,74100000_2024-01-01 00:00:00.0_2026-12-31 00:00:00.0,3,2024-01-01 00:00:00.0,2026-12-31 00:00:00.0,180.746,-0.71,1.893
624.0,6.24,5798.131,74100000_2024-01-01 00:00:00.0_2026-12-31 00:00:00.0,3,2024-01-01 00:00:00.0,2026-12-31 00:00:00.0,180.746,-0.71,1.893
625.0,6.25,5815.713,74100000_2024-01-01 00:00:00.0_2026-12-31 00:00:00.0,3,2024-01-01 00:00:00.0,2026-12-31 00:00:00.0,180.746,-0.71,1.893
626.0,6.26,5833.32,74100000_2024-01-01 00:00:00.0_2026-12-31 00:00:00.0,3,2024-01-01 00:00:00.0,2026-12-31 00:00:00.0,180.746,-0.71,1.893
627.0,6.27,5850.952,74100000_2024-01-01 00:00:00.0_2026-12-31 00:00:00.0,3,2024-01-01 00:00:00.0,2026-12-31 00:00:00.0,180.746,-0.71,1.893
628.0,6.28,5868.61,74100000_2024-01-01 00:00:00.0_2026-12-31 00:00:00.0,3,2024-01-01 00:00:00.0,2026-12-31 00:00:00.0,180.746,-0.71,1.893
629.0,6.29,5886.292,74100000_2024-01-01 00:00:00.0_2026-12-31 00:00:00.0,3,2024-01-01 00:00:00.0,2026-12-31 00:00:00.0,180.746,-0.71,1.893
630.0,6.3,5904.0,74100000_2024-01-01 00:00:00.0_2026-12-31 00:00:00.0,3,2024-01-01 00:00:00.0,2026-12-31 00:00:00.0,180.746,-0.71,1.893
631.0,6.31,5921.733,74100000_2024-01-01 00:00:00.0_2026-12-31 00:00:00.0,3,2024-01-01 00:00:00.0,2026-12-31 00:00:00.0,180.746,-0.71,1.893
632.0,6.32,5939.49,74100000_2024-01-01 00:00:00.0_2026-12-31 00:00:00.0,3,2024-01-01 00:00:00.0,2026-12-31 00:00:00.0,180.746,-0.71,1.893
633.0,6.33,5957.273,74100000_2024-01-01 00:00:00.0_2026-12-31 00:00:00.0,3,2024-01-01 00:00:00.0,2026-12-31 00:00:00.0,180.746,-0.71,1.893
634.0,6.34,5975.081,74100000_2024-01-01 00:00:00.0_2026-12-31 00:00:00.0,3,2024-01-01 00:00:00.0,2026-12-31 00:00:00.0,180.746,-0.71,1.893
635.0,6.35,5992.914,74100000_2024-01-01 00:00:00.0_2026-12-31 00:00:00.0,3,2024-01-01 00:00:00.0,2026-12-31 00:00:00.0,180.746,-0.71,1.893
636.0,6.36,6010.772,74100000_2024-01-01 00:00:00.0_2026-12-31 00:00:00.0,3,2024-01-01 00:00:00.0,2026-12-31 00:00:00.0,180.746,-0.71,1.893
637.0,6.37,6028.655,74100000_2024-01-01 00:00:00.0_2026-12-31 00:00:00.0,3,2024-01-01 00:00:00.0,2026-12-31 00:00:00.0,180.746,-0.71,1.893
638.0,6.38,6046.564,74100000_2024-01-01 00:00:00.0_2026-12-31 00:00:00.0,3,2024-01-01 00:00:00.0,2026-12-31 00:00:00.0,180.746,-0.71,1.893
639.0,6.39,6064.497,74100000_2024-01-01 00:00:00.0_2026-12-31 00:00:00.0,3,2024-01-01 00:00:00.0,2026-12-31 00:00:00.0,180.746,-0.71,1.893
640.0,6.4,6082.455,74100000_2024-01-01 00:00:00.0_2026-12-31 00:00:00.0,3,2024-01-01 00:00:00.0,2026-12-31 00:00:00.0,180.746,-0.71,1.893
641.0,6.41,6100.439,74100000_2024-01-01 00:00:00.0_2026-12-31 00:00:00.0,3,2024-01-01 00:00:00.0,2026-12-31 00:00:00.0,180.746,-0.71,1.893
642.0,6.42,6118.447,74100000_2024-01-01 00:00:00.0_2026-12-31 00:00:00.0,3,2024-01-01 00:00:00.0,2026-12-31 00:00:00.0,180.746,-0.71,1.893
643.0,6.43,6136.48,74100000_2024-01-01 00:00:00.0_2026-12-31 00:00:00.0,3,2024-01-01 00:00:00.0,2026-12-31 00:00:00.0,180.746,-0.71,1.893
644.0,6.44,6154.539,74100000_2024-01-01 00:00:00.0_2026-12-31 00:00:00.0,3,2024-01-01 00:00:00.0,2026-12-31 00:00:00.0,180.746,-0.71,1.893
645.0,6.45,6172.622,74100000_2024-01-01 00:00:00.0_2026-12-31 00:00:00.0,3,2024-01-01 00:00:00.0,2026-12-31 00:00:00.0,180.746,-0.71,1.893
646.0,6.46,6190.731,74100000_2024-01-01 00:00:00.0_2026-12-31 00:00:00.0,3,2024-01-01 00:00:00.0,2026-12-31 00:00:00.0,180.746,-0.71,1.893
647.0,6.47,6208.864,74100000_2024-01-01 00:00:00.0_2026-12-31 00:00:00.0,3,2024-01-01 00:00:00.0,2026-12-31 00:00:00.0,180.746,-0.71,1.893
648.0,6.48,6227.023,74100000_2024-01-01 00:00:00.0_2026-12-31 00:00:00.0,3,2024-01-01 00:00:00.0,2026-12-31 00:00:00.0,180.746,-0.71,1.893
649.0,6.49,6245.207,74100000_2024-01-01 00:00:00.0_2026-12-31 00:00:00.0,3,2024-01-01 00:00:00.0,2026-12-31 00:00:00.0,180.746,-0.71,1.893
650.0,6.5,6263.415,74100000_2024-01-01 00:00:00.0_2026-12-31 00:00:00.0,3,2024-01-01 00:00:00.0,2026-12-31 00:00:00.0,180.746,-0.71,1.893
651.0,6.51,6281.649,74100000_2024-01-01 00:00:00.0_2026-12-31 00:00:00.0,3,2024-01-01 00:00:00.0,2026-12-31 00:00:00.0,180.746,-0.71,1.893
652.0,6.52,6299.907,74100000_2024-01-01 00:00:00.0_2026-12-31 00:00:00.0,3,2024-01-01 00:00:00.0,2026-12-31 00:00:00.0,180.746,-0.71,1.893
653.0,6.53,6318.191,74100000_2024-01-01 00:00:00.0_2026-12-31 00:00:00.0,3,2024-01-01 00:00:00.0,2026-12-31 00:00:00.0,180.746,-0.71,1.893
654.0,6.54,6336.499,74100000_2024-01-01 00:00:00.0_2026-12-31 00:00:00.0,3,2024-01-01 00:00:00.0,2026-12-31 00:00:00.0,180.746,-0.71,1.893
655.0,6.55,6354.833,74100000_2024-01-01 00:00:00.0_2026-12-31 00:00:00.0,3,2024-01-01 00:00:00.0,2026-12-31 00:00:00.0,180.746,-0.71,1.893
656.0,6.56,6373.192,74100000_2024-01-01 00:00:00.0_2026-12-31 00:00:00.0,3,2024-01-01 00:00:00.0,2026-12-31 00:00:00.0,180.746,-0.71,1.893
657.0,6.57,6391.575,74100000_2024-01-01 00:00:00.0_2026-12-31 00:00:00.0,3,2024-01-01 00:00:00.0,2026-12-31 00:00:00.0,180.746,-0.71,1.893
658.0,6.58,6409.984,74100000_2024-01-01 00:00:00.0_2026-12-31 00:00:00.0,3,2024-01-01 00:00:00.0,2026-12-31 00:00:00.0,180.746,-0.71,1.893
659.0,6.59,6428.417,74100000_2024-01-01 00:00:00.0_2026-12-31 00:00:00.0,3,2024-01-01 00:00:00.0,2026-12-31 00:00:00.0,180.746,-0.71,1.893
660.0,6.6,6446.876,74100000_2024-01-01 00:00:00.0_2026-12-31 00:00:00.0,3,2024-01-01 00:00:00.0,2026-12-31 00:00:00.0,180.746,-0.71,1.893
661.0,6.61,6465.359,74100000_2024-01-01 00:00:00.0_2026-12-31 00:00:00.0,3,2024-01-01 00:00:00.0,2026-12-31 00:00:00.0,180.746,-0.71,1.893
662.0,6.62,6483.867,74100000_2024-01-01 00:00:00.0_2026-12-31 00:00:00.0,3,2024-01-01 00:00:00.0,2026-12-31 00:00:00.0,180.746,-0.71,1.893
663.0,6.63,6502.401,74100000_2024-01-01 00:00:00.0_2026-12-31 00:00:00.0,3,2024-01-01 00:00:00.0,2026-12-31 00:00:00.0,180.746,-0.71,1.893
664.0,6.64,6520.959,74100000_2024-01-01 00:00:00.0_2026-12-31 00:00:00.0,3,2024-01-01 00:00:00.0,2026-12-31 00:00:00.0,180.746,-0.71,1.893
665.0,6.65,6539.542,74100000_2024-01-01 00:00:00.0_2026-12-31 00:00:00.0,3,2024-01-01 00:00:00.0,2026-12-31 00:00:00.0,180.746,-0.71,1.893
666.0,6.66,6558.15,74100000_2024-01-01 00:00:00.0_2026-12-31 00:00:00.0,3,2024-01-01 00:00:00.0,2026-12-31 00:00:00.0,180.746,-0.71,1.893
667.0,6.67,6576.784,74100000_2024-01-01 00:00:00.0_2026-12-31 00:00:00.0,3,2024-01-01 00:00:00.0,2026-12-31 00:00:00.0,180.746,-0.71,1.893
668.0,6.68,6595.442,74100000_2024-01-01 00:00:00.0_2026-12-31 00:00:00.0,3,2024-01-01 00:00:00.0,2026-12-31 00:00:00.0,180.746,-0.71,1.893
669.0,6.69,6614.125,74100000_2024-01-01 00:00:00.0_2026-12-31 00:00:00.0,3,2024-01-01 00:00:00.0,2026-12-31 00:00:00.0,180.746,-0.71,1.893
670.0,6.7,6632.833,74100000_2024-01-01 00:00:00.0_2026-12-31 00:00:00.0,3,2024-01-01 00:00:00.0,2026-12-31 00:00:00.0,180.746,-0.71,1.893
671.0,6.71,6651.565,74100000_2024-01-01 00:00:00.0_2026-12-31 00:00:00.0,3,2024-01-01 00:00:00.0,2026-12-31 00:00:00.0,180.746,-0.71,1.893
672.0,6.72,6670.323,74100000_2024-01-01 00:00:00.0_2026-12-31 00:00:00.0,3,2024-01-01 00:00:00.0,2026-12-31 00:00:00.0,180.746,-0.71,1.893
673.0,6.73,6689.106,74100000_2024-01-01 00:00:00.0_2026-12-31 00:00:00.0,3,2024-01-01 00:00:00.0,2026-12-31 00:00:00.0,180.746,-0.71,1.893
674.0,6.74,6707.914,74100000_2024-01-01 00:00:00.0_2026-12-31 00:00:00.0,3,2024-01-01 00:00:00.0,2026-12-31 00:00:00.0,180.746,-0.71,1.893
675.0,6.75,6726.746,74100000_2024-01-01 00:00:00.0_2026-12-31 00:00:00.0,3,2024-01-01 00:00:00.0,2026-12-31 00:00:00.0,180.746,-0.71,1.893
676.0,6.76,6745.603,74100000_2024-01-01 00:00:00.0_2026-12-31 00:00:00.0,3,2024-01-01 00:00:00.0,2026-12-31 00:00:00.0,180.746,-0.71,1.893
677.0,6.77,6764.486,74100000_2024-01-01 00:00:00.0_2026-12-31 00:00:00.0,3,2024-01-01 00:00:00.0,2026-12-31 00:00:00.0,180.746,-0.71,1.893
678.0,6.78,6783.393,74100000_2024-01-01 00:00:00.0_2026-12-31 00:00:00.0,3,2024-01-01 00:00:00.0,2026-12-31 00:00:00.0,180.746,-0.71,1.893
679.0,6.79,6802.325,74100000_2024-01-01 00:00:00.0_2026-12-31 00:00:00.0,3,2024-01-01 00:00:00.0,2026-12-31 00:00:00.0,180.746,-0.71,1.893
680.0,6.8,6821.282,74100000_2024-01-01 00:00:00.0_2026-12-31 00:00:00.0,3,2024-01-01 00:00:00.0,2026-12-31 00:00:00.0,180.746,-0.71,1.893
681.0,6.81,6840.264,74100000_2024-01-01 00:00:00.0_2026-12-31 00:00:00.0,3,2024-01-01 00:00:00.0,2026-12-31 00:00:00.0,180.746,-0.71,1.893
682.0,6.82,6859.271,74100000_2024-01-01 00:00:00.0_2026-12-31 00:00:00.0,3,2024-01-01 00:00:00.0,2026-12-31 00:00:00.0,180.746,-0.71,1.893
683.0,6.83,6878.302,74100000_2024-01-01 00:00:00.0_2026-12-31 00:00:00.0,3,2024-01-01 00:00:00.0,2026-12-31 00:00:00.0,180.746,-0.71,1.893
684.0,6.84,6897.359,74100000_2024-01-01 00:00:00.0_2026-12-31 00:00:00.0,3,2024-01-01 00:00:00.0,2026-12-31 00:00:00.0,180.746,-0.71,1.893
685.0,6.85,6916.44,74100000_2024-01-01 00:00:00.0_2026-12-31 00:00:00.0,3,2024-01-01 00:00:00.0,2026-12-31 00:00:00.0,180.746,-0.71,1.893
686.0,6.86,6935.546,74100000_2024-01-01 00:00:00.0_2026-12-31 00:00:00.0,3,2024-01-01 00:00:00.0,2026-12-31 00:00:00.0,180.746,-0.71,1.893
687.0,6.87,6954.678,74100000_2024-01-01 00:00:00.0_2026-12-31 00:00:00.0,3,2024-01-01 00:00:00.0,2026-12-31 00:00:00.0,180.746,-0.71,1.893
688.0,6.88,6973.834,74100000_2024-01-01 00:00:00.0_2026-12-31 00:00:00.0,3,2024-01-01 00:00:00.0,2026-12-31 00:00:00.0,180.746,-0.71,1.893
689.0,6.89,6993.014,74100000_2024-01-01 00:00:00.0_2026-12-31 00:00:00.0,3,2024-01-01 00:00:00.0,2026-12-31 00:00:00.0,180.746,-0.71,1.893
690.0,6.9,7012.22,74100000_2024-01-01 00:00:00.0_2026-12-31 00:00:00.0,3,2024-01-01 00:00:00.0,2026-12-31 00:00:00.0,180.746,-0.71,1.893
691.0,6.91,7031.451,74100000_2024-01-01 00:00:00.0_2026-12-31 00:00:00.0,3,2024-01-01 00:00:00.0,2026-12-31 00:00:00.0,180.746,-0.71,1.893
692.0,6.92,7050.706,74100000_2024-01-01 00:00:00.0_2026-12-31 00:00:00.0,3,2024-01-01 00:00:00.0,2026-12-31 00:00:00.0,180.746,-0.71,1.893
693.0,6.93,7069.986,74100000_2024-01-01 00:00:00.0_2026-12-31 00:00:00.0,3,2024-01-01 00:00:00.0,2026-12-31 00:00:00.0,180.746,-0.71,1.893
694.0,6.94,7089.291,74100000_2024-01-01 00:00:00.0_2026-12-31 00:00:00.0,3,2024-01-01 00:00:00.0,2026-12-31 00:00:00.0,180.746,-0.71,1.893
695.0,6.95,7108.621,74100000_2024-01-01 00:00:00.0_2026-12-31 00:00:00.0,3,2024-01-01 00:00:00.0,2026-12-31 00:00:00.0,180.746,-0.71,1.893
696.0,6.96,7127.976,74100000_2024-01-01 00:00:00.0_2026-12-31 00:00:00.0,3,2024-01-01 00:00:00.0,2026-12-31 00:00:00.0,180.746,-0.71,1.893
697.0,6.97,7147.355,74100000_2024-01-01 00:00:00.0_2026-12-31 00:00:00.0,3,2024-01-01 00:00:00.0,2026-12-31 00:00:00.0,180.746,-0.71,1.893
698.0,6.98,7166.76,74100000_2024-01-01 00:00:00.0_2026-12-31 00:00:00.0,3,2024-01-01 00:00:00.0,2026-12-31 00:00:00.0,180.746,-0.71,1.893
699.0,6.99,7186.189,74100000_2024-01-01 00:00:00.0_2026-12-31 00:00:00.0,3,2024-01-01 00:00:00.0,2026-12-31 00:00:00.0,180.746,-0.71,1.893
700.0,7.0,7205.643,74100000_2024-01-01 00:00:00.0_2026-12-31 00:00:00.0,3,2024-01-01 00:00:00.0,2026-12-31 00:00:00.0,180.746,-0.71,1.893
701.0,7.01,7225.122,74100000_2024-01-01 00:00:00.0_2026-12-31 00:00:00.0,3,2024-01-01 00:00:00.0,2026-12-31 00:00:00.0,180.746,-0.71,1.893
702.0,7.02,7244.625,74100000_2024-01-01 00:00:00.0_2026-12-31 00:00:00.0,3,2024-01-01 00:00:00.0,2026-12-31 00:00:00.0,180.746,-0.71,1.893
703.0,7.03,7264.153,74100000_2024-01-01 00:00:00.0_2026-12-31 00:00:00.0,3,2024-01-01 00:00:00.0,2026-12-31 00:00:00.0,180.746,-0.71,1.893
704.0,7.04,7283.707,74100000_2024-01-01 00:00:00.0_2026-12-31 00:00:00.0,3,2024-01-01 00:00:00.0,2026-12-31 00:00:00.0,180.746,-0.71,1.893
705.0,7.05,7303.285,74100000_2024-01-01 00:00:00.0_2026-12-31 00:00:00.0,3,2024-01-01 00:00:00.0,2026-12-31 00:00:00.0,180.746,-0.71,1.893
706.0,7.06,7322.887,74100000_2024-01-01 00:00:00.0_2026-12-31 00:00:00.0,3,2024-01-01 00:00:00.0,2026-12-31 00:00:00.0,180.746,-0.71,1.893
707.0,7.07,7342.515,74100000_2024-01-01 00:00:00.0_2026-12-31 00:00:00.0,3,2024-01-01 00:00:00.0,2026-12-31 00:00:00.0,180.746,-0.71,1.893
708.0,7.08,7362.167,74100000_2024-01-01 00:00:00.0_2026-12-31 00:00:00.0,3,2024-01-01 00:00:00.0,2026-12-31 00:00:00.0,180.746,-0.71,1.893
709.0,7.09,7381.844,74100000_2024-01-01 00:00:00.0_2026-12-31 00:00:00.0,3,2024-01-01 00:00:00.0,2026-12-31 00:00:00.0,180.746,-0.71,1.893
710.0,7.1,7401.546,74100000_2024-01-01 00:00:00.0_2026-12-31 00:00:00.0,3,2024-01-01 00:00:00.0,2026-12-31 00:00:00.0,180.746,-0.71,1.893
711.0,7.11,7421.273,74100000_2024-01-01 00:00:00.0_2026-12-31 00:00:00.0,3,2024-01-01 00:00:00.0,2026-12-31 00:00:00.0,180.746,-0.71,1.893
712.0,7.12,7441.024,74100000_2024-01-01 00:00:00.0_2026-12-31 00:00:00.0,3,2024-01-01 00:00:00.0,2026-12-31 00:00:00.0,180.746,-0.71,1.893
713.0,7.13,7460.801,74100000_2024-01-01 00:00:00.0_2026-12-31 00:00:00.0,3,2024-01-01 00:00:00.0,2026-12-31 00:00:00.0,180.746,-0.71,1.893
714.0,7.14,7480.601,74100000_2024-01-01 00:00:00.0_2026-12-31 00:00:00.0,3,2024-01-01 00:00:00.0,2026-12-31 00:00:00.0,180.746,-0.71,1.893
715.0,7.15,7500.427,74100000_2024-01-01 00:00:00.0_2026-12-31 00:00:00.0,3,2024-01-01 00:00:00.0,2026-12-31 00:00:00.0,180.746,-0.71,1.893
716.0,7.16,7520.278,74100000_2024-01-01 00:00:00.0_2026-12-31 00:00:00.0,3,2024-01-01 00:00:00.0,2026-12-31 00:00:00.0,180.746,-0.71,1.893
717.0,7.17,7540.153,74100000_2024-01-01 00:00:00.0_2026-12-31 00:00:00.0,3,2024-01-01 00:00:00.0,2026-12-31 00:00:00.0,180.746,-0.71,1.893
718.0,7.18,7560.053,74100000_2024-01-01 00:00:00.0_2026-12-31 00:00:00.0,3,2024-01-01 00:00:00.0,2026-12-31 00:00:00.0,180.746,-0.71,1.893
719.0,7.19,7579.977,74100000_2024-01-01 00:00:00.0_2026-12-31 00:00:00.0,3,2024-01-01 00:00:00.0,2026-12-31 00:00:00.0,180.746,-0.71,1.893
720.0,7.2,7599.927,74100000_2024-01-01 00:00:00.0_2026-12-31 00:00:00.0,3,2024-01-01 00:00:00.0,2026-12-31 00:00:00.0,180.746,-0.71,1.893
721.0,7.21,7619.901,74100000_2024-01-01 00:00:00.0_2026-12-31 00:00:00.0,3,2024-01-01 00:00:00.0,2026-12-31 00:00:00.0,180.746,-0.71,1.893
722.0,7.22,7639.9,74100000_2024-01-01 00:00:00.0_2026-12-31 00:00:00.0,3,2024-01-01 00:00:00.0,2026-12-31 00:00:00.0,180.746,-0.71,1.893
723.0,7.23,7659.924,74100000_2024-01-01 00:00:00.0_2026-12-31 00:00:00.0,3,2024-01-01 00:00:00.0,2026-12-31 00:00:00.0,180.746,-0.71,1.893
724.0,7.24,7679.972,74100000_2024-01-01 00:00:00.0_2026-12-31 00:00:00.0,3,2024-01-01 00:00:00.0,2026-12-31 00:00:00.0,180.746,-0.71,1.893
725.0,7.25,7700.045,74100000_2024-01-01 00:00:00.0_2026-12-31 00:00:00.0,3,2024-01-01 00:00:00.0,2026-12-31 00:00:00.0,180.746,-0.71,1.893
726.0,7.26,7720.143,74100000_2024-01-01 00:00:00.0_2026-12-31 00:00:00.0,3,2024-01-01 00:00:00.0,2026-12-31 00:00:00.0,180.746,-0.71,1.893
727.0,7.27,7740.265,74100000_2024-01-01 00:00:00.0_2026-12-31 00:00:00.0,3,2024-01-01 00:00:00.0,2026-12-31 00:00:00.0,180.746,-0.71,1.893
728.0,7.28,7760.412,74100000_2024-01-01 00:00:00.0_2026-12-31 00:00:00.0,3,2024-01-01 00:00:00.0,2026-12-31 00:00:00.0,180.746,-0.71,1.893
729.0,7.29,7780.584,74100000_2024-01-01 00:00:00.0_2026-12-31 00:00:00.0,3,2024-01-01 00:00:00.0,2026-12-31 00:00:00.0,180.746,-0.71,1.893
730.0,7.3,7800.781,74100000_2024-01-01 00:00:00.0_2026-12-31 00:00:00.0,3,2024-01-01 00:00:00.0,2026-12-31 00:00:00.0,180.746,-0.71,1.893
731.0,7.31,7821.002,74100000_2024-01-01 00:00:00.0_2026-12-31 00:00:00.0,3,2024-01-01 00:00:00.0,2026-12-31 00:00:00.0,180.746,-0.71,1.893
732.0,7.32,7841.248,74100000_2024-01-01 00:00:00.0_2026-12-31 00:00:00.0,3,2024-01-01 00:00:00.0,2026-12-31 00:00:00.0,180.746,-0.71,1.893
733.0,7.33,7861.519,74100000_2024-01-01 00:00:00.0_2026-12-31 00:00:00.0,3,2024-01-01 00:00:00.0,2026-12-31 00:00:00.0,180.746,-0.71,1.893
734.0,7.34,7881.814,74100000_2024-01-01 00:00:00.0_2026-12-31 00:00:00.0,3,2024-01-01 00:00:00.0,2026-12-31 00:00:00.0,180.746,-0.71,1.893
735.0,7.35,7902.134,74100000_2024-01-01 00:00:00.0_2026-12-31 00:00:00.0,3,2024-01-01 00:00:00.0,2026-12-31 00:00:00.0,180.746,-0.71,1.893
736.0,7.36,7922.479,74100000_2024-01-01 00:00:00.0_2026-12-31 00:00:00.0,3,2024-01-01 00:00:00.0,2026-12-31 00:00:00.0,180.746,-0.71,1.893
737.0,7.37,7942.848,74100000_2024-01-01 00:00:00.0_2026-12-31 00:00:00.0,3,2024-01-01 00:00:00.0,2026-12-31 00:00:00.0,180.746,-0.71,1.893
738.0,7.38,7963.242,74100000_2024-01-01 00:00:00.0_2026-12-31 00:00:00.0,3,2024-01-01 00:00:00.0,2026-12-31 00:00:00.0,180.746,-0.71,1.893
739.0,7.39,7983.661,74100000_2024-01-01 00:00:00.0_2026-12-31 00:00:00.0,3,2024-01-01 00:00:00.0,2026-12-31 00:00:00.0,180.746,-0.71,1.893
740.0,7.4,8004.105,74100000_2024-01-01 00:00:00.0_2026-12-31 00:00:00.0,3,2024-01-01 00:00:00.0,2026-12-31 00:00:00.0,180.746,-0.71,1.893
741.0,7.41,8024.573,74100000_2024-01-01 00:00:00.0_2026-12-31 00:00:00.0,3,2024-01-01 00:00:00.0,2026-12-31 00:00:00.0,180.746,-0.71,1.893
742.0,7.42,8045.065,74100000_2024-01-01 00:00:00.0_2026-12-31 00:00:00.0,3,2024-01-01 00:00:00.0,2026-12-31 00:00:00.0,180.746,-0.71,1.893
743.0,7.43,8065.583,74100000_2024-01-01 00:00:00.0_2026-12-31 00:00:00.0,3,2024-01-01 00:00:00.0,2026-12-31 00:00:00.0,180.746,-0.71,1.893
744.0,7.44,8086.125,74100000_2024-01-01 00:00:00.0_2026-12-31 00:00:00.0,3,2024-01-01 00:00:00.0,2026-12-31 00:00:00.0,180.746,-0.71,1.893
745.0,7.45,8106.691,74100000_2024-01-01 00:00:00.0_2026-12-31 00:00:00.0,3,2024-01-01 00:00:00.0,2026-12-31 00:00:00.0,180.746,-0.71,1.893
746.0,7.46,8127.283,74100000_2024-01-01 00:00:00.0_2026-12-31 00:00:00.0,3,2024-01-01 00:00:00.0,2026-12-31 00:00:00.0,180.746,-0.71,1.893
747.0,7.47,8147.899,74100000_2024-01-01 00:00:00.0_2026-12-31 00:00:00.0,3,2024-01-01 00:00:00.0,2026-12-31 00:00:00.0,180.746,-0.71,1.893
748.0,7.48,8168.539,74100000_2024-01-01 00:00:00.0_2026-12-31 00:00:00.0,3,2024-01-01 00:00:00.0,2026-12-31 00:00:00.0,180.746,-0.71,1.893
749.0,7.49,8189.205,74100000_2024-01-01 00:00:00.0_2026-12-31 00:00:00.0,3,2024-01-01 00:00:00.0,2026-12-31 00:00:00.0,180.746,-0.71,1.893
750.0,7.5,8209.894,74100000_2024-01-01 00:00:00.0_2026-12-31 00:00:00.0,3,2024-01-01 00:00:00.0,2026-12-31 00:00:00.0,180.746,-0.71,1.893
751.0,7.51,8230.609,74100000_2024-01-01 00:00:00.0_2026-12-31 00:00:00.0,3,2024-01-01 00:00:00.0,2026-12-31 00:00:00.0,180.746,-0.71,1.893
752.0,7.52,8251.348,74100000_2024-01-01 00:00:00.0_2026-12-31 00:00:00.0,3,2024-01-01 00:00:00.0,2026-12-31 00:00:00.0,180.746,-0.71,1.893
753.0,7.53,8272.112,74100000_2024-01-01 00:00:00.0_2026-12-31 00:00:00.0,3,2024-01-01 00:00:00.0,2026-12-31 00:00:00.0,180.746,-0.71,1.893
754.0,7.54,8292.9,74100000_2024-01-01 00:00:00.0_2026-12-31 00:00:00.0,3,2024-01-01 00:00:00.0,2026-12-31 00:00:00.0,180.746,-0.71,1.893
755.0,7.55,8313.713,74100000_2024-01-01 00:00:00.0_2026-12-31 00:00:00.0,3,2024-01-01 00:00:00.0,2026-12-31 00:00:00.0,180.746,-0.71,1.893
756.0,7.56,8334.551,74100000_2024-01-01 00:00:00.0_2026-12-31 00:00:00.0,3,2024-01-01 00:00:00.0,2026-12-31 00:00:00.0,180.746,-0.71,1.893
757.0,7.57,8355.413,74100000_2024-01-01 00:00:00.0_2026-12-31 00:00:00.0,3,2024-01-01 00:00:00.0,2026-12-31 00:00:00.0,180.746,-0.71,1.893
758.0,7.58,8376.3,74100000_2024-01-01 00:00:00.0_2026-12-31 00:00:00.0,3,2024-01-01 00:00:00.0,2026-12-31 00:00:00.0,180.746,-0.71,1.893
759.0,7.59,8397.211,74100000_2024-01-01 00:00:00.0_2026-12-31 00:00:00.0,3,2024-01-01 00:00:00.0,2026-12-31 00:00:00.0,180.746,-0.71,1.893
760.0,7.6,8418.147,74100000_2024-01-01 00:00:00.0_2026-12-31 00:00:00.0,3,2024-01-01 00:00:00.0,2026-12-31 00:00:00.0,180.746,-0.71,1.893
761.0,7.61,8439.107,74100000_2024-01-01 00:00:00.0_2026-12-31 00:00:00.0,3,2024-01-01 00:00:00.0,2026-12-31 00:00:00.0,180.746,-0.71,1.893
762.0,7.62,8460.093,74100000_2024-01-01 00:00:00.0_2026-12-31 00:00:00.0,3,2024-01-01 00:00:00.0,2026-12-31 00:00:00.0,180.746,-0.71,1.893
763.0,7.63,8481.102,74100000_2024-01-01 00:00:00.0_2026-12-31 00:00:00.0,3,2024-01-01 00:00:00.0,2026-12-31 00:00:00.0,180.746,-0.71,1.893
764.0,7.64,8502.137,74100000_2024-01-01 00:00:00.0_2026-12-31 00:00:00.0,3,2024-01-01 00:00:00.0,2026-12-31 00:00:00.0,180.746,-0.71,1.893
765.0,7.65,8523.196,74100000_2024-01-01 00:00:00.0_2026-12-31 00:00:00.0,3,2024-01-01 00:00:00.0,2026-12-31 00:00:00.0,180.746,-0.71,1.893
766.0,7.66,8544.279,74100000_2024-01-01 00:00:00.0_2026-12-31 00:00:00.0,3,2024-01-01 00:00:00.0,2026-12-31 00:00:00.0,180.746,-0.71,1.893
767.0,7.67,8565.387,74100000_2024-01-01 00:00:00.0_2026-12-31 00:00:00.0,3,2024-01-01 00:00:00.0,2026-12-31 00:00:00.0,180.746,-0.71,1.893
768.0,7.68,8586.52,74100000_2024-01-01 00:00:00.0_2026-12-31 00:00:00.0,3,2024-01-01 00:00:00.0,2026-12-31 00:00:00.0,180.746,-0.71,1.893
769.0,7.69,8607.677,74100000_2024-01-01 00:00:00.0_2026-12-31 00:00:00.0,3,2024-01-01 00:00:00.0,2026-12-31 00:00:00.0,180.746,-0.71,1.893
770.0,7.7,8628.858,74100000_2024-01-01 00:00:00.0_2026-12-31 00:00:00.0,3,2024-01-01 00:00:00.0,2026-12-31 00:00:00.0,180.746,-0.71,1.893
771.0,7.71,8650.065,74100000_2024-01-01 00:00:00.0_2026-12-31 00:00:00.0,3,2024-01-01 00:00:00.0,2026-12-31 00:00:00.0,180.746,-0.71,1.893
772.0,7.72,8671.296,74100000_2024-01-01 00:00:00.0_2026-12-31 00:00:00.0,3,2024-01-01 00:00:00.0,2026-12-31 00:00:00.0,180.746,-0.71,1.893
773.0,7.73,8692.551,74100000_2024-01-01 00:00:00.0_2026-12-31 00:00:00.0,3,2024-01-01 00:00:00.0,2026-12-31 00:00:00.0,180.746,-0.71,1.893
774.0,7.74,8713.831,74100000_2024-01-01 00:00:00.0_2026-12-31 00:00:00.0,3,2024-01-01 00:00:00.0,2026-12-31 00:00:00.0,180.746,-0.71,1.893
775.0,7.75,8735.135,74100000_2024-01-01 00:00:00.0_2026-12-31 00:00:00.0,3,2024-01-01 00:00:00.0,2026-12-31 00:00:00.0,180.746,-0.71,1.893
776.0,7.76,8756.464,74100000_2024-01-01 00:00:00.0_2026-12-31 00:00:00.0,3,2024-01-01 00:00:00.0,2026-12-31 00:00:00.0,180.746,-0.71,1.893
777.0,7.77,8777.818,74100000_2024-01-01 00:00:00.0_2026-12-31 00:00:00.0,3,2024-01-01 00:00:00.0,2026-12-31 00:00:00.0,180.746,-0.71,1.893
778.0,7.78,8799.196,74100000_2024-01-01 00:00:00.0_2026-12-31 00:00:00.0,3,2024-01-01 00:00:00.0,2026-12-31 00:00:00.0,180.746,-0.71,1.893
779.0,7.79,8820.599,74100000_2024-01-01 00:00:00.0_2026-12-31 00:00:00.0,3,2024-01-01 00:00:00.0,2026-12-31 00:00:00.0,180.746,-0.71,1.893
780.0,7.8,8842.026,74100000_2024-01-01 00:00:00.0_2026-12-31 00:00:00.0,3,2024-01-01 00:00:00.0,2026-12-31 00:00:00.0,180.746,-0.71,1.893
781.0,7.81,8863.477,74100000_2024-01-01 00:00:00.0_2026-12-31 00:00:00.0,3,2024-01-01 00:00:00.0,2026-12-31 00:00:00.0,180.746,-0.71,1.893
782.0,7.82,8884.954,74100000_2024-01-01 00:00:00.0_2026-12-31 00:00:00.0,3,2024-01-01 00:00:00.0,2026-12-31 00:00:00.0,180.746,-0.71,1.893
783.0,7.83,8906.454,74100000_2024-01-01 00:00:00.0_2026-12-31 00:00:00.0,3,2024-01-01 00:00:00.0,2026-12-31 00:00:00.0,180.746,-0.71,1.893
784.0,7.84,8927.98,74100000_2024-01-01 00:00:00.0_2026-12-31 00:00:00.0,3,2024-01-01 00:00:00.0,2026-12-31 00:00:00.0,180.746,-0.71,1.893
785.0,7.85,8949.529,74100000_2024-01-01 00:00:00.0_2026-12-31 00:00:00.0,3,2024-01-01 00:00:00.0,2026-12-31 00:00:00.0,180.746,-0.71,1.893
786.0,7.86,8971.103,74100000_2024-01-01 00:00:00.0_2026-12-31 00:00:00.0,3,2024-01-01 00:00:00.0,2026-12-31 00:00:00.0,180.746,-0.71,1.893
787.0,7.87,8992.702,74100000_2024-01-01 00:00:00.0_2026-12-31 00:00:00.0,3,2024-01-01 00:00:00.0,2026-12-31 00:00:00.0,180.746,-0.71,1.893
788.0,7.88,9014.325,74100000_2024-01-01 00:00:00.0_2026-12-31 00:00:00.0,3,2024-01-01 00:00:00.0,2026-12-31 00:00:00.0,180.746,-0.71,1.893
789.0,7.89,9035.973,74100000_2024-01-01 00:00:00.0_2026-12-31 00:00:00.0,3,2024-01-01 00:00:00.0,2026-12-31 00:00:00.0,180.746,-0.71,1.893
790.0,7.9,9057.645,74100000_2024-01-01 00:00:00.0_2026-12-31 00:00:00.0,3,2024-01-01 00:00:00.0,2026-12-31 00:00:00.0,180.746,-0.71,1.893
791.0,7.91,9079.342,74100000_2024-01-01 00:00:00.0_2026-12-31 00:00:00.0,3,2024-01-01 00:00:00.0,2026-12-31 00:00:00.0,180.746,-0.71,1.893
792.0,7.92,9101.063,74100000_2024-01-01 00:00:00.0_2026-12-31 00:00:00.0,3,2024-01-01 00:00:00.0,2026-12-31 00:00:00.0,180.746,-0.71,1.893
793.0,7.93,9122.809,74100000_2024-01-01 00:00:00.0_2026-12-31 00:00:00.0,3,2024-01-01 00:00:00.0,2026-12-31 00:00:00.0,180.746,-0.71,1.893
794.0,7.94,9144.579,74100000_2024-01-01 00:00:00.0_2026-12-31 00:00:00.0,3,2024-01-01 00:00:00.0,2026-12-31 00:00:00.0,180.746,-0.71,1.893
795.0,7.95,9166.374,74100000_2024-01-01 00:00:00.0_2026-12-31 00:00:00.0,3,2024-01-01 00:00:00.0,2026-12-31 00:00:00.0,180.746,-0.71,1.893
796.0,7.96,9188.193,74100000_2024-01-01 00:00:00.0_2026-12-31 00:00:00.0,3,2024-01-01 00:00:00.0,2026-12-31 00:00:00.0,180.746,-0.71,1.893
797.0,7.97,9210.036,74100000_2024-01-01 00:00:00.0_2026-12-31 00:00:00.0,3,2024-01-01 00:00:00.0,2026-12-31 00:00:00.0,180.746,-0.71,1.893
798.0,7.98,9231.904,74100000_2024-01-01 00:00:00.0_2026-12-31 00:00:00.0,3,2024-01-01 00:00:00.0,2026-12-31 00:00:00.0,180.746,-0.71,1.893
799.0,7.99,9253.797,74100000_2024-01-01 00:00:00.0_2026-12-31 00:00:00.0,3,2024-01-01 00:00:00.0,2026-12-31 00:00:00.0,180.746,-0.71,1.893
800.0,8.0,9275.714,74100000_2024-01-01 00:00:00.0_2026-12-31 00:00:00.0,3,2024-01-01 00:00:00.0,2026-12-31 00:00:00.0,180.746,-0.71,1.893
801.0,8.01,9297.655,74100000_2024-01-01 00:00:00.0_2026-12-31 00:00:00.0,3,2024-01-01 00:00:00.0,2026-12-31 00:00:00.0,180.746,-0.71,1.893
802.0,8.02,9319.621,74100000_2024-01-01 00:00:00.0_2026-12-31 00:00:00.0,3,2024-01-01 00:00:00.0,2026-12-31 00:00:00.0,180.746,-0.71,1.893
803.0,8.03,9341.612,74100000_2024-01-01 00:00:00.0_2026-12-31 00:00:00.0,3,2024-01-01 00:00:00.0,2026-12-31 00:00:00.0,180.746,-0.71,1.893
804.0,8.04,9363.626,74100000_2024-01-01 00:00:00.0_2026-12-31 00:00:00.0,3,2024-01-01 00:00:00.0,2026-12-31 00:00:00.0,180.746,-0.71,1.893
805.0,8.05,9385.666,74100000_2024-01-01 00:00:00.0_2026-12-31 00:00:00.0,3,2024-01-01 00:00:00.0,2026-12-31 00:00:00.0,180.746,-0.71,1.893
806.0,8.06,9407.729,74100000_2024-01-01 00:00:00.0_2026-12-31 00:00:00.0,3,2024-01-01 00:00:00.0,2026-12-31 00:00:00.0,180.746,-0.71,1.893
807.0,8.07,9429.817,74100000_2024-01-01 00:00:00.0_2026-12-31 00:00:00.0,3,2024-01-01 00:00:00.0,2026-12-31 00:00:00.0,180.746,-0.71,1.893
808.0,8.08,9451.93,74100000_2024-01-01 00:00:00.0_2026-12-31 00:00:00.0,3,2024-01-01 00:00:00.0,2026-12-31 00:00:00.0,180.746,-0.71,1.893
809.0,8.09,9474.067,74100000_2024-01-01 00:00:00.0_2026-12-31 00:00:00.0,3,2024-01-01 00:00:00.0,2026-12-31 00:00:00.0,180.746,-0.71,1.893
810.0,8.1,9496.228,74100000_2024-01-01 00:00:00.0_2026-12-31 00:00:00.0,3,2024-01-01 00:00:00.0,2026-12-31 00:00:00.0,180.746,-0.71,1.893
811.0,8.11,9518.414,74100000_2024-01-01 00:00:00.0_2026-12-31 00:00:00.0,3,2024-01-01 00:00:00.0,2026-12-31 00:00:00.0,180.746,-0.71,1.893
812.0,8.12,9540.624,74100000_2024-01-01 00:00:00.0_2026-12-31 00:00:00.0,3,2024-01-01 00:00:00.0,2026-12-31 00:00:00.0,180.746,-0.71,1.893
813.0,8.13,9562.859,74100000_2024-01-01 00:00:00.0_2026-12-31 00:00:00.0,3,2024-01-01 00:00:00.0,2026-12-31 00:00:00.0,180.746,-0.71,1.893
814.0,8.14,9585.118,74100000_2024-01-01 00:00:00.0_2026-12-31 00:00:00.0,3,2024-01-01 00:00:00.0,2026-12-31 00:00:00.0,180.746,-0.71,1.893
815.0,8.15,9607.401,74100000_2024-01-01 00:00:00.0_2026-12-31 00:00:00.0,3,2024-01-01 00:00:00.0,2026-12-31 00:00:00.0,180.746,-0.71,1.893
816.0,8.16,9629.709,74100000_2024-01-01 00:00:00.0_2026-12-31 00:00:00.0,3,2024-01-01 00:00:00.0,2026-12-31 00:00:00.0,180.746,-0.71,1.893
817.0,8.17,9652.042,74100000_2024-01-01 00:00:00.0_2026-12-31 00:00:00.0,3,2024-01-01 00:00:00.0,2026-12-31 00:00:00.0,180.746,-0.71,1.893
818.0,8.18,9674.398,74100000_2024-01-01 00:00:00.0_2026-12-31 00:00:00.0,3,2024-01-01 00:00:00.0,2026-12-31 00:00:00.0,180.746,-0.71,1.893
819.0,8.19,9696.779,74100000_2024-01-01 00:00:00.0_2026-12-31 00:00:00.0,3,2024-01-01 00:00:00.0,2026-12-31 00:00:00.0,180.746,-0.71,1.893
820.0,8.2,9719.185,74100000_2024-01-01 00:00:00.0_2026-12-31 00:00:00.0,3,2024-01-01 00:00:00.0,2026-12-31 00:00:00.0,180.746,-0.71,1.893
821.0,8.21,9741.615,74100000_2024-01-01 00:00:00.0_2026-12-31 00:00:00.0,3,2024-01-01 00:00:00.0,2026-12-31 00:00:00.0,180.746,-0.71,1.893
822.0,8.22,9764.069,74100000_2024-01-01 00:00:00.0_2026-12-31 00:00:00.0,3,2024-01-01 00:00:00.0,2026-12-31 00:00:00.0,180.746,-0.71,1.893
823.0,8.23,9786.548,74100000_2024-01-01 00:00:00.0_2026-12-31 00:00:00.0,3,2024-01-01 00:00:00.0,2026-12-31 00:00:00.0,180.746,-0.71,1.893
824.0,8.24,9809.051,74100000_2024-01-01 00:00:00.0_2026-12-31 00:00:00.0,3,2024-01-01 00:00:00.0,2026-12-31 00:00:00.0,180.746,-0.71,1.893
825.0,8.25,9831.578,74100000_2024-01-01 00:00:00.0_2026-12-31 00:00:00.0,3,2024-01-01 00:00:00.0,2026-12-31 00:00:00.0,180.746,-0.71,1.893
826.0,8.26,9854.13,74100000_2024-01-01 00:00:00.0_2026-12-31 00:00:00.0,3,2024-01-01 00:00:00.0,2026-12-31 00:00:00.0,180.746,-0.71,1.893
827.0,8.27,9876.706,74100000_2024-01-01 00:00:00.0_2026-12-31 00:00:00.0,3,2024-01-01 00:00:00.0,2026-12-31 00:00:00.0,180.746,-0.71,1.893
828.0,8.28,9899.307,74100000_2024-01-01 00:00:00.0_2026-12-31 00:00:00.0,3,2024-01-01 00:00:00.0,2026-12-31 00:00:00.0,180.746,-0.71,1.893
829.0,8.29,9921.932,74100000_2024-01-01 00:00:00.0_2026-12-31 00:00:00.0,3,2024-01-01 00:00:00.0,2026-12-31 00:00:00.0,180.746,-0.71,1.893
830.0,8.3,9944.581,74100000_2024-01-01 00:00:00.0_2026-12-31 00:00:00.0,3,2024-01-01 00:00:00.0,2026-12-31 00:00:00.0,180.746,-0.71,1.893
831.0,8.31,9967.254,74100000_2024-01-01 00:00:00.0_2026-12-31 00:00:00.0,3,2024-01-01 00:00:00.0,2026-12-31 00:00:00.0,180.746,-0.71,1.893
832.0,8.32,9989.952,74100000_2024-01-01 00:00:00.0_2026-12-31 00:00:00.0,3,2024-01-01 00:00:00.0,2026-12-31 00:00:00.0,180.746,-0.71,1.893
833.0,8.33,10012.675,74100000_2024-01-01 00:00:00.0_2026-12-31 00:00:00.0,3,2024-01-01 00:00:00.0,2026-12-31 00:00:00.0,180.746,-0.71,1.893
834.0,8.34,10035.421,74100000_2024-01-01 00:00:00.0_2026-12-31 00:00:00.0,3,2024-01-01 00:00:00.0,2026-12-31 00:00:00.0,180.746,-0.71,1.893
835.0,8.35,10058.193,74100000_2024-01-01 00:00:00.0_2026-12-31 00:00:00.0,3,2024-01-01 00:00:00.0,2026-12-31 00:00:00.0,180.746,-0.71,1.893
836.0,8.36,10080.988,74100000_2024-01-01 00:00:00.0_2026-12-31 00:00:00.0,3,2024-01-01 00:00:00.0,2026-12-31 00:00:00.0,180.746,-0.71,1.893
837.0,8.37,10103.808,74100000_2024-01-01 00:00:00.0_2026-12-31 00:00:00.0,3,2024-01-01 00:00:00.0,2026-12-31 00:00:00.0,180.746,-0.71,1.893
838.0,8.38,10126.652,74100000_2024-01-01 00:00:00.0_2026-12-31 00:00:00.0,3,2024-01-01 00:00:00.0,2026-12-31 00:00:00.0,180.746,-0.71,1.893
839.0,8.39,10149.52,74100000_2024-01-01 00:00:00.0_2026-12-31 00:00:00.0,3,2024-01-01 00:00:00.0,2026-12-31 00:00:00.0,180.746,-0.71,1.893
840.0,8.4,10172.413,74100000_2024-01-01 00:00:00.0_2026-12-31 00:00:00.0,3,2024-01-01 00:00:00.0,2026-12-31 00:00:00.0,180.746,-0.71,1.893
841.0,8.41,10195.33,74100000_2024-01-01 00:00:00.0_2026-12-31 00:00:00.0,3,2024-01-01 00:00:00.0,2026-12-31 00:00:00.0,180.746,-0.71,1.893
842.0,8.42,10218.271,74100000_2024-01-01 00:00:00.0_2026-12-31 00:00:00.0,3,2024-01-01 00:00:00.0,2026-12-31 00:00:00.0,180.746,-0.71,1.893
843.0,8.43,10241.237,74100000_2024-01-01 00:00:00.0_2026-12-31 00:00:00.0,3,2024-01-01 00:00:00.0,2026-12-31 00:00:00.0,180.746,-0.71,1.893
844.0,8.44,10264.227,74100000_2024-01-01 00:00:00.0_2026-12-31 00:00:00.0,3,2024-01-01 00:00:00.0,2026-12-31 00:00:00.0,180.746,-0.71,1.893
845.0,8.45,10287.241,74100000_2024-01-01 00:00:00.0_2026-12-31 00:00:00.0,3,2024-01-01 00:00:00.0,2026-12-31 00:00:00.0,180.746,-0.71,1.893
846.0,8.46,10310.28,74100000_2024-01-01 00:00:00.0_2026-12-31 00:00:00.0,3,2024-01-01 00:00:00.0,2026-12-31 00:00:00.0,180.746,-0.71,1.893
847.0,8.47,10333.343,74100000_2024-01-01 00:00:00.0_2026-12-31 00:00:00.0,3,2024-01-01 00:00:00.0,2026-12-31 00:00:00.0,180.746,-0.71,1.893
848.0,8.48,10356.43,74100000_2024-01-01 00:00:00.0_2026-12-31 00:00:00.0,3,2024-01-01 00:00:00.0,2026-12-31 00:00:00.0,180.746,-0.71,1.893
849.0,8.49,10379.542,74100000_2024-01-01 00:00:00.0_2026-12-31 00:00:00.0,3,2024-01-01 00:00:00.0,2026-12-31 00:00:00.0,180.746,-0.71,1.893
850.0,8.5,10402.678,74100000_2024-01-01 00:00:00.0_2026-12-31 00:00:00.0,3,2024-01-01 00:00:00.0,2026-12-31 00:00:00.0,180.746,-0.71,1.893
851.0,8.51,10425.838,74100000_2024-01-01 00:00:00.0_2026-12-31 00:00:00.0,3,2024-01-01 00:00:00.0,2026-12-31 00:00:00.0,180.746,-0.71,1.893
852.0,8.52,10449.022,74100000_2024-01-01 00:00:00.0_2026-12-31 00:00:00.0,3,2024-01-01 00:00:00.0,2026-12-31 00:00:00.0,180.746,-0.71,1.893
853.0,8.53,10472.231,74100000_2024-01-01 00:00:00.0_2026-12-31 00:00:00.0,3,2024-01-01 00:00:00.0,2026-12-31 00:00:00.0,180.746,-0.71,1.893
854.0,8.54,10495.464,74100000_2024-01-01 00:00:00.0_2026-12-31 00:00:00.0,3,2024-01-01 00:00:00.0,2026-12-31 00:00:00.0,180.746,-0.71,1.893
855.0,8.55,10518.722,74100000_2024-01-01 00:00:00.0_2026-12-31 00:00:00.0,3,2024-01-01 00:00:00.0,2026-12-31 00:00:00.0,180.746,-0.71,1.893
856.0,8.56,10542.003,74100000_2024-01-01 00:00:00.0_2026-12-31 00:00:00.0,3,2024-01-01 00:00:00.0,2026-12-31 00:00:00.0,180.746,-0.71,1.893
857.0,8.57,10565.309,74100000_2024-01-01 00:00:00.0_2026-12-31 00:00:00.0,3,2024-01-01 00:00:00.0,2026-12-31 00:00:00.0,180.746,-0.71,1.893
858.0,8.58,10588.639,74100000_2024-01-01 00:00:00.0_2026-12-31 00:00:00.0,3,2024-01-01 00:00:00.0,2026-12-31 00:00:00.0,180.746,-0.71,1.893
859.0,8.59,10611.994,74100000_2024-01-01 00:00:00.0_2026-12-31 00:00:00.0,3,2024-01-01 00:00:00.0,2026-12-31 00:00:00.0,180.746,-0.71,1.893
860.0,8.6,10635.373,74100000_2024-01-01 00:00:00.0_2026-12-31 00:00:00.0,3,2024-01-01 00:00:00.0,2026-12-31 00:00:00.0,180.746,-0.71,1.893
861.0,8.61,10658.776,74100000_2024-01-01 00:00:00.0_2026-12-31 00:00:00.0,3,2024-01-01 00:00:00.0,2026-12-31 00:00:00.0,180.746,-0.71,1.893
862.0,8.62,10682.203,74100000_2024-01-01 00:00:00.0_2026-12-31 00:00:00.0,3,2024-01-01 00:00:00.0,2026-12-31 00:00:00.0,180.746,-0.71,1.893
863.0,8.63,10705.654,74100000_2024-01-01 00:00:00.0_2026-12-31 00:00:00.0,3,2024-01-01 00:00:00.0,2026-12-31 00:00:00.0,180.746,-0.71,1.893
864.0,8.64,10729.13,74100000_2024-01-01 00:00:00.0_2026-12-31 00:00:00.0,3,2024-01-01 00:00:00.0,2026-12-31 00:00:00.0,180.746,-0.71,1.893
865.0,8.65,10752.63,74100000_2024-01-01 00:00:00.0_2026-12-31 00:00:00.0,3,2024-01-01 00:00:00.0,2026-12-31 00:00:00.0,180.746,-0.71,1.893
866.0,8.66,10776.155,74100000_2024-01-01 00:00:00.0_2026-12-31 00:00:00.0,3,2024-01-01 00:00:00.0,2026-12-31 00:00:00.0,180.746,-0.71,1.893
867.0,8.67,10799.703,74100000_2024-01-01 00:00:00.0_2026-12-31 00:00:00.0,3,2024-01-01 00:00:00.0,2026-12-31 00:00:00.0,180.746,-0.71,1.893
868.0,8.68,10823.276,74100000_2024-01-01 00:00:00.0_2026-12-31 00:00:00.0,3,2024-01-01 00:00:00.0,2026-12-31 00:00:00.0,180.746,-0.71,1.893
869.0,8.69,10846.873,74100000_2024-01-01 00:00:00.0_2026-12-31 00:00:00.0,3,2024-01-01 00:00:00.0,2026-12-31 00:00:00.0,180.746,-0.71,1.893
870.0,8.7,10870.494,74100000_2024-01-01 00:00:00.0_2026-12-31 00:00:00.0,3,2024-01-01 00:00:00.0,2026-12-31 00:00:00.0,180.746,-0.71,1.893
871.0,8.71,10894.14,74100000_2024-01-01 00:00:00.0_2026-12-31 00:00:00.0,3,2024-01-01 00:00:00.0,2026-12-31 00:00:00.0,180.746,-0.71,1.893
872.0,8.72,10917.81,74100000_2024-01-01 00:00:00.0_2026-12-31 00:00:00.0,3,2024-01-01 00:00:00.0,2026-12-31 00:00:00.0,180.746,-0.71,1.893
873.0,8.73,10941.504,74100000_2024-01-01 00:00:00.0_2026-12-31 00:00:00.0,3,2024-01-01 00:00:00.0,2026-12-31 00:00:00.0,180.746,-0.71,1.893
874.0,8.74,10965.222,74100000_2024-01-01 00:00:00.0_2026-12-31 00:00:00.0,3,2024-01-01 00:00:00.0,2026-12-31 00:00:00.0,180.746,-0.71,1.893
875.0,8.75,10988.964,74100000_2024-01-01 00:00:00.0_2026-12-31 00:00:00.0,3,2024-01-01 00:00:00.0,2026-12-31 00:00:00.0,180.746,-0.71,1.893
876.0,8.76,11012.731,74100000_2024-01-01 00:00:00.0_2026-12-31 00:00:00.0,3,2024-01-01 00:00:00.0,2026-12-31 00:00:00.0,180.746,-0.71,1.893
877.0,8.77,11036.522,74100000_2024-01-01 00:00:00.0_2026-12-31 00:00:00.0,3,2024-01-01 00:00:00.0,2026-12-31 00:00:00.0,180.746,-0.71,1.893
878.0,8.78,11060.337,74100000_2024-01-01 00:00:00.0_2026-12-31 00:00:00.0,3,2024-01-01 00:00:00.0,2026-12-31 00:00:00.0,180.746,-0.71,1.893
879.0,8.79,11084.176,74100000_2024-01-01 00:00:00.0_2026-12-31 00:00:00.0,3,2024-01-01 00:00:00.0,2026-12-31 00:00:00.0,180.746,-0.71,1.893
880.0,8.8,11108.04,74100000_2024-01-01 00:00:00.0_2026-12-31 00:00:00.0,3,2024-01-01 00:00:00.0,2026-12-31 00:00:00.0,180.746,-0.71,1.893
881.0,8.81,11131.928,74100000_2024-01-01 00:00:00.0_2026-12-31 00:00:00.0,3,2024-01-01 00:00:00.0,2026-12-31 00:00:00.0,180.746,-0.71,1.893
882.0,8.82,11155.839,74100000_2024-01-01 00:00:00.0_2026-12-31 00:00:00.0,3,2024-01-01 00:00:00.0,2026-12-31 00:00:00.0,180.746,-0.71,1.893
883.0,8.83,11179.776,74100000_2024-01-01 00:00:00.0_2026-12-31 00:00:00.0,3,2024-01-01 00:00:00.0,2026-12-31 00:00:00.0,180.746,-0.71,1.893
884.0,8.84,11203.736,74100000_2024-01-01 00:00:00.0_2026-12-31 00:00:00.0,3,2024-01-01 00:00:00.0,2026-12-31 00:00:00.0,180.746,-0.71,1.893
885.0,8.85,11227.721,74100000_2024-01-01 00:00:00.0_2026-12-31 00:00:00.0,3,2024-01-01 00:00:00.0,2026-12-31 00:00:00.0,180.746,-0.71,1.893
886.0,8.86,11251.729,74100000_2024-01-01 00:00:00.0_2026-12-31 00:00:00.0,3,2024-01-01 00:00:00.0,2026-12-31 00:00:00.0,180.746,-0.71,1.893
887.0,8.87,11275.762,74100000_2024-01-01 00:00:00.0_2026-12-31 00:00:00.0,3,2024-01-01 00:00:00.0,2026-12-31 00:00:00.0,180.746,-0.71,1.893
888.0,8.88,11299.819,74100000_2024-01-01 00:00:00.0_2026-12-31 00:00:00.0,3,2024-01-01 00:00:00.0,2026-12-31 00:00:00.0,180.746,-0.71,1.893
889.0,8.89,11323.901,74100000_2024-01-01 00:00:00.0_2026-12-31 00:00:00.0,3,2024-01-01 00:00:00.0,2026-12-31 00:00:00.0,180.746,-0.71,1.893
890.0,8.9,11348.006,74100000_2024-01-01 00:00:00.0_2026-12-31 00:00:00.0,3,2024-01-01 00:00:00.0,2026-12-31 00:00:00.0,180.746,-0.71,1.893
891.0,8.91,11372.136,74100000_2024-01-01 00:00:00.0_2026-12-31 00:00:00.0,3,2024-01-01 00:00:00.0,2026-12-31 00:00:00.0,180.746,-0.71,1.893
892.0,8.92,11396.29,74100000_2024-01-01 00:00:00.0_2026-12-31 00:00:00.0,3,2024-01-01 00:00:00.0,2026-12-31 00:00:00.0,180.746,-0.71,1.893
893.0,8.93,11420.468,74100000_2024-01-01 00:00:00.0_2026-12-31 00:00:00.0,3,2024-01-01 00:00:00.0,2026-12-31 00:00:00.0,180.746,-0.71,1.893
894.0,8.94,11444.67,74100000_2024-01-01 00:00:00.0_2026-12-31 00:00:00.0,3,2024-01-01 00:00:00.0,2026-12-31 00:00:00.0,180.746,-0.71,1.893
895.0,8.95,11468.896,74100000_2024-01-01 00:00:00.0_2026-12-31 00:00:00.0,3,2024-01-01 00:00:00.0,2026-12-31 00:00:00.0,180.746,-0.71,1.893
896.0,8.96,11493.147,74100000_2024-01-01 00:00:00.0_2026-12-31 00:00:00.0,3,2024-01-01 00:00:00.0,2026-12-31 00:00:00.0,180.746,-0.71,1.893
897.0,8.97,11517.422,74100000_2024-01-01 00:00:00.0_2026-12-31 00:00:00.0,3,2024-01-01 00:00:00.0,2026-12-31 00:00:00.0,180.746,-0.71,1.893
898.0,8.98,11541.72,74100000_2024-01-01 00:00:00.0_2026-12-31 00:00:00.0,3,2024-01-01 00:00:00.0,2026-12-31 00:00:00.0,180.746,-0.71,1.893
899.0,8.99,11566.043,74100000_2024-01-01 00:00:00.0_2026-12-31 00:00:00.0,3,2024-01-01 00:00:00.0,2026-12-31 00:00:00.0,180.746,-0.71,1.893
900.0,9.0,11590.391,74100000_2024-01-01 00:00:00.0_2026-12-31 00:00:00.0,3,2024-01-01 00:00:00.0,2026-12-31 00:00:00.0,180.746,-0.71,1.893
901.0,9.01,11614.762,74100000_2024-01-01 00:00:00.0_2026-12-31 00:00:00.0,3,2024-01-01 00:00:00.0,2026-12-31 00:00:00.0,180.746,-0.71,1.893
902.0,9.02,11639.157,74100000_2024-01-01 00:00:00.0_2026-12-31 00:00:00.0,3,2024-01-01 00:00:00.0,2026-12-31 00:00:00.0,180.746,-0.71,1.893
903.0,9.03,11663.577,74100000_2024-01-01 00:00:00.0_2026-12-31 00:00:00.0,3,2024-01-01 00:00:00.0,2026-12-31 00:00:00.0,180.746,-0.71,1.893
904.0,9.04,11688.021,74100000_2024-01-01 00:00:00.0_2026-12-31 00:00:00.0,3,2024-01-01 00:00:00.0,2026-12-31 00:00:00.0,180.746,-0.71,1.893
905.0,9.05,11712.489,74100000_2024-01-01 00:00:00.0_2026-12-31 00:00:00.0,3,2024-01-01 00:00:00.0,2026-12-31 00:00:00.0,180.746,-0.71,1.893
906.0,9.06,11736.981,74100000_2024-01-01 00:00:00.0_2026-12-31 00:00:00.0,3,2024-01-01 00:00:00.0,2026-12-31 00:00:00.0,180.746,-0.71,1.893
907.0,9.07,11761.497,74100000_2024-01-01 00:00:00.0_2026-12-31 00:00:00.0,3,2024-01-01 00:00:00.0,2026-12-31 00:00:00.0,180.746,-0.71,1.893
908.0,9.08,11786.037,74100000_2024-01-01 00:00:00.0_2026-12-31 00:00:00.0,3,2024-01-01 00:00:00.0,2026-12-31 00:00:00.0,180.746,-0.71,1.893
909.0,9.09,11810.601,74100000_2024-01-01 00:00:00.0_2026-12-31 00:00:00.0,3,2024-01-01 00:00:00.0,2026-12-31 00:00:00.0,180.746,-0.71,1.893
910.0,9.1,11835.19,74100000_2024-01-01 00:00:00.0_2026-12-31 00:00:00.0,3,2024-01-01 00:00:00.0,2026-12-31 00:00:00.0,180.746,-0.71,1.893
911.0,9.11,11859.803,74100000_2024-01-01 00:00:00.0_2026-12-31 00:00:00.0,3,2024-01-01 00:00:00.0,2026-12-31 00:00:00.0,180.746,-0.71,1.893
912.0,9.12,11884.439,74100000_2024-01-01 00:00:00.0_2026-12-31 00:00:00.0,3,2024-01-01 00:00:00.0,2026-12-31 00:00:00.0,180.746,-0.71,1.893
913.0,9.13,11909.1,74100000_2024-01-01 00:00:00.0_2026-12-31 00:00:00.0,3,2024-01-01 00:00:00.0,2026-12-31 00:00:00.0,180.746,-0.71,1.893
914.0,9.14,11933.785,74100000_2024-01-01 00:00:00.0_2026-12-31 00:00:00.0,3,2024-01-01 00:00:00.0,2026-12-31 00:00:00.0,180.746,-0.71,1.893
915.0,9.15,11958.494,74100000_2024-01-01 00:00:00.0_2026-12-31 00:00:00.0,3,2024-01-01 00:00:00.0,2026-12-31 00:00:00.0,180.746,-0.71,1.893
916.0,9.16,11983.228,74100000_2024-01-01 00:00:00.0_2026-12-31 00:00:00.0,3,2024-01-01 00:00:00.0,2026-12-31 00:00:00.0,180.746,-0.71,1.893
917.0,9.17,12007.985,74100000_2024-01-01 00:00:00.0_2026-12-31 00:00:00.0,3,2024-01-01 00:00:00.0,2026-12-31 00:00:00.0,180.746,-0.71,1.893
918.0,9.18,12032.766,74100000_2024-01-01 00:00:00.0_2026-12-31 00:00:00.0,3,2024-01-01 00:00:00.0,2026-12-31 00:00:00.0,180.746,-0.71,1.893
919.0,9.19,12057.572,74100000_2024-01-01 00:00:00.0_2026-12-31 00:00:00.0,3,2024-01-01 00:00:00.0,2026-12-31 00:00:00.0,180.746,-0.71,1.893
920.0,9.2,12082.402,74100000_2024-01-01 00:00:00.0_2026-12-31 00:00:00.0,3,2024-01-01 00:00:00.0,2026-12-31 00:00:00.0,180.746,-0.71,1.893
921.0,9.21,12107.255,74100000_2024-01-01 00:00:00.0_2026-12-31 00:00:00.0,3,2024-01-01 00:00:00.0,2026-12-31 00:00:00.0,180.746,-0.71,1.893
922.0,9.22,12132.133,74100000_2024-01-01 00:00:00.0_2026-12-31 00:00:00.0,3,2024-01-01 00:00:00.0,2026-12-31 00:00:00.0,180.746,-0.71,1.893
923.0,9.23,12157.035,74100000_2024-01-01 00:00:00.0_2026-12-31 00:00:00.0,3,2024-01-01 00:00:00.0,2026-12-31 00:00:00.0,180.746,-0.71,1.893
924.0,9.24,12181.961,74100000_2024-01-01 00:00:00.0_2026-12-31 00:00:00.0,3,2024-01-01 00:00:00.0,2026-12-31 00:00:00.0,180.746,-0.71,1.893
925.0,9.25,12206.911,74100000_2024-01-01 00:00:00.0_2026-12-31 00:00:00.0,3,2024-01-01 00:00:00.0,2026-12-31 00:00:00.0,180.746,-0.71,1.893
926.0,9.26,12231.885,74100000_2024-01-01 00:00:00.0_2026-12-31 00:00:00.0,3,2024-01-01 00:00:00.0,2026-12-31 00:00:00.0,180.746,-0.71,1.893
927.0,9.27,12256.884,74100000_2024-01-01 00:00:00.0_2026-12-31 00:00:00.0,3,2024-01-01 00:00:00.0,2026-12-31 00:00:00.0,180.746,-0.71,1.893
928.0,9.28,12281.906,74100000_2024-01-01 00:00:00.0_2026-12-31 00:00:00.0,3,2024-01-01 00:00:00.0,2026-12-31 00:00:00.0,180.746,-0.71,1.893
929.0,9.29,12306.952,74100000_2024-01-01 00:00:00.0_2026-12-31 00:00:00.0,3,2024-01-01 00:00:00.0,2026-12-31 00:00:00.0,180.746,-0.71,1.893
930.0,9.3,12332.023,74100000_2024-01-01 00:00:00.0_2026-12-31 00:00:00.0,3,2024-01-01 00:00:00.0,2026-12-31 00:00:00.0,180.746,-0.71,1.893
931.0,9.31,12357.117,74100000_2024-01-01 00:00:00.0_2026-12-31 00:00:00.0,3,2024-01-01 00:00:00.0,2026-12-31 00:00:00.0,180.746,-0.71,1.893
932.0,9.32,12382.236,74100000_2024-01-01 00:00:00.0_2026-12-31 00:00:00.0,3,2024-01-01 00:00:00.0,2026-12-31 00:00:00.0,180.746,-0.71,1.893
933.0,9.33,12407.378,74100000_2024-01-01 00:00:00.0_2026-12-31 00:00:00.0,3,2024-01-01 00:00:00.0,2026-12-31 00:00:00.0,180.746,-0.71,1.893
934.0,9.34,12432.545,74100000_2024-01-01 00:00:00.0_2026-12-31 00:00:00.0,3,2024-01-01 00:00:00.0,2026-12-31 00:00:00.0,180.746,-0.71,1.893
935.0,9.35,12457.736,74100000_2024-01-01 00:00:00.0_2026-12-31 00:00:00.0,3,2024-01-01 00:00:00.0,2026-12-31 00:00:00.0,180.746,-0.71,1.893
936.0,9.36,12482.951,74100000_2024-01-01 00:00:00.0_2026-12-31 00:00:00.0,3,2024-01-01 00:00:00.0,2026-12-31 00:00:00.0,180.746,-0.71,1.893
937.0,9.37,12508.19,74100000_2024-01-01 00:00:00.0_2026-12-31 00:00:00.0,3,2024-01-01 00:00:00.0,2026-12-31 00:00:00.0,180.746,-0.71,1.893
938.0,9.38,12533.452,74100000_2024-01-01 00:00:00.0_2026-12-31 00:00:00.0,3,2024-01-01 00:00:00.0,2026-12-31 00:00:00.0,180.746,-0.71,1.893
939.0,9.39,12558.739,74100000_2024-01-01 00:00:00.0_2026-12-31 00:00:00.0,3,2024-01-01 00:00:00.0,2026-12-31 00:00:00.0,180.746,-0.71,1.893
940.0,9.4,12584.05,74100000_2024-01-01 00:00:00.0_2026-12-31 00:00:00.0,3,2024-01-01 00:00:00.0,2026-12-31 00:00:00.0,180.746,-0.71,1.893
941.0,9.41,12609.385,74100000_2024-01-01 00:00:00.0_2026-12-31 00:00:00.0,3,2024-01-01 00:00:00.0,2026-12-31 00:00:00.0,180.746,-0.71,1.893
942.0,9.42,12634.745,74100000_2024-01-01 00:00:00.0_2026-12-31 00:00:00.0,3,2024-01-01 00:00:00.0,2026-12-31 00:00:00.0,180.746,-0.71,1.893
943.0,9.43,12660.128,74100000_2024-01-01 00:00:00.0_2026-12-31 00:00:00.0,3,2024-01-01 00:00:00.0,2026-12-31 00:00:00.0,180.746,-0.71,1.893
944.0,9.44,12685.535,74100000_2024-01-01 00:00:00.0_2026-12-31 00:00:00.0,3,2024-01-01 00:00:00.0,2026-12-31 00:00:00.0,180.746,-0.71,1.893
945.0,9.45,12710.966,74100000_2024-01-01 00:00:00.0_2026-12-31 00:00:00.0,3,2024-01-01 00:00:00.0,2026-12-31 00:00:00.0,180.746,-0.71,1.893
946.0,9.46,12736.421,74100000_2024-01-01 00:00:00.0_2026-12-31 00:00:00.0,3,2024-01-01 00:00:00.0,2026-12-31 00:00:00.0,180.746,-0.71,1.893
947.0,9.47,12761.9,74100000_2024-01-01 00:00:00.0_2026-12-31 00:00:00.0,3,2024-01-01 00:00:00.0,2026-12-31 00:00:00.0,180.746,-0.71,1.893
948.0,9.48,12787.404,74100000_2024-01-01 00:00:00.0_2026-12-31 00:00:00.0,3,2024-01-01 00:00:00.0,2026-12-31 00:00:00.0,180.746,-0.71,1.893
949.0,9.49,12812.931,74100000_2024-01-01 00:00:00.0_2026-12-31 00:00:00.0,3,2024-01-01 00:00:00.0,2026-12-31 00:00:00.0,180.746,-0.71,1.893
950.0,9.5,12838.482,74100000_2024-01-01 00:00:00.0_2026-12-31 00:00:00.0,3,2024-01-01 00:00:00.0,2026-12-31 00:00:00.0,180.746,-0.71,1.893
951.0,9.51,12864.057,74100000_2024-01-01 00:00:00.0_2026-12-31 00:00:00.0,3,2024-01-01 00:00:00.0,2026-12-31 00:00:00.0,180.746,-0.71,1.893
952.0,9.52,12889.657,74100000_2024-01-01 00:00:00.0_2026-12-31 00:00:00.0,3,2024-01-01 00:00:00.0,2026-12-31 00:00:00.0,180.746,-0.71,1.893
953.0,9.53,12915.28,74100000_2024-01-01 00:00:00.0_2026-12-31 00:00:00.0,3,2024-01-01 00:00:00.0,2026-12-31 00:00:00.0,180.746,-0.71,1.893
954.0,9.54,12940.927,74100000_2024-01-01 00:00:00.0_2026-12-31 00:00:00.0,3,2024-01-01 00:00:00.0,2026-12-31 00:00:00.0,180.746,-0.71,1.893
955.0,9.55,12966.598,74100000_2024-01-01 00:00:00.0_2026-12-31 00:00:00.0,3,2024-01-01 00:00:00.0,2026-12-31 00:00:00.0,180.746,-0.71,1.893
956.0,9.56,12992.294,74100000_2024-01-01 00:00:00.0_2026-12-31 00:00:00.0,3,2024-01-01 00:00:00.0,2026-12-31 00:00:00.0,180.746,-0.71,1.893
957.0,9.57,13018.013,74100000_2024-01-01 00:00:00.0_2026-12-31 00:00:00.0,3,2024-01-01 00:00:00.0,2026-12-31 00:00:00.0,180.746,-0.71,1.893
958.0,9.58,13043.756,74100000_2024-01-01 00:00:00.0_2026-12-31 00:00:00.0,3,2024-01-01 00:00:00.0,2026-12-31 00:00:00.0,180.746,-0.71,1.893
959.0,9.59,13069.523,74100000_2024-01-01 00:00:00.0_2026-12-31 00:00:00.0,3,2024-01-01 00:00:00.0,2026-12-31 00:00:00.0,180.746,-0.71,1.893
960.0,9.6,13095.315,74100000_2024-01-01 00:00:00.0_2026-12-31 00:00:00.0,3,2024-01-01 00:00:00.0,2026-12-31 00:00:00.0,180.746,-0.71,1.893
961.0,9.61,13121.13,74100000_2024-01-01 00:00:00.0_2026-12-31 00:00:00.0,3,2024-01-01 00:00:00.0,2026-12-31 00:00:00.0,180.746,-0.71,1.893
962.0,9.62,13146.969,74100000_2024-01-01 00:00:00.0_2026-12-31 00:00:00.0,3,2024-01-01 00:00:00.0,2026-12-31 00:00:00.0,180.746,-0.71,1.893
963.0,9.63,13172.832,74100000_2024-01-01 00:00:00.0_2026-12-31 00:00:00.0,3,2024-01-01 00:00:00.0,2026-12-31 00:00:00.0,180.746,-0.71,1.893
964.0,9.64,13198.72,74100000_2024-01-01 00:00:00.0_2026-12-31 00:00:00.0,3,2024-01-01 00:00:00.0,2026-12-31 00:00:00.0,180.746,-0.71,1.893
965.0,9.65,13224.631,74100000_2024-01-01 00:00:00.0_2026-12-31 00:00:00.0,3,2024-01-01 00:00:00.0,2026-12-31 00:00:00.0,180.746,-0.71,1.893
966.0,9.66,13250.566,74100000_2024-01-01 00:00:00.0_2026-12-31 00:00:00.0,3,2024-01-01 00:00:00.0,2026-12-31 00:00:00.0,180.746,-0.71,1.893
967.0,9.67,13276.525,74100000_2024-01-01 00:00:00.0_2026-12-31 00:00:00.0,3,2024-01-01 00:00:00.0,2026-12-31 00:00:00.0,180.746,-0.71,1.893
968.0,9.68,13302.508,74100000_2024-01-01 00:00:00.0_2026-12-31 00:00:00.0,3,2024-01-01 00:00:00.0,2026-12-31 00:00:00.0,180.746,-0.71,1.893
969.0,9.69,13328.515,74100000_2024-01-01 00:00:00.0_2026-12-31 00:00:00.0,3,2024-01-01 00:00:00.0,2026-12-31 00:00:00.0,180.746,-0.71,1.893
970.0,9.7,13354.546,74100000_2024-01-01 00:00:00.0_2026-12-31 00:00:00.0,3,2024-01-01 00:00:00.0,2026-12-31 00:00:00.0,180.746,-0.71,1.893
971.0,9.71,13380.601,74100000_2024-01-01 00:00:00.0_2026-12-31 00:00:00.0,3,2024-01-01 00:00:00.0,2026-12-31 00:00:00.0,180.746,-0.71,1.893
972.0,9.72,13406.68,74100000_2024-01-01 00:00:00.0_2026-12-31 00:00:00.0,3,2024-01-01 00:00:00.0,2026-12-31 00:00:00.0,180.746,-0.71,1.893
973.0,9.73,13432.783,74100000_2024-01-01 00:00:00.0_2026-12-31 00:00:00.0,3,2024-01-01 00:00:00.0,2026-12-31 00:00:00.0,180.746,-0.71,1.893
974.0,9.74,13458.909,74100000_2024-01-01 00:00:00.0_2026-12-31 00:00:00.0,3,2024-01-01 00:00:00.0,2026-12-31 00:00:00.0,180.746,-0.71,1.893
975.0,9.75,13485.06,74100000_2024-01-01 00:00:00.0_2026-12-31 00:00:00.0,3,2024-01-01 00:00:00.0,2026-12-31 00:00:00.0,180.746,-0.71,1.893
976.0,9.76,13511.235,74100000_2024-01-01 00:00:00.0_2026-12-31 00:00:00.0,3,2024-01-01 00:00:00.0,2026-12-31 00:00:00.0,180.746,-0.71,1.893
977.0,9.77,13537.433,74100000_2024-01-01 00:00:00.0_2026-12-31 00:00:00.0,3,2024-01-01 00:00:00.0,2026-12-31 00:00:00.0,180.746,-0.71,1.893
978.0,9.78,13563.656,74100000_2024-01-01 00:00:00.0_2026-12-31 00:00:00.0,3,2024-01-01 00:00:00.0,2026-12-31 00:00:00.0,180.746,-0.71,1.893
979.0,9.79,13589.902,74100000_2024-01-01 00:00:00.0_2026-12-31 00:00:00.0,3,2024-01-01 00:00:00.0,2026-12-31 00:00:00.0,180.746,-0.71,1.893
980.0,9.8,13616.173,74100000_2024-01-01 00:00:00.0_2026-12-31 00:00:00.0,3,2024-01-01 00:00:00.0,2026-12-31 00:00:00.0,180.746,-0.71,1.893
981.0,9.81,13642.467,74100000_2024-01-01 00:00:00.0_2026-12-31 00:00:00.0,3,2024-01-01 00:00:00.0,2026-12-31 00:00:00.0,180.746,-0.71,1.893
982.0,9.82,13668.786,74100000_2024-01-01 00:00:00.0_2026-12-31 00:00:00.0,3,2024-01-01 00:00:00.0,2026-12-31 00:00:00.0,180.746,-0.71,1.893
983.0,9.83,13695.128,74100000_2024-01-01 00:00:00.0_2026-12-31 00:00:00.0,3,2024-01-01 00:00:00.0,2026-12-31 00:00:00.0,180.746,-0.71,1.893
984.0,9.84,13721.494,74100000_2024-01-01 00:00:00.0_2026-12-31 00:00:00.0,3,2024-01-01 00:00:00.0,2026-12-31 00:00:00.0,180.746,-0.71,1.893
985.0,9.85,13747.884,74100000_2024-01-01 00:00:00.0_2026-12-31 00:00:00.0,3,2024-01-01 00:00:00.0,2026-12-31 00:00:00.0,180.746,-0.71,1.893
986.0,9.86,13774.298,74100000_2024-01-01 00:00:00.0_2026-12-31 00:00:00.0,3,2024-01-01 00:00:00.0,2026-12-31 00:00:00.0,180.746,-0.71,1.893
987.0,9.87,13800.736,74100000_2024-01-01 00:00:00.0_2026-12-31 00:00:00.0,3,2024-01-01 00:00:00.0,2026-12-31 00:00:00.0,180.746,-0.71,1.893
988.0,9.88,13827.198,74100000_2024-01-01 00:00:00.0_2026-12-31 00:00:00.0,3,2024-01-01 00:00:00.0,2026-12-31 00:00:00.0,180.746,-0.71,1.893
989.0,9.89,13853.683,74100000_2024-01-01 00:00:00.0_2026-12-31 00:00:00.0,3,2024-01-01 00:00:00.0,2026-12-31 00:00:00.0,180.746,-0.71,1.893
990.0,9.9,13880.193,74100000_2024-01-01 00:00:00.0_2026-12-31 00:00:00.0,3,2024-01-01 00:00:00.0,2026-12-31 00:00:00.0,180.746,-0.71,1.893
991.0,9.91,13906.727,74100000_2024-01-01 00:00:00.0_2026-12-31 00:00:00.0,3,2024-01-01 00:00:00.0,2026-12-31 00:00:00.0,180.746,-0.71,1.893
992.0,9.92,13933.284,74100000_2024-01-01 00:00:00.0_2026-12-31 00:00:00.0,3,2024-01-01 00:00:00.0,2026-12-31 00:00:00.0,180.746,-0.71,1.893
993.0,9.93,13959.865,74100000_2024-01-01 00:00:00.0_2026-12-31 00:00:00.0,3,2024-01-01 00:00:00.0,2026-12-31 00:00:00.0,180.746,-0.71,1.893
994.0,9.94,13986.471,74100000_2024-01-01 00:00:00.0_2026-12-31 00:00:00.0,3,2024-01-01 00:00:00.0,2026-12-31 00:00:00.0,180.746,-0.71,1.893
995.0,9.95,14013.1,74100000_2024-01-01 00:00:00.0_2026-12-31 00:00:00.0,3,2024-01-01 00:00:00.0,2026-12-31 00:00:00.0,180.746,-0.71,1.893
996.0,9.96,14039.753,74100000_2024-01-01 00:00:00.0_2026-12-31 00:00:00.0,3,2024-01-01 00:00:00.0,2026-12-31 00:00:00.0,180.746,-0.71,1.893
997.0,9.97,14066.43,74100000_2024-01-01 00:00:00.0_2026-12-31 00:00:00.0,3,2024-01-01 00:00:00.0,2026-12-31 00:00:00.0,180.746,-0.71,1.893
998.0,9.98,14093.131,74100000_2024-01-01 00:00:00.0_2026-12-31 00:00:00.0,3,2024-01-01 00:00:00.0,2026-12-31 00:00:00.0,180.746,-0.71,1.893
999.0,9.99,14119.855,74100000_2024-01-01 00:00:00.0_2026-12-31 00:00:00.0,3,2024-01-01 00:00:00.0,2026-12-31 00:00:00.0,180.746,-0.71,1.893
1000.0,10.0,14146.604,74100000_2024-01-01 00:00:00.0_2026-12-31 00:00:00.0,3,2024-01-01 00:00:00.0,2026-12-31 00:00:00.0,180.746,-0.71,1.893
1001.0,10.01,14173.376,74100000_2024-01-01 00:00:00.0_2026-12-31 00:00:00.0,3,2024-01-01 00:00:00.0,2026-12-31 00:00:00.0,180.746,-0.71,1.893
1002.0,10.02,14200.173,74100000_2024-01-01 00:00:00.0_2026-12-31 00:00:00.0,3,2024-01-01 00:00:00.0,2026-12-31 00:00:00.0,180.746,-0.71,1.893
1003.0,10.03,14226.993,74100000_2024-01-01 00:00:00.0_2026-12-31 00:00:00.0,3,2024-01-01 00:00:00.0,2026-12-31 00:00:00.0,180.746,-0.71,1.893
1004.0,10.04,14253.837,74100000_2024-01-01 00:00:00.0_2026-12-31 00:00:00.0,3,2024-01-01 00:00:00.0,2026-12-31 00:00:00.0,180.746,-0.71,1.893
1005.0,10.05,14280.705,74100000_2024-01-01 00:00:00.0_2026-12-31 00:00:00.0,3,2024-01-01 00:00:00.0,2026-12-31 00:00:00.0,180.746,-0.71,1.893
1006.0,10.06,14307.597,74100000_2024-01-01 00:00:00.0_2026-12-31 00:00:00.0,3,2024-01-01 00:00:00.0,2026-12-31 00:00:00.0,180.746,-0.71,1.893
1007.0,10.07,14334.512,74100000_2024-01-01 00:00:00.0_2026-12-31 00:00:00.0,3,2024-01-01 00:00:00.0,2026-12-31 00:00:00.0,180.746,-0.71,1.893
1008.0,10.08,14361.452,74100000_2024-01-01 00:00:00.0_2026-12-31 00:00:00.0,3,2024-01-01 00:00:00.0,2026-12-31 00:00:00.0,180.746,-0.71,1.893
1009.0,10.09,14388.415,74100000_2024-01-01 00:00:00.0_2026-12-31 00:00:00.0,3,2024-01-01 00:00:00.0,2026-12-31 00:00:00.0,180.746,-0.71,1.893
1010.0,10.1,14415.403,74100000_2024-01-01 00:00:00.0_2026-12-31 00:00:00.0,3,2024-01-01 00:00:00.0,2026-12-31 00:00:00.0,180.746,-0.71,1.893
1011.0,10.11,14442.414,74100000_2024-01-01 00:00:00.0_2026-12-31 00:00:00.0,3,2024-01-01 00:00:00.0,2026-12-31 00:00:00.0,180.746,-0.71,1.893
1012.0,10.12,14469.449,74100000_2024-01-01 00:00:00.0_2026-12-31 00:00:00.0,3,2024-01-01 00:00:00.0,2026-12-31 00:00:00.0,180.746,-0.71,1.893
1013.0,10.13,14496.508,74100000_2024-01-01 00:00:00.0_2026-12-31 00:00:00.0,3,2024-01-01 00:00:00.0,2026-12-31 00:00:00.0,180.746,-0.71,1.893
1014.0,10.14,14523.59,74100000_2024-01-01 00:00:00.0_2026-12-31 00:00:00.0,3,2024-01-01 00:00:00.0,2026-12-31 00:00:00.0,180.746,-0.71,1.893
1015.0,10.15,14550.697,74100000_2024-01-01 00:00:00.0_2026-12-31 00:00:00.0,3,2024-01-01 00:00:00.0,2026-12-31 00:00:00.0,180.746,-0.71,1.893
1016.0,10.16,14577.827,74100000_2024-01-01 00:00:00.0_2026-12-31 00:00:00.0,3,2024-01-01 00:00:00.0,2026-12-31 00:00:00.0,180.746,-0.71,1.893
1017.0,10.17,14604.981,74100000_2024-01-01 00:00:00.0_2026-12-31 00:00:00.0,3,2024-01-01 00:00:00.0,2026-12-31 00:00:00.0,180.746,-0.71,1.893
1018.0,10.18,14632.159,74100000_2024-01-01 00:00:00.0_2026-12-31 00:00:00.0,3,2024-01-01 00:00:00.0,2026-12-31 00:00:00.0,180.746,-0.71,1.893
1019.0,10.19,14659.361,74100000_2024-01-01 00:00:00.0_2026-12-31 00:00:00.0,3,2024-01-01 00:00:00.0,2026-12-31 00:00:00.0,180.746,-0.71,1.893
1020.0,10.2,14686.587,74100000_2024-01-01 00:00:00.0_2026-12-31 00:00:00.0,3,2024-01-01 00:00:00.0,2026-12-31 00:00:00.0,180.746,-0.71,1.893
1021.0,10.21,14713.836,74100000_2024-01-01 00:00:00.0_2026-12-31 00:00:00.0,3,2024-01-01 00:00:00.0,2026-12-31 00:00:00.0,180.746,-0.71,1.893
1022.0,10.22,14741.11,74100000_2024-01-01 00:00:00.0_2026-12-31 00:00:00.0,3,2024-01-01 00:00:00.0,2026-12-31 00:00:00.0,180.746,-0.71,1.893
1023.0,10.23,14768.407,74100000_2024-01-01 00:00:00.0_2026-12-31 00:00:00.0,3,2024-01-01 00:00:00.0,2026-12-31 00:00:00.0,180.746,-0.71,1.893
1024.0,10.24,14795.728,74100000_2024-01-01 00:00:00.0_2026-12-31 00:00:00.0,3,2024-01-01 00:00:00.0,2026-12-31 00:00:00.0,180.746,-0.71,1.893
1025.0,10.25,14823.073,74100000_2024-01-01 00:00:00.0_2026-12-31 00:00:00.0,3,2024-01-01 00:00:00.0,2026-12-31 00:00:00.0,180.746,-0.71,1.893
1026.0,10.26,14850.441,74100000_2024-01-01 00:00:00.0_2026-12-31 00:00:00.0,3,2024-01-01 00:00:00.0,2026-12-31 00:00:00.0,180.746,-0.71,1.893
1027.0,10.27,14877.834,74100000_2024-01-01 00:00:00.0_2026-12-31 00:00:00.0,3,2024-01-01 00:00:00.0,2026-12-31 00:00:00.0,180.746,-0.71,1.893
1028.0,10.28,14905.25,74100000_2024-01-01 00:00:00.0_2026-12-31 00:00:00.0,3,2024-01-01 00:00:00.0,2026-12-31 00:00:00.0,180.746,-0.71,1.893
1029.0,10.29,14932.69,74100000_2024-01-01 00:00:00.0_2026-12-31 00:00:00.0,3,2024-01-01 00:00:00.0,2026-12-31 00:00:00.0,180.746,-0.71,1.893
1030.0,10.3,14960.154,74100000_2024-01-01 00:00:00.0_2026-12-31 00:00:00.0,3,2024-01-01 00:00:00.0,2026-12-31 00:00:00.0,180.746,-0.71,1.893
1031.0,10.31,14987.642,74100000_2024-01-01 00:00:00.0_2026-12-31 00:00:00.0,3,2024-01-01 00:00:00.0,2026-12-31 00:00:00.0,180.746,-0.71,1.893
1032.0,10.32,15015.153,74100000_2024-01-01 00:00:00.0_2026-12-31 00:00:00.0,3,2024-01-01 00:00:00.0,2026-12-31 00:00:00.0,180.746,-0.71,1.893
1033.0,10.33,15042.689,74100000_2024-01-01 00:00:00.0_2026-12-31 00:00:00.0,3,2024-01-01 00:00:00.0,2026-12-31 00:00:00.0,180.746,-0.71,1.893
1034.0,10.34,15070.248,74100000_2024-01-01 00:00:00.0_2026-12-31 00:00:00.0,3,2024-01-01 00:00:00.0,2026-12-31 00:00:00.0,180.746,-0.71,1.893
1035.0,10.35,15097.831,74100000_2024-01-01 00:00:00.0_2026-12-31 00:00:00.0,3,2024-01-01 00:00:00.0,2026-12-31 00:00:00.0,180.746,-0.71,1.893
1036.0,10.36,15125.437,74100000_2024-01-01 00:00:00.0_2026-12-31 00:00:00.0,3,2024-01-01 00:00:00.0,2026-12-31 00:00:00.0,180.746,-0.71,1.893
1037.0,10.37,15153.068,74100000_2024-01-01 00:00:00.0_2026-12-31 00:00:00.0,3,2024-01-01 00:00:00.0,2026-12-31 00:00:00.0,180.746,-0.71,1.893
1038.0,10.38,15180.722,74100000_2024-01-01 00:00:00.0_2026-12-31 00:00:00.0,3,2024-01-01 00:00:00.0,2026-12-31 00:00:00.0,180.746,-0.71,1.893
1039.0,10.39,15208.4,74100000_2024-01-01 00:00:00.0_2026-12-31 00:00:00.0,3,2024-01-01 00:00:00.0,2026-12-31 00:00:00.0,180.746,-0.71,1.893
1040.0,10.4,15236.102,74100000_2024-01-01 00:00:00.0_2026-12-31 00:00:00.0,3,2024-01-01 00:00:00.0,2026-12-31 00:00:00.0,180.746,-0.71,1.893
1041.0,10.41,15263.828,74100000_2024-01-01 00:00:00.0_2026-12-31 00:00:00.0,3,2024-01-01 00:00:00.0,2026-12-31 00:00:00.0,180.746,-0.71,1.893
1042.0,10.42,15291.577,74100000_2024-01-01 00:00:00.0_2026-12-31 00:00:00.0,3,2024-01-01 00:00:00.0,2026-12-31 00:00:00.0,180.746,-0.71,1.893
1043.0,10.43,15319.35,74100000_2024-01-01 00:00:00.0_2026-12-31 00:00:00.0,3,2024-01-01 00:00:00.0,2026-12-31 00:00:00.0,180.746,-0.71,1.893
1044.0,10.44,15347.147,74100000_2024-01-01 00:00:00.0_2026-12-31 00:00:00.0,3,2024-01-01 00:00:00.0,2026-12-31 00:00:00.0,180.746,-0.71,1.893
1045.0,10.45,15374.968,74100000_2024-01-01 00:00:00.0_2026-12-31 00:00:00.0,3,2024-01-01 00:00:00.0,2026-12-31 00:00:00.0,180.746,-0.71,1.893
1046.0,10.46,15402.812,74100000_2024-01-01 00:00:00.0_2026-12-31 00:00:00.0,3,2024-01-01 00:00:00.0,2026-12-31 00:00:00.0,180.746,-0.71,1.893
1047.0,10.47,15430.68,74100000_2024-01-01 00:00:00.0_2026-12-31 00:00:00.0,3,2024-01-01 00:00:00.0,2026-12-31 00:00:00.0,180.746,-0.71,1.893
1048.0,10.48,15458.572,74100000_2024-01-01 00:00:00.0_2026-12-31 00:00:00.0,3,2024-01-01 00:00:00.0,2026-12-31 00:00:00.0,180.746,-0.71,1.893
1049.0,10.49,15486.488,74100000_2024-01-01 00:00:00.0_2026-12-31 00:00:00.0,3,2024-01-01 00:00:00.0,2026-12-31 00:00:00.0,180.746,-0.71,1.893
1050.0,10.5,15514.428,74100000_2024-01-01 00:00:00.0_2026-12-31 00:00:00.0,3,2024-01-01 00:00:00.0,2026-12-31 00:00:00.0,180.746,-0.71,1.893
1051.0,10.51,15542.391,74100000_2024-01-01 00:00:00.0_2026-12-31 00:00:00.0,3,2024-01-01 00:00:00.0,2026-12-31 00:00:00.0,180.746,-0.71,1.893
1052.0,10.52,15570.378,74100000_2024-01-01 00:00:00.0_2026-12-31 00:00:00.0,3,2024-01-01 00:00:00.0,2026-12-31 00:00:00.0,180.746,-0.71,1.893
1053.0,10.53,15598.389,74100000_2024-01-01 00:00:00.0_2026-12-31 00:00:00.0,3,2024-01-01 00:00:00.0,2026-12-31 00:00:00.0,180.746,-0.71,1.893
1054.0,10.54,15626.423,74100000_2024-01-01 00:00:00.0_2026-12-31 00:00:00.0,3,2024-01-01 00:00:00.0,2026-12-31 00:00:00.0,180.746,-0.71,1.893
1055.0,10.55,15654.482,74100000_2024-01-01 00:00:00.0_2026-12-31 00:00:00.0,3,2024-01-01 00:00:00.0,2026-12-31 00:00:00.0,180.746,-0.71,1.893
1056.0,10.56,15682.564,74100000_2024-01-01 00:00:00.0_2026-12-31 00:00:00.0,3,2024-01-01 00:00:00.0,2026-12-31 00:00:00.0,180.746,-0.71,1.893
1057.0,10.57,15710.669,74100000_2024-01-01 00:00:00.0_2026-12-31 00:00:00.0,3,2024-01-01 00:00:00.0,2026-12-31 00:00:00.0,180.746,-0.71,1.893
1058.0,10.58,15738.799,74100000_2024-01-01 00:00:00.0_2026-12-31 00:00:00.0,3,2024-01-01 00:00:00.0,2026-12-31 00:00:00.0,180.746,-0.71,1.893
1059.0,10.59,15766.952,74100000_2024-01-01 00:00:00.0_2026-12-31 00:00:00.0,3,2024-01-01 00:00:00.0,2026-12-31 00:00:00.0,180.746,-0.71,1.893
1060.0,10.6,15795.129,74100000_2024-01-01 00:00:00.0_2026-12-31 00:00:00.0,3,2024-01-01 00:00:00.0,2026-12-31 00:00:00.0,180.746,-0.71,1.893
1061.0,10.61,15823.33,74100000_2024-01-01 00:00:00.0_2026-12-31 00:00:00.0,3,2024-01-01 00:00:00.0,2026-12-31 00:00:00.0,180.746,-0.71,1.893
1062.0,10.62,15851.554,74100000_2024-01-01 00:00:00.0_2026-12-31 00:00:00.0,3,2024-01-01 00:00:00.0,2026-12-31 00:00:00.0,180.746,-0.71,1.893
1063.0,10.63,15879.802,74100000_2024-01-01 00:00:00.0_2026-12-31 00:00:00.0,3,2024-01-01 00:00:00.0,2026-12-31 00:00:00.0,180.746,-0.71,1.893
1064.0,10.64,15908.074,74100000_2024-01-01 00:00:00.0_2026-12-31 00:00:00.0,3,2024-01-01 00:00:00.0,2026-12-31 00:00:00.0,180.746,-0.71,1.893
1065.0,10.65,15936.37,74100000_2024-01-01 00:00:00.0_2026-12-31 00:00:00.0,3,2024-01-01 00:00:00.0,2026-12-31 00:00:00.0,180.746,-0.71,1.893
1066.0,10.66,15964.689,74100000_2024-01-01 00:00:00.0_2026-12-31 00:00:00.0,3,2024-01-01 00:00:00.0,2026-12-31 00:00:00.0,180.746,-0.71,1.893
1067.0,10.67,15993.032,74100000_2024-01-01 00:00:00.0_2026-12-31 00:00:00.0,3,2024-01-01 00:00:00.0,2026-12-31 00:00:00.0,180.746,-0.71,1.893
1068.0,10.68,16021.399,74100000_2024-01-01 00:00:00.0_2026-12-31 00:00:00.0,3,2024-01-01 00:00:00.0,2026-12-31 00:00:00.0,180.746,-0.71,1.893
1069.0,10.69,16049.789,74100000_2024-01-01 00:00:00.0_2026-12-31 00:00:00.0,3,2024-01-01 00:00:00.0,2026-12-31 00:00:00.0,180.746,-0.71,1.893
1070.0,10.7,16078.204,74100000_2024-01-01 00:00:00.0_2026-12-31 00:00:00.0,3,2024-01-01 00:00:00.0,2026-12-31 00:00:00.0,180.746,-0.71,1.893
1071.0,10.71,16106.641,74100000_2024-01-01 00:00:00.0_2026-12-31 00:00:00.0,3,2024-01-01 00:00:00.0,2026-12-31 00:00:00.0,180.746,-0.71,1.893
1072.0,10.72,16135.103,74100000_2024-01-01 00:00:00.0_2026-12-31 00:00:00.0,3,2024-01-01 00:00:00.0,2026-12-31 00:00:00.0,180.746,-0.71,1.893
1073.0,10.73,16163.588,74100000_2024-01-01 00:00:00.0_2026-12-31 00:00:00.0,3,2024-01-01 00:00:00.0,2026-12-31 00:00:00.0,180.746,-0.71,1.893
1074.0,10.74,16192.097,74100000_2024-01-01 00:00:00.0_2026-12-31 00:00:00.0,3,2024-01-01 00:00:00.0,2026-12-31 00:00:00.0,180.746,-0.71,1.893
1075.0,10.75,16220.63,74100000_2024-01-01 00:00:00.0_2026-12-31 00:00:00.0,3,2024-01-01 00:00:00.0,2026-12-31 00:00:00.0,180.746,-0.71,1.893
1076.0,10.76,16249.186,74100000_2024-01-01 00:00:00.0_2026-12-31 00:00:00.0,3,2024-01-01 00:00:00.0,2026-12-31 00:00:00.0,180.746,-0.71,1.893
1077.0,10.77,16277.767,74100000_2024-01-01 00:00:00.0_2026-12-31 00:00:00.0,3,2024-01-01 00:00:00.0,2026-12-31 00:00:00.0,180.746,-0.71,1.893
1078.0,10.78,16306.37,74100000_2024-01-01 00:00:00.0_2026-12-31 00:00:00.0,3,2024-01-01 00:00:00.0,2026-12-31 00:00:00.0,180.746,-0.71,1.893
1079.0,10.79,16334.998,74100000_2024-01-01 00:00:00.0_2026-12-31 00:00:00.0,3,2024-01-01 00:00:00.0,2026-12-31 00:00:00.0,180.746,-0.71,1.893
1080.0,10.8,16363.649,74100000_2024-01-01 00:00:00.0_2026-12-31 00:00:00.0,3,2024-01-01 00:00:00.0,2026-12-31 00:00:00.0,180.746,-0.71,1.893
1081.0,10.81,16392.324,74100000_2024-01-01 00:00:00.0_2026-12-31 00:00:00.0,3,2024-01-01 00:00:00.0,2026-12-31 00:00:00.0,180.746,-0.71,1.893
1082.0,10.82,16421.022,74100000_2024-01-01 00:00:00.0_2026-12-31 00:00:00.0,3,2024-01-01 00:00:00.0,2026-12-31 00:00:00.0,180.746,-0.71,1.893
1083.0,10.83,16449.745,74100000_2024-01-01 00:00:00.0_2026-12-31 00:00:00.0,3,2024-01-01 00:00:00.0,2026-12-31 00:00:00.0,180.746,-0.71,1.893
1084.0,10.84,16478.49,74100000_2024-01-01 00:00:00.0_2026-12-31 00:00:00.0,3,2024-01-01 00:00:00.0,2026-12-31 00:00:00.0,180.746,-0.71,1.893
1085.0,10.85,16507.26,74100000_2024-01-01 00:00:00.0_2026-12-31 00:00:00.0,3,2024-01-01 00:00:00.0,2026-12-31 00:00:00.0,180.746,-0.71,1.893
1086.0,10.86,16536.053,74100000_2024-01-01 00:00:00.0_2026-12-31 00:00:00.0,3,2024-01-01 00:00:00.0,2026-12-31 00:00:00.0,180.746,-0.71,1.893
1087.0,10.87,16564.87,74100000_2024-01-01 00:00:00.0_2026-12-31 00:00:00.0,3,2024-01-01 00:00:00.0,2026-12-31 00:00:00.0,180.746,-0.71,1.893
1088.0,10.88,16593.711,74100000_2024-01-01 00:00:00.0_2026-12-31 00:00:00.0,3,2024-01-01 00:00:00.0,2026-12-31 00:00:00.0,180.746,-0.71,1.893
1089.0,10.89,16622.575,74100000_2024-01-01 00:00:00.0_2026-12-31 00:00:00.0,3,2024-01-01 00:00:00.0,2026-12-31 00:00:00.0,180.746,-0.71,1.893
1090.0,10.9,16651.463,74100000_2024-01-01 00:00:00.0_2026-12-31 00:00:00.0,3,2024-01-01 00:00:00.0,2026-12-31 00:00:00.0,180.746,-0.71,1.893
1091.0,10.91,16680.374,74100000_2024-01-01 00:00:00.0_2026-12-31 00:00:00.0,3,2024-01-01 00:00:00.0,2026-12-31 00:00:00.0,180.746,-0.71,1.893
1092.0,10.92,16709.31,74100000_2024-01-01 00:00:00.0_2026-12-31 00:00:00.0,3,2024-01-01 00:00:00.0,2026-12-31 00:00:00.0,180.746,-0.71,1.893
1093.0,10.93,16738.268,74100000_2024-01-01 00:00:00.0_2026-12-31 00:00:00.0,3,2024-01-01 00:00:00.0,2026-12-31 00:00:00.0,180.746,-0.71,1.893
1094.0,10.94,16767.251,74100000_2024-01-01 00:00:00.0_2026-12-31 00:00:00.0,3,2024-01-01 00:00:00.0,2026-12-31 00:00:00.0,180.746,-0.71,1.893
1095.0,10.95,16796.257,74100000_2024-01-01 00:00:00.0_2026-12-31 00:00:00.0,3,2024-01-01 00:00:00.0,2026-12-31 00:00:00.0,180.746,-0.71,1.893
1096.0,10.96,16825.287,74100000_2024-01-01 00:00:00.0_2026-12-31 00:00:00.0,3,2024-01-01 00:00:00.0,2026-12-31 00:00:00.0,180.746,-0.71,1.893
1097.0,10.97,16854.34,74100000_2024-01-01 00:00:00.0_2026-12-31 00:00:00.0,3,2024-01-01 00:00:00.0,2026-12-31 00:00:00.0,180.746,-0.71,1.893
1098.0,10.98,16883.418,74100000_2024-01-01 00:00:00.0_2026-12-31 00:00:00.0,3,2024-01-01 00:00:00.0,2026-12-31 00:00:00.0,180.746,-0.71,1.893
1099.0,10.99,16912.518,74100000_2024-01-01 00:00:00.0_2026-12-31 00:00:00.0,3,2024-01-01 00:00:00.0,2026-12-31 00:00:00.0,180.746,-0.71,1.893
1100.0,11.0,16941.643,74100000_2024-01-01 00:00:00.0_2026-12-31 00:00:00.0,3,2024-01-01 00:00:00.0,2026-12-31 00:00:00.0,180.746,-0.71,1.893
1101.0,11.01,16970.791,74100000_2024-01-01 00:00:00.0_2026-12-31 00:00:00.0,3,2024-01-01 00:00:00.0,2026-12-31 00:00:00.0,180.746,-0.71,1.893
1102.0,11.02,16999.962,74100000_2024-01-01 00:00:00.0_2026-12-31 00:00:00.0,3,2024-01-01 00:00:00.0,2026-12-31 00:00:00.0,180.746,-0.71,1.893
1103.0,11.03,17029.158,74100000_2024-01-01 00:00:00.0_2026-12-31 00:00:00.0,3,2024-01-01 00:00:00.0,2026-12-31 00:00:00.0,180.746,-0.71,1.893
1104.0,11.04,17058.377,74100000_2024-01-01 00:00:00.0_2026-12-31 00:00:00.0,3,2024-01-01 00:00:00.0,2026-12-31 00:00:00.0,180.746,-0.71,1.893
1105.0,11.05,17087.619,74100000_2024-01-01 00:00:00.0_2026-12-31 00:00:00.0,3,2024-01-01 00:00:00.0,2026-12-31 00:00:00.0,180.746,-0.71,1.893
1106.0,11.06,17116.885,74100000_2024-01-01 00:00:00.0_2026-12-31 00:00:00.0,3,2024-01-01 00:00:00.0,2026-12-31 00:00:00.0,180.746,-0.71,1.893
1107.0,11.07,17146.175,74100000_2024-01-01 00:00:00.0_2026-12-31 00:00:00.0,3,2024-01-01 00:00:00.0,2026-12-31 00:00:00.0,180.746,-0.71,1.893
1108.0,11.08,17175.489,74100000_2024-01-01 00:00:00.0_2026-12-31 00:00:00.0,3,2024-01-01 00:00:00.0,2026-12-31 00:00:00.0,180.746,-0.71,1.893
1109.0,11.09,17204.826,74100000_2024-01-01 00:00:00.0_2026-12-31 00:00:00.0,3,2024-01-01 00:00:00.0,2026-12-31 00:00:00.0,180.746,-0.71,1.893
1110.0,11.1,17234.186,74100000_2024-01-01 00:00:00.0_2026-12-31 00:00:00.0,3,2024-01-01 00:00:00.0,2026-12-31 00:00:00.0,180.746,-0.71,1.893
1111.0,11.11,17263.571,74100000_2024-01-01 00:00:00.0_2026-12-31 00:00:00.0,3,2024-01-01 00:00:00.0,2026-12-31 00:00:00.0,180.746,-0.71,1.893
1112.0,11.12,17292.979,74100000_2024-01-01 00:00:00.0_2026-12-31 00:00:00.0,3,2024-01-01 00:00:00.0,2026-12-31 00:00:00.0,180.746,-0.71,1.893
1113.0,11.13,17322.41,74100000_2024-01-01 00:00:00.0_2026-12-31 00:00:00.0,3,2024-01-01 00:00:00.0,2026-12-31 00:00:00.0,180.746,-0.71,1.893
1114.0,11.14,17351.865,74100000_2024-01-01 00:00:00.0_2026-12-31 00:00:00.0,3,2024-01-01 00:00:00.0,2026-12-31 00:00:00.0,180.746,-0.71,1.893
1115.0,11.15,17381.344,74100000_2024-01-01 00:00:00.0_2026-12-31 00:00:00.0,3,2024-01-01 00:00:00.0,2026-12-31 00:00:00.0,180.746,-0.71,1.893
1116.0,11.16,17410.846,74100000_2024-01-01 00:00:00.0_2026-12-31 00:00:00.0,3,2024-01-01 00:00:00.0,2026-12-31 00:00:00.0,180.746,-0.71,1.893
1117.0,11.17,17440.372,74100000_2024-01-01 00:00:00.0_2026-12-31 00:00:00.0,3,2024-01-01 00:00:00.0,2026-12-31 00:00:00.0,180.746,-0.71,1.893
1118.0,11.18,17469.922,74100000_2024-01-01 00:00:00.0_2026-12-31 00:00:00.0,3,2024-01-01 00:00:00.0,2026-12-31 00:00:00.0,180.746,-0.71,1.893
1119.0,11.19,17499.495,74100000_2024-01-01 00:00:00.0_2026-12-31 00:00:00.0,3,2024-01-01 00:00:00.0,2026-12-31 00:00:00.0,180.746,-0.71,1.893
1120.0,11.2,17529.092,74100000_2024-01-01 00:00:00.0_2026-12-31 00:00:00.0,3,2024-01-01 00:00:00.0,2026-12-31 00:00:00.0,180.746,-0.71,1.893
1121.0,11.21,17558.712,74100000_2024-01-01 00:00:00.0_2026-12-31 00:00:00.0,3,2024-01-01 00:00:00.0,2026-12-31 00:00:00.0,180.746,-0.71,1.893
1122.0,11.22,17588.356,74100000_2024-01-01 00:00:00.0_2026-12-31 00:00:00.0,3,2024-01-01 00:00:00.0,2026-12-31 00:00:00.0,180.746,-0.71,1.893
1123.0,11.23,17618.023,74100000_2024-01-01 00:00:00.0_2026-12-31 00:00:00.0,3,2024-01-01 00:00:00.0,2026-12-31 00:00:00.0,180.746,-0.71,1.893
1124.0,11.24,17647.714,74100000_2024-01-01 00:00:00.0_2026-12-31 00:00:00.0,3,2024-01-01 00:00:00.0,2026-12-31 00:00:00.0,180.746,-0.71,1.893
1125.0,11.25,17677.429,74100000_2024-01-01 00:00:00.0_2026-12-31 00:00:00.0,3,2024-01-01 00:00:00.0,2026-12-31 00:00:00.0,180.746,-0.71,1.893
1126.0,11.26,17707.167,74100000_2024-01-01 00:00:00.0_2026-12-31 00:00:00.0,3,2024-01-01 00:00:00.0,2026-12-31 00:00:00.0,180.746,-0.71,1.893
1127.0,11.27,17736.929,74100000_2024-01-01 00:00:00.0_2026-12-31 00:00:00.0,3,2024-01-01 00:00:00.0,2026-12-31 00:00:00.0,180.746,-0.71,1.893
1128.0,11.28,17766.715,74100000_2024-01-01 00:00:00.0_2026-12-31 00:00:00.0,3,2024-01-01 00:00:00.0,2026-12-31 00:00:00.0,180.746,-0.71,1.893
1129.0,11.29,17796.524,74100000_2024-01-01 00:00:00.0_2026-12-31 00:00:00.0,3,2024-01-01 00:00:00.0,2026-12-31 00:00:00.0,180.746,-0.71,1.893
1130.0,11.3,17826.356,74100000_2024-01-01 00:00:00.0_2026-12-31 00:00:00.0,3,2024-01-01 00:00:00.0,2026-12-31 00:00:00.0,180.746,-0.71,1.893
1131.0,11.31,17856.212,74100000_2024-01-01 00:00:00.0_2026-12-31 00:00:00.0,3,2024-01-01 00:00:00.0,2026-12-31 00:00:00.0,180.746,-0.71,1.893
1132.0,11.32,17886.092,74100000_2024-01-01 00:00:00.0_2026-12-31 00:00:00.0,3,2024-01-01 00:00:00.0,2026-12-31 00:00:00.0,180.746,-0.71,1.893
1133.0,11.33,17915.995,74100000_2024-01-01 00:00:00.0_2026-12-31 00:00:00.0,3,2024-01-01 00:00:00.0,2026-12-31 00:00:00.0,180.746,-0.71,1.893
1134.0,11.34,17945.922,74100000_2024-01-01 00:00:00.0_2026-12-31 00:00:00.0,3,2024-01-01 00:00:00.0,2026-12-31 00:00:00.0,180.746,-0.71,1.893
1135.0,11.35,17975.872,74100000_2024-01-01 00:00:00.0_2026-12-31 00:00:00.0,3,2024-01-01 00:00:00.0,2026-12-31 00:00:00.0,180.746,-0.71,1.893
1136.0,11.36,18005.846,74100000_2024-01-01 00:00:00.0_2026-12-31 00:00:00.0,3,2024-01-01 00:00:00.0,2026-12-31 00:00:00.0,180.746,-0.71,1.893
1137.0,11.37,18035.844,74100000_2024-01-01 00:00:00.0_2026-12-31 00:00:00.0,3,2024-01-01 00:00:00.0,2026-12-31 00:00:00.0,180.746,-0.71,1.893
1138.0,11.38,18065.865,74100000_2024-01-01 00:00:00.0_2026-12-31 00:00:00.0,3,2024-01-01 00:00:00.0,2026-12-31 00:00:00.0,180.746,-0.71,1.893
1139.0,11.39,18095.91,74100000_2024-01-01 00:00:00.0_2026-12-31 00:00:00.0,3,2024-01-01 00:00:00.0,2026-12-31 00:00:00.0,180.746,-0.71,1.893
1140.0,11.4,18125.978,74100000_2024-01-01 00:00:00.0_2026-12-31 00:00:00.0,3,2024-01-01 00:00:00.0,2026-12-31 00:00:00.0,180.746,-0.71,1.893
1141.0,11.41,18156.069,74100000_2024-01-01 00:00:00.0_2026-12-31 00:00:00.0,3,2024-01-01 00:00:00.0,2026-12-31 00:00:00.0,180.746,-0.71,1.893
1142.0,11.42,18186.185,74100000_2024-01-01 00:00:00.0_2026-12-31 00:00:00.0,3,2024-01-01 00:00:00.0,2026-12-31 00:00:00.0,180.746,-0.71,1.893
1143.0,11.43,18216.323,74100000_2024-01-01 00:00:00.0_2026-12-31 00:00:00.0,3,2024-01-01 00:00:00.0,2026-12-31 00:00:00.0,180.746,-0.71,1.893
1144.0,11.44,18246.486,74100000_2024-01-01 00:00:00.0_2026-12-31 00:00:00.0,3,2024-01-01 00:00:00.0,2026-12-31 00:00:00.0,180.746,-0.71,1.893
1145.0,11.45,18276.672,74100000_2024-01-01 00:00:00.0_2026-12-31 00:00:00.0,3,2024-01-01 00:00:00.0,2026-12-31 00:00:00.0,180.746,-0.71,1.893
1146.0,11.46,18306.881,74100000_2024-01-01 00:00:00.0_2026-12-31 00:00:00.0,3,2024-01-01 00:00:00.0,2026-12-31 00:00:00.0,180.746,-0.71,1.893
1147.0,11.47,18337.114,74100000_2024-01-01 00:00:00.0_2026-12-31 00:00:00.0,3,2024-01-01 00:00:00.0,2026-12-31 00:00:00.0,180.746,-0.71,1.893
1148.0,11.48,18367.37,74100000_2024-01-01 00:00:00.0_2026-12-31 00:00:00.0,3,2024-01-01 00:00:00.0,2026-12-31 00:00:00.0,180.746,-0.71,1.893
1149.0,11.49,18397.65,74100000_2024-01-01 00:00:00.0_2026-12-31 00:00:00.0,3,2024-01-01 00:00:00.0,2026-12-31 00:00:00.0,180.746,-0.71,1.893
1150.0,11.5,18427.954,74100000_2024-01-01 00:00:00.0_2026-12-31 00:00:00.0,3,2024-01-01 00:00:00.0,2026-12-31 00:00:00.0,180.746,-0.71,1.893
1151.0,11.51,18458.281,74100000_2024-01-01 00:00:00.0_2026-12-31 00:00:00.0,3,2024-01-01 00:00:00.0,2026-12-31 00:00:00.0,180.746,-0.71,1.893
1152.0,11.52,18488.632,74100000_2024-01-01 00:00:00.0_2026-12-31 00:00:00.0,3,2024-01-01 00:00:00.0,2026-12-31 00:00:00.0,180.746,-0.71,1.893
1153.0,11.53,18519.006,74100000_2024-01-01 00:00:00.0_2026-12-31 00:00:00.0,3,2024-01-01 00:00:00.0,2026-12-31 00:00:00.0,180.746,-0.71,1.893
1154.0,11.54,18549.403,74100000_2024-01-01 00:00:00.0_2026-12-31 00:00:00.0,3,2024-01-01 00:00:00.0,2026-12-31 00:00:00.0,180.746,-0.71,1.893
1155.0,11.55,18579.825,74100000_2024-01-01 00:00:00.0_2026-12-31 00:00:00.0,3,2024-01-01 00:00:00.0,2026-12-31 00:00:00.0,180.746,-0.71,1.893
1156.0,11.56,18610.269,74100000_2024-01-01 00:00:00.0_2026-12-31 00:00:00.0,3,2024-01-01 00:00:00.0,2026-12-31 00:00:00.0,180.746,-0.71,1.893
1157.0,11.57,18640.737,74100000_2024-01-01 00:00:00.0_2026-12-31 00:00:00.0,3,2024-01-01 00:00:00.0,2026-12-31 00:00:00.0,180.746,-0.71,1.893
1158.0,11.58,18671.229,74100000_2024-01-01 00:00:00.0_2026-12-31 00:00:00.0,3,2024-01-01 00:00:00.0,2026-12-31 00:00:00.0,180.746,-0.71,1.893
1159.0,11.59,18701.744,74100000_2024-01-01 00:00:00.0_2026-12-31 00:00:00.0,3,2024-01-01 00:00:00.0,2026-12-31 00:00:00.0,180.746,-0.71,1.893
1160.0,11.6,18732.283,74100000_2024-01-01 00:00:00.0_2026-12-31 00:00:00.0,3,2024-01-01 00:00:00.0,2026-12-31 00:00:00.0,180.746,-0.71,1.893
1161.0,11.61,18762.845,74100000_2024-01-01 00:00:00.0_2026-12-31 00:00:00.0,3,2024-01-01 00:00:00.0,2026-12-31 00:00:00.0,180.746,-0.71,1.893
1162.0,11.62,18793.431,74100000_2024-01-01 00:00:00.0_2026-12-31 00:00:00.0,3,2024-01-01 00:00:00.0,2026-12-31 00:00:00.0,180.746,-0.71,1.893
1163.0,11.63,18824.04,74100000_2024-01-01 00:00:00.0_2026-12-31 00:00:00.0,3,2024-01-01 00:00:00.0,2026-12-31 00:00:00.0,180.746,-0.71,1.893
1164.0,11.64,18854.673,74100000_2024-01-01 00:00:00.0_2026-12-31 00:00:00.0,3,2024-01-01 00:00:00.0,2026-12-31 00:00:00.0,180.746,-0.71,1.893
1165.0,11.65,18885.329,74100000_2024-01-01 00:00:00.0_2026-12-31 00:00:00.0,3,2024-01-01 00:00:00.0,2026-12-31 00:00:00.0,180.746,-0.71,1.893
1166.0,11.66,18916.009,74100000_2024-01-01 00:00:00.0_2026-12-31 00:00:00.0,3,2024-01-01 00:00:00.0,2026-12-31 00:00:00.0,180.746,-0.71,1.893
1167.0,11.67,18946.712,74100000_2024-01-01 00:00:00.0_2026-12-31 00:00:00.0,3,2024-01-01 00:00:00.0,2026-12-31 00:00:00.0,180.746,-0.71,1.893
1168.0,11.68,18977.438,74100000_2024-01-01 00:00:00.0_2026-12-31 00:00:00.0,3,2024-01-01 00:00:00.0,2026-12-31 00:00:00.0,180.746,-0.71,1.893
1169.0,11.69,19008.189,74100000_2024-01-01 00:00:00.0_2026-12-31 00:00:00.0,3,2024-01-01 00:00:00.0,2026-12-31 00:00:00.0,180.746,-0.71,1.893
1170.0,11.7,19038.962,74100000_2024-01-01 00:00:00.0_2026-12-31 00:00:00.0,3,2024-01-01 00:00:00.0,2026-12-31 00:00:00.0,180.746,-0.71,1.893
1171.0,11.71,19069.759,74100000_2024-01-01 00:00:00.0_2026-12-31 00:00:00.0,3,2024-01-01 00:00:00.0,2026-12-31 00:00:00.0,180.746,-0.71,1.893
1172.0,11.72,19100.58,74100000_2024-01-01 00:00:00.0_2026-12-31 00:00:00.0,3,2024-01-01 00:00:00.0,2026-12-31 00:00:00.0,180.746,-0.71,1.893
1173.0,11.73,19131.424,74100000_2024-01-01 00:00:00.0_2026-12-31 00:00:00.0,3,2024-01-01 00:00:00.0,2026-12-31 00:00:00.0,180.746,-0.71,1.893
1174.0,11.74,19162.292,74100000_2024-01-01 00:00:00.0_2026-12-31 00:00:00.0,3,2024-01-01 00:00:00.0,2026-12-31 00:00:00.0,180.746,-0.71,1.893
1175.0,11.75,19193.183,74100000_2024-01-01 00:00:00.0_2026-12-31 00:00:00.0,3,2024-01-01 00:00:00.0,2026-12-31 00:00:00.0,180.746,-0.71,1.893
1176.0,11.76,19224.097,74100000_2024-01-01 00:00:00.0_2026-12-31 00:00:00.0,3,2024-01-01 00:00:00.0,2026-12-31 00:00:00.0,180.746,-0.71,1.893
1177.0,11.77,19255.035,74100000_2024-01-01 00:00:00.0_2026-12-31 00:00:00.0,3,2024-01-01 00:00:00.0,2026-12-31 00:00:00.0,180.746,-0.71,1.893
1178.0,11.78,19285.997,74100000_2024-01-01 00:00:00.0_2026-12-31 00:00:00.0,3,2024-01-01 00:00:00.0,2026-12-31 00:00:00.0,180.746,-0.71,1.893
1179.0,11.79,19316.981,74100000_2024-01-01 00:00:00.0_2026-12-31 00:00:00.0,3,2024-01-01 00:00:00.0,2026-12-31 00:00:00.0,180.746,-0.71,1.893
1180.0,11.8,19347.99,74100000_2024-01-01 00:00:00.0_2026-12-31 00:00:00.0,3,2024-01-01 00:00:00.0,2026-12-31 00:00:00.0,180.746,-0.71,1.893
1181.0,11.81,19379.022,74100000_2024-01-01 00:00:00.0_2026-12-31 00:00:00.0,3,2024-01-01 00:00:00.0,2026-12-31 00:00:00.0,180.746,-0.71,1.893
1182.0,11.82,19410.077,74100000_2024-01-01 00:00:00.0_2026-12-31 00:00:00.0,3,2024-01-01 00:00:00.0,2026-12-31 00:00:00.0,180.746,-0.71,1.893
1183.0,11.83,19441.156,74100000_2024-01-01 00:00:00.0_2026-12-31 00:00:00.0,3,2024-01-01 00:00:00.0,2026-12-31 00:00:00.0,180.746,-0.71,1.893
1184.0,11.84,19472.258,74100000_2024-01-01 00:00:00.0_2026-12-31 00:00:00.0,3,2024-01-01 00:00:00.0,2026-12-31 00:00:00.0,180.746,-0.71,1.893
1185.0,11.85,19503.384,74100000_2024-01-01 00:00:00.0_2026-12-31 00:00:00.0,3,2024-01-01 00:00:00.0,2026-12-31 00:00:00.0,180.746,-0.71,1.893
1186.0,11.86,19534.533,74100000_2024-01-01 00:00:00.0_2026-12-31 00:00:00.0,3,2024-01-01 00:00:00.0,2026-12-31 00:00:00.0,180.746,-0.71,1.893
1187.0,11.87,19565.705,74100000_2024-01-01 00:00:00.0_2026-12-31 00:00:00.0,3,2024-01-01 00:00:00.0,2026-12-31 00:00:00.0,180.746,-0.71,1.893
1188.0,11.88,19596.901,74100000_2024-01-01 00:00:00.0_2026-12-31 00:00:00.0,3,2024-01-01 00:00:00.0,2026-12-31 00:00:00.0,180.746,-0.71,1.893
1189.0,11.89,19628.121,74100000_2024-01-01 00:00:00.0_2026-12-31 00:00:00.0,3,2024-01-01 00:00:00.0,2026-12-31 00:00:00.0,180.746,-0.71,1.893
1190.0,11.9,19659.364,74100000_2024-01-01 00:00:00.0_2026-12-31 00:00:00.0,3,2024-01-01 00:00:00.0,2026-12-31 00:00:00.0,180.746,-0.71,1.893
1191.0,11.91,19690.63,74100000_2024-01-01 00:00:00.0_2026-12-31 00:00:00.0,3,2024-01-01 00:00:00.0,2026-12-31 00:00:00.0,180.746,-0.71,1.893
1192.0,11.92,19721.92,74100000_2024-01-01 00:00:00.0_2026-12-31 00:00:00.0,3,2024-01-01 00:00:00.0,2026-12-31 00:00:00.0,180.746,-0.71,1.893
1193.0,11.93,19753.233,74100000_2024-01-01 00:00:00.0_2026-12-31 00:00:00.0,3,2024-01-01 00:00:00.0,2026-12-31 00:00:00.0,180.746,-0.71,1.893
1194.0,11.94,19784.57,74100000_2024-01-01 00:00:00.0_2026-12-31 00:00:00.0,3,2024-01-01 00:00:00.0,2026-12-31 00:00:00.0,180.746,-0.71,1.893
1195.0,11.95,19815.93,74100000_2024-01-01 00:00:00.0_2026-12-31 00:00:00.0,3,2024-01-01 00:00:00.0,2026-12-31 00:00:00.0,180.746,-0.71,1.893
1196.0,11.96,19847.313,74100000_2024-01-01 00:00:00.0_2026-12-31 00:00:00.0,3,2024-01-01 00:00:00.0,2026-12-31 00:00:00.0,180.746,-0.71,1.893
1197.0,11.97,19878.72,74100000_2024-01-01 00:00:00.0_2026-12-31 00:00:00.0,3,2024-01-01 00:00:00.0,2026-12-31 00:00:00.0,180.746,-0.71,1.893
1198.0,11.98,19910.15,74100000_2024-01-01 00:00:00.0_2026-12-31 00:00:00.0,3,2024-01-01 00:00:00.0,2026-12-31 00:00:00.0,180.746,-0.71,1.893
1199.0,11.99,19941.604,74100000_2024-01-01 00:00:00.0_2026-12-31 00:00:00.0,3,2024-01-01 00:00:00.0,2026-12-31 00:00:00.0,180.746,-0.71,1.893
1200.0,12.0,19973.081,74100000_2024-01-01 00:00:00.0_2026-12-31 00:00:00.0,3,2024-01-01 00:00:00.0,2026-12-31 00:00:00.0,180.746,-0.71,1.893
1201.0,12.01,20004.582,74100000_2024-01-01 00:00:00.0_2026-12-31 00:00:00.0,3,2024-01-01 00:00:00.0,2026-12-31 00:00:00.0,180.746,-0.71,1.893
1202.0,12.02,20036.106,74100000_2024-01-01 00:00:00.0_2026-12-31 00:00:00.0,3,2024-01-01 00:00:00.0,2026-12-31 00:00:00.0,180.746,-0.71,1.893
1203.0,12.03,20067.653,74100000_2024-01-01 00:00:00.0_2026-12-31 00:00:00.0,3,2024-01-01 00:00:00.0,2026-12-31 00:00:00.0,180.746,-0.71,1.893
1204.0,12.04,20099.224,74100000_2024-01-01 00:00:00.0_2026-12-31 00:00:00.0,3,2024-01-01 00:00:00.0,2026-12-31 00:00:00.0,180.746,-0.71,1.893
1205.0,12.05,20130.819,74100000_2024-01-01 00:00:00.0_2026-12-31 00:00:00.0,3,2024-01-01 00:00:00.0,2026-12-31 00:00:00.0,180.746,-0.71,1.893
1206.0,12.06,20162.436,74100000_2024-01-01 00:00:00.0_2026-12-31 00:00:00.0,3,2024-01-01 00:00:00.0,2026-12-31 00:00:00.0,180.746,-0.71,1.893
1207.0,12.07,20194.077,74100000_2024-01-01 00:00:00.0_2026-12-31 00:00:00.0,3,2024-01-01 00:00:00.0,2026-12-31 00:00:00.0,180.746,-0.71,1.893
1208.0,12.08,20225.742,74100000_2024-01-01 00:00:00.0_2026-12-31 00:00:00.0,3,2024-01-01 00:00:00.0,2026-12-31 00:00:00.0,180.746,-0.71,1.893
1209.0,12.09,20257.43,74100000_2024-01-01 00:00:00.0_2026-12-31 00:00:00.0,3,2024-01-01 00:00:00.0,2026-12-31 00:00:00.0,180.746,-0.71,1.893
1210.0,12.1,20289.141,74100000_2024-01-01 00:00:00.0_2026-12-31 00:00:00.0,3,2024-01-01 00:00:00.0,2026-12-31 00:00:00.0,180.746,-0.71,1.893
1211.0,12.11,20320.876,74100000_2024-01-01 00:00:00.0_2026-12-31 00:00:00.0,3,2024-01-01 00:00:00.0,2026-12-31 00:00:00.0,180.746,-0.71,1.893
1212.0,12.12,20352.634,74100000_2024-01-01 00:00:00.0_2026-12-31 00:00:00.0,3,2024-01-01 00:00:00.0,2026-12-31 00:00:00.0,180.746,-0.71,1.893
1213.0,12.13,20384.415,74100000_2024-01-01 00:00:00.0_2026-12-31 00:00:00.0,3,2024-01-01 00:00:00.0,2026-12-31 00:00:00.0,180.746,-0.71,1.893
1214.0,12.14,20416.22,74100000_2024-01-01 00:00:00.0_2026-12-31 00:00:00.0,3,2024-01-01 00:00:00.0,2026-12-31 00:00:00.0,180.746,-0.71,1.893
1215.0,12.15,20448.048,74100000_2024-01-01 00:00:00.0_2026-12-31 00:00:00.0,3,2024-01-01 00:00:00.0,2026-12-31 00:00:00.0,180.746,-0.71,1.893
1216.0,12.16,20479.9,74100000_2024-01-01 00:00:00.0_2026-12-31 00:00:00.0,3,2024-01-01 00:00:00.0,2026-12-31 00:00:00.0,180.746,-0.71,1.893
1217.0,12.17,20511.775,74100000_2024-01-01 00:00:00.0_2026-12-31 00:00:00.0,3,2024-01-01 00:00:00.0,2026-12-31 00:00:00.0,180.746,-0.71,1.893
1218.0,12.18,20543.674,74100000_2024-01-01 00:00:00.0_2026-12-31 00:00:00.0,3,2024-01-01 00:00:00.0,2026-12-31 00:00:00.0,180.746,-0.71,1.893
1219.0,12.19,20575.595,74100000_2024-01-01 00:00:00.0_2026-12-31 00:00:00.0,3,2024-01-01 00:00:00.0,2026-12-31 00:00:00.0,180.746,-0.71,1.893
1220.0,12.2,20607.54,74100000_2024-01-01 00:00:00.0_2026-12-31 00:00:00.0,3,2024-01-01 00:00:00.0,2026-12-31 00:00:00.0,180.746,-0.71,1.893
1221.0,12.21,20639.509,74100000_2024-01-01 00:00:00.0_2026-12-31 00:00:00.0,3,2024-01-01 00:00:00.0,2026-12-31 00:00:00.0,180.746,-0.71,1.893
1222.0,12.22,20671.501,74100000_2024-01-01 00:00:00.0_2026-12-31 00:00:00.0,3,2024-01-01 00:00:00.0,2026-12-31 00:00:00.0,180.746,-0.71,1.893
1223.0,12.23,20703.516,74100000_2024-01-01 00:00:00.0_2026-12-31 00:00:00.0,3,2024-01-01 00:00:00.0,2026-12-31 00:00:00.0,180.746,-0.71,1.893
1224.0,12.24,20735.555,74100000_2024-01-01 00:00:00.0_2026-12-31 00:00:00.0,3,2024-01-01 00:00:00.0,2026-12-31 00:00:00.0,180.746,-0.71,1.893
1225.0,12.25,20767.617,74100000_2024-01-01 00:00:00.0_2026-12-31 00:00:00.0,3,2024-01-01 00:00:00.0,2026-12-31 00:00:00.0,180.746,-0.71,1.893
1226.0,12.26,20799.702,74100000_2024-01-01 00:00:00.0_2026-12-31 00:00:00.0,3,2024-01-01 00:00:00.0,2026-12-31 00:00:00.0,180.746,-0.71,1.893
1227.0,12.27,20831.811,74100000_2024-01-01 00:00:00.0_2026-12-31 00:00:00.0,3,2024-01-01 00:00:00.0,2026-12-31 00:00:00.0,180.746,-0.71,1.893
1228.0,12.28,20863.943,74100000_2024-01-01 00:00:00.0_2026-12-31 00:00:00.0,3,2024-01-01 00:00:00.0,2026-12-31 00:00:00.0,180.746,-0.71,1.893
1229.0,12.29,20896.099,74100000_2024-01-01 00:00:00.0_2026-12-31 00:00:00.0,3,2024-01-01 00:00:00.0,2026-12-31 00:00:00.0,180.746,-0.71,1.893
1230.0,12.3,20928.278,74100000_2024-01-01 00:00:00.0_2026-12-31 00:00:00.0,3,2024-01-01 00:00:00.0,2026-12-31 00:00:00.0,180.746,-0.71,1.893
1231.0,12.31,20960.48,74100000_2024-01-01 00:00:00.0_2026-12-31 00:00:00.0,3,2024-01-01 00:00:00.0,2026-12-31 00:00:00.0,180.746,-0.71,1.893
1232.0,12.32,20992.706,74100000_2024-01-01 00:00:00.0_2026-12-31 00:00:00.0,3,2024-01-01 00:00:00.0,2026-12-31 00:00:00.0,180.746,-0.71,1.893
1233.0,12.33,21024.955,74100000_2024-01-01 00:00:00.0_2026-12-31 00:00:00.0,3,2024-01-01 00:00:00.0,2026-12-31 00:00:00.0,180.746,-0.71,1.893
1234.0,12.34,21057.227,74100000_2024-01-01 00:00:00.0_2026-12-31 00:00:00.0,3,2024-01-01 00:00:00.0,2026-12-31 00:00:00.0,180.746,-0.71,1.893
1235.0,12.35,21089.522,74100000_2024-01-01 00:00:00.0_2026-12-31 00:00:00.0,3,2024-01-01 00:00:00.0,2026-12-31 00:00:00.0,180.746,-0.71,1.893
1236.0,12.36,21121.841,74100000_2024-01-01 00:00:00.0_2026-12-31 00:00:00.0,3,2024-01-01 00:00:00.0,2026-12-31 00:00:00.0,180.746,-0.71,1.893
1237.0,12.37,21154.184,74100000_2024-01-01 00:00:00.0_2026-12-31 00:00:00.0,3,2024-01-01 00:00:00.0,2026-12-31 00:00:00.0,180.746,-0.71,1.893
1238.0,12.38,21186.549,74100000_2024-01-01 00:00:00.0_2026-12-31 00:00:00.0,3,2024-01-01 00:00:00.0,2026-12-31 00:00:00.0,180.746,-0.71,1.893
1239.0,12.39,21218.938,74100000_2024-01-01 00:00:00.0_2026-12-31 00:00:00.0,3,2024-01-01 00:00:00.0,2026-12-31 00:00:00.0,180.746,-0.71,1.893
1240.0,12.4,21251.351,74100000_2024-01-01 00:00:00.0_2026-12-31 00:00:00.0,3,2024-01-01 00:00:00.0,2026-12-31 00:00:00.0,180.746,-0.71,1.893
1241.0,12.41,21283.786,74100000_2024-01-01 00:00:00.0_2026-12-31 00:00:00.0,3,2024-01-01 00:00:00.0,2026-12-31 00:00:00.0,180.746,-0.71,1.893
1242.0,12.42,21316.245,74100000_2024-01-01 00:00:00.0_2026-12-31 00:00:00.0,3,2024-01-01 00:00:00.0,2026-12-31 00:00:00.0,180.746,-0.71,1.893
1243.0,12.43,21348.728,74100000_2024-01-01 00:00:00.0_2026-12-31 00:00:00.0,3,2024-01-01 00:00:00.0,2026-12-31 00:00:00.0,180.746,-0.71,1.893
1244.0,12.44,21381.234,74100000_2024-01-01 00:00:00.0_2026-12-31 00:00:00.0,3,2024-01-01 00:00:00.0,2026-12-31 00:00:00.0,180.746,-0.71,1.893
1245.0,12.45,21413.763,74100000_2024-01-01 00:00:00.0_2026-12-31 00:00:00.0,3,2024-01-01 00:00:00.0,2026-12-31 00:00:00.0,180.746,-0.71,1.893
1246.0,12.46,21446.315,74100000_2024-01-01 00:00:00.0_2026-12-31 00:00:00.0,3,2024-01-01 00:00:00.0,2026-12-31 00:00:00.0,180.746,-0.71,1.893
1247.0,12.47,21478.891,74100000_2024-01-01 00:00:00.0_2026-12-31 00:00:00.0,3,2024-01-01 00:00:00.0,2026-12-31 00:00:00.0,180.746,-0.71,1.893
1248.0,12.48,21511.49,74100000_2024-01-01 00:00:00.0_2026-12-31 00:00:00.0,3,2024-01-01 00:00:00.0,2026-12-31 00:00:00.0,180.746,-0.71,1.893
1249.0,12.49,21544.112,74100000_2024-01-01 00:00:00.0_2026-12-31 00:00:00.0,3,2024-01-01 00:00:00.0,2026-12-31 00:00:00.0,180.746,-0.71,1.893
1250.0,12.5,21576.758,74100000_2024-01-01 00:00:00.0_2026-12-31 00:00:00.0,3,2024-01-01 00:00:00.0,2026-12-31 00:00:00.0,180.746,-0.71,1.893
1251.0,12.51,21609.426,74100000_2024-01-01 00:00:00.0_2026-12-31 00:00:00.0,3,2024-01-01 00:00:00.0,2026-12-31 00:00:00.0,180.746,-0.71,1.893
1252.0,12.52,21642.119,74100000_2024-01-01 00:00:00.0_2026-12-31 00:00:00.0,3,2024-01-01 00:00:00.0,2026-12-31 00:00:00.0,180.746,-0.71,1.893
1253.0,12.53,21674.834,74100000_2024-01-01 00:00:00.0_2026-12-31 00:00:00.0,3,2024-01-01 00:00:00.0,2026-12-31 00:00:00.0,180.746,-0.71,1.893
1254.0,12.54,21707.573,74100000_2024-01-01 00:00:00.0_2026-12-31 00:00:00.0,3,2024-01-01 00:00:00.0,2026-12-31 00:00:00.0,180.746,-0.71,1.893
1255.0,12.55,21740.335,74100000_2024-01-01 00:00:00.0_2026-12-31 00:00:00.0,3,2024-01-01 00:00:00.0,2026-12-31 00:00:00.0,180.746,-0.71,1.893
1256.0,12.56,21773.121,74100000_2024-01-01 00:00:00.0_2026-12-31 00:00:00.0,3,2024-01-01 00:00:00.0,2026-12-31 00:00:00.0,180.746,-0.71,1.893
1257.0,12.57,21805.93,74100000_2024-01-01 00:00:00.0_2026-12-31 00:00:00.0,3,2024-01-01 00:00:00.0,2026-12-31 00:00:00.0,180.746,-0.71,1.893
1258.0,12.58,21838.762,74100000_2024-01-01 00:00:00.0_2026-12-31 00:00:00.0,3,2024-01-01 00:00:00.0,2026-12-31 00:00:00.0,180.746,-0.71,1.893
1259.0,12.59,21871.617,74100000_2024-01-01 00:00:00.0_2026-12-31 00:00:00.0,3,2024-01-01 00:00:00.0,2026-12-31 00:00:00.0,180.746,-0.71,1.893
1260.0,12.6,21904.496,74100000_2024-01-01 00:00:00.0_2026-12-31 00:00:00.0,3,2024-01-01 00:00:00.0,2026-12-31 00:00:00.0,180.746,-0.71,1.893
1261.0,12.61,21937.398,74100000_2024-01-01 00:00:00.0_2026-12-31 00:00:00.0,3,2024-01-01 00:00:00.0,2026-12-31 00:00:00.0,180.746,-0.71,1.893
1262.0,12.62,21970.323,74100000_2024-01-01 00:00:00.0_2026-12-31 00:00:00.0,3,2024-01-01 00:00:00.0,2026-12-31 00:00:00.0,180.746,-0.71,1.893
1263.0,12.63,22003.272,74100000_2024-01-01 00:00:00.0_2026-12-31 00:00:00.0,3,2024-01-01 00:00:00.0,2026-12-31 00:00:00.0,180.746,-0.71,1.893
1264.0,12.64,22036.244,74100000_2024-01-01 00:00:00.0_2026-12-31 00:00:00.0,3,2024-01-01 00:00:00.0,2026-12-31 00:00:00.0,180.746,-0.71,1.893
1265.0,12.65,22069.239,74100000_2024-01-01 00:00:00.0_2026-12-31 00:00:00.0,3,2024-01-01 00:00:00.0,2026-12-31 00:00:00.0,180.746,-0.71,1.893
1266.0,12.66,22102.257,74100000_2024-01-01 00:00:00.0_2026-12-31 00:00:00.0,3,2024-01-01 00:00:00.0,2026-12-31 00:00:00.0,180.746,-0.71,1.893
1267.0,12.67,22135.299,74100000_2024-01-01 00:00:00.0_2026-12-31 00:00:00.0,3,2024-01-01 00:00:00.0,2026-12-31 00:00:00.0,180.746,-0.71,1.893
1268.0,12.68,22168.364,74100000_2024-01-01 00:00:00.0_2026-12-31 00:00:00.0,3,2024-01-01 00:00:00.0,2026-12-31 00:00:00.0,180.746,-0.71,1.893
1269.0,12.69,22201.453,74100000_2024-01-01 00:00:00.0_2026-12-31 00:00:00.0,3,2024-01-01 00:00:00.0,2026-12-31 00:00:00.0,180.746,-0.71,1.893
1270.0,12.7,22234.564,74100000_2024-01-01 00:00:00.0_2026-12-31 00:00:00.0,3,2024-01-01 00:00:00.0,2026-12-31 00:00:00.0,180.746,-0.71,1.893
1271.0,12.71,22267.699,74100000_2024-01-01 00:00:00.0_2026-12-31 00:00:00.0,3,2024-01-01 00:00:00.0,2026-12-31 00:00:00.0,180.746,-0.71,1.893
1272.0,12.72,22300.857,74100000_2024-01-01 00:00:00.0_2026-12-31 00:00:00.0,3,2024-01-01 00:00:00.0,2026-12-31 00:00:00.0,180.746,-0.71,1.893
1273.0,12.73,22334.039,74100000_2024-01-01 00:00:00.0_2026-12-31 00:00:00.0,3,2024-01-01 00:00:00.0,2026-12-31 00:00:00.0,180.746,-0.71,1.893
1274.0,12.74,22367.243,74100000_2024-01-01 00:00:00.0_2026-12-31 00:00:00.0,3,2024-01-01 00:00:00.0,2026-12-31 00:00:00.0,180.746,-0.71,1.893
1275.0,12.75,22400.471,74100000_2024-01-01 00:00:00.0_2026-12-31 00:00:00.0,3,2024-01-01 00:00:00.0,2026-12-31 00:00:00.0,180.746,-0.71,1.893
1276.0,12.76,22433.722,74100000_2024-01-01 00:00:00.0_2026-12-31 00:00:00.0,3,2024-01-01 00:00:00.0,2026-12-31 00:00:00.0,180.746,-0.71,1.893
1277.0,12.77,22466.997,74100000_2024-01-01 00:00:00.0_2026-12-31 00:00:00.0,3,2024-01-01 00:00:00.0,2026-12-31 00:00:00.0,180.746,-0.71,1.893
1278.0,12.78,22500.295,74100000_2024-01-01 00:00:00.0_2026-12-31 00:00:00.0,3,2024-01-01 00:00:00.0,2026-12-31 00:00:00.0,180.746,-0.71,1.893
1279.0,12.79,22533.616,74100000_2024-01-01 00:00:00.0_2026-12-31 00:00:00.0,3,2024-01-01 00:00:00.0,2026-12-31 00:00:00.0,180.746,-0.71,1.893
1280.0,12.8,22566.96,74100000_2024-01-01 00:00:00.0_2026-12-31 00:00:00.0,3,2024-01-01 00:00:00.0,2026-12-31 00:00:00.0,180.746,-0.71,1.893
1281.0,12.81,22600.328,74100000_2024-01-01 00:00:00.0_2026-12-31 00:00:00.0,3,2024-01-01 00:00:00.0,2026-12-31 00:00:00.0,180.746,-0.71,1.893
1282.0,12.82,22633.718,74100000_2024-01-01 00:00:00.0_2026-12-31 00:00:00.0,3,2024-01-01 00:00:00.0,2026-12-31 00:00:00.0,180.746,-0.71,1.893
1283.0,12.83,22667.132,74100000_2024-01-01 00:00:00.0_2026-12-31 00:00:00.0,3,2024-01-01 00:00:00.0,2026-12-31 00:00:00.0,180.746,-0.71,1.893
1284.0,12.84,22700.57,74100000_2024-01-01 00:00:00.0_2026-12-31 00:00:00.0,3,2024-01-01 00:00:00.0,2026-12-31 00:00:00.0,180.746,-0.71,1.893
1285.0,12.85,22734.03,74100000_2024-01-01 00:00:00.0_2026-12-31 00:00:00.0,3,2024-01-01 00:00:00.0,2026-12-31 00:00:00.0,180.746,-0.71,1.893
1286.0,12.86,22767.514,74100000_2024-01-01 00:00:00.0_2026-12-31 00:00:00.0,3,2024-01-01 00:00:00.0,2026-12-31 00:00:00.0,180.746,-0.71,1.893
1287.0,12.87,22801.021,74100000_2024-01-01 00:00:00.0_2026-12-31 00:00:00.0,3,2024-01-01 00:00:00.0,2026-12-31 00:00:00.0,180.746,-0.71,1.893
1288.0,12.88,22834.551,74100000_2024-01-01 00:00:00.0_2026-12-31 00:00:00.0,3,2024-01-01 00:00:00.0,2026-12-31 00:00:00.0,180.746,-0.71,1.893
1289.0,12.89,22868.105,74100000_2024-01-01 00:00:00.0_2026-12-31 00:00:00.0,3,2024-01-01 00:00:00.0,2026-12-31 00:00:00.0,180.746,-0.71,1.893
1290.0,12.9,22901.682,74100000_2024-01-01 00:00:00.0_2026-12-31 00:00:00.0,3,2024-01-01 00:00:00.0,2026-12-31 00:00:00.0,180.746,-0.71,1.893
1291.0,12.91,22935.282,74100000_2024-01-01 00:00:00.0_2026-12-31 00:00:00.0,3,2024-01-01 00:00:00.0,2026-12-31 00:00:00.0,180.746,-0.71,1.893
1292.0,12.92,22968.905,74100000_2024-01-01 00:00:00.0_2026-12-31 00:00:00.0,3,2024-01-01 00:00:00.0,2026-12-31 00:00:00.0,180.746,-0.71,1.893
1293.0,12.93,23002.552,74100000_2024-01-01 00:00:00.0_2026-12-31 00:00:00.0,3,2024-01-01 00:00:00.0,2026-12-31 00:00:00.0,180.746,-0.71,1.893
1294.0,12.94,23036.221,74100000_2024-01-01 00:00:00.0_2026-12-31 00:00:00.0,3,2024-01-01 00:00:00.0,2026-12-31 00:00:00.0,180.746,-0.71,1.893
1295.0,12.95,23069.914,74100000_2024-01-01 00:00:00.0_2026-12-31 00:00:00.0,3,2024-01-01 00:00:00.0,2026-12-31 00:00:00.0,180.746,-0.71,1.893
1296.0,12.96,23103.63,74100000_2024-01-01 00:00:00.0_2026-12-31 00:00:00.0,3,2024-01-01 00:00:00.0,2026-12-31 00:00:00.0,180.746,-0.71,1.893
1297.0,12.97,23137.37,74100000_2024-01-01 00:00:00.0_2026-12-31 00:00:00.0,3,2024-01-01 00:00:00.0,2026-12-31 00:00:00.0,180.746,-0.71,1.893
1298.0,12.98,23171.132,74100000_2024-01-01 00:00:00.0_2026-12-31 00:00:00.0,3,2024-01-01 00:00:00.0,2026-12-31 00:00:00.0,180.746,-0.71,1.893
1299.0,12.99,23204.918,74100000_2024-01-01 00:00:00.0_2026-12-31 00:00:00.0,3,2024-01-01 00:00:00.0,2026-12-31 00:00:00.0,180.746,-0.71,1.893
1300.0,13.0,23238.727,74100000_2024-01-01 00:00:00.0_2026-12-31 00:00:00.0,3,2024-01-01 00:00:00.0,2026-12-31 00:00:00.0,180.746,-0.71,1.893
1301.0,13.01,23272.56,74100000_2024-01-01 00:00:00.0_2026-12-31 00:00:00.0,3,2024-01-01 00:00:00.0,2026-12-31 00:00:00.0,180.746,-0.71,1.893
1302.0,13.02,23306.415,74100000_2024-01-01 00:00:00.0_2026-12-31 00:00:00.0,3,2024-01-01 00:00:00.0,2026-12-31 00:00:00.0,180.746,-0.71,1.893
1303.0,13.03,23340.294,74100000_2024-01-01 00:00:00.0_2026-12-31 00:00:00.0,3,2024-01-01 00:00:00.0,2026-12-31 00:00:00.0,180.746,-0.71,1.893
1304.0,13.04,23374.196,74100000_2024-01-01 00:00:00.0_2026-12-31 00:00:00.0,3,2024-01-01 00:00:00.0,2026-12-31 00:00:00.0,180.746,-0.71,1.893
1305.0,13.05,23408.121,74100000_2024-01-01 00:00:00.0_2026-12-31 00:00:00.0,3,2024-01-01 00:00:00.0,2026-12-31 00:00:00.0,180.746,-0.71,1.893
1306.0,13.06,23442.069,74100000_2024-01-01 00:00:00.0_2026-12-31 00:00:00.0,3,2024-01-01 00:00:00.0,2026-12-31 00:00:00.0,180.746,-0.71,1.893
1307.0,13.07,23476.041,74100000_2024-01-01 00:00:00.0_2026-12-31 00:00:00.0,3,2024-01-01 00:00:00.0,2026-12-31 00:00:00.0,180.746,-0.71,1.893
1308.0,13.08,23510.036,74100000_2024-01-01 00:00:00.0_2026-12-31 00:00:00.0,3,2024-01-01 00:00:00.0,2026-12-31 00:00:00.0,180.746,-0.71,1.893
1309.0,13.09,23544.054,74100000_2024-01-01 00:00:00.0_2026-12-31 00:00:00.0,3,2024-01-01 00:00:00.0,2026-12-31 00:00:00.0,180.746,-0.71,1.893
1310.0,13.1,23578.095,74100000_2024-01-01 00:00:00.0_2026-12-31 00:00:00.0,3,2024-01-01 00:00:00.0,2026-12-31 00:00:00.0,180.746,-0.71,1.893
1311.0,13.11,23612.159,74100000_2024-01-01 00:00:00.0_2026-12-31 00:00:00.0,3,2024-01-01 00:00:00.0,2026-12-31 00:00:00.0,180.746,-0.71,1.893
1312.0,13.12,23646.247,74100000_2024-01-01 00:00:00.0_2026-12-31 00:00:00.0,3,2024-01-01 00:00:00.0,2026-12-31 00:00:00.0,180.746,-0.71,1.893
1313.0,13.13,23680.358,74100000_2024-01-01 00:00:00.0_2026-12-31 00:00:00.0,3,2024-01-01 00:00:00.0,2026-12-31 00:00:00.0,180.746,-0.71,1.893
1314.0,13.14,23714.492,74100000_2024-01-01 00:00:00.0_2026-12-31 00:00:00.0,3,2024-01-01 00:00:00.0,2026-12-31 00:00:00.0,180.746,-0.71,1.893
1315.0,13.15,23748.649,74100000_2024-01-01 00:00:00.0_2026-12-31 00:00:00.0,3,2024-01-01 00:00:00.0,2026-12-31 00:00:00.0,180.746,-0.71,1.893
1316.0,13.16,23782.829,74100000_2024-01-01 00:00:00.0_2026-12-31 00:00:00.0,3,2024-01-01 00:00:00.0,2026-12-31 00:00:00.0,180.746,-0.71,1.893
1317.0,13.17,23817.033,74100000_2024-01-01 00:00:00.0_2026-12-31 00:00:00.0,3,2024-01-01 00:00:00.0,2026-12-31 00:00:00.0,180.746,-0.71,1.893
1318.0,13.18,23851.26,74100000_2024-01-01 00:00:00.0_2026-12-31 00:00:00.0,3,2024-01-01 00:00:00.0,2026-12-31 00:00:00.0,180.746,-0.71,1.893
1319.0,13.19,23885.51,74100000_2024-01-01 00:00:00.0_2026-12-31 00:00:00.0,3,2024-01-01 00:00:00.0,2026-12-31 00:00:00.0,180.746,-0.71,1.893
1320.0,13.2,23919.783,74100000_2024-01-01 00:00:00.0_2026-12-31 00:00:00.0,3,2024-01-01 00:00:00.0,2026-12-31 00:00:00.0,180.746,-0.71,1.893
1321.0,13.21,23954.079,74100000_2024-01-01 00:00:00.0_2026-12-31 00:00:00.0,3,2024-01-01 00:00:00.0,2026-12-31 00:00:00.0,180.746,-0.71,1.893
1322.0,13.22,23988.398,74100000_2024-01-01 00:00:00.0_2026-12-31 00:00:00.0,3,2024-01-01 00:00:00.0,2026-12-31 00:00:00.0,180.746,-0.71,1.893
1323.0,13.23,24022.741,74100000_2024-01-01 00:00:00.0_2026-12-31 00:00:00.0,3,2024-01-01 00:00:00.0,2026-12-31 00:00:00.0,180.746,-0.71,1.893
1324.0,13.24,24057.107,74100000_2024-01-01 00:00:00.0_2026-12-31 00:00:00.0,3,2024-01-01 00:00:00.0,2026-12-31 00:00:00.0,180.746,-0.71,1.893
1325.0,13.25,24091.496,74100000_2024-01-01 00:00:00.0_2026-12-31 00:00:00.0,3,2024-01-01 00:00:00.0,2026-12-31 00:00:00.0,180.746,-0.71,1.893
1326.0,13.26,24125.908,74100000_2024-01-01 00:00:00.0_2026-12-31 00:00:00.0,3,2024-01-01 00:00:00.0,2026-12-31 00:00:00.0,180.746,-0.71,1.893
1327.0,13.27,24160.343,74100000_2024-01-01 00:00:00.0_2026-12-31 00:00:00.0,3,2024-01-01 00:00:00.0,2026-12-31 00:00:00.0,180.746,-0.71,1.893
1328.0,13.28,24194.802,74100000_2024-01-01 00:00:00.0_2026-12-31 00:00:00.0,3,2024-01-01 00:00:00.0,2026-12-31 00:00:00.0,180.746,-0.71,1.893
1329.0,13.29,24229.284,74100000_2024-01-01 00:00:00.0_2026-12-31 00:00:00.0,3,2024-01-01 00:00:00.0,2026-12-31 00:00:00.0,180.746,-0.71,1.893
1330.0,13.3,24263.788,74100000_2024-01-01 00:00:00.0_2026-12-31 00:00:00.0,3,2024-01-01 00:00:00.0,2026-12-31 00:00:00.0,180.746,-0.71,1.893
1331.0,13.31,24298.316,74100000_2024-01-01 00:00:00.0_2026-12-31 00:00:00.0,3,2024-01-01 00:00:00.0,2026-12-31 00:00:00.0,180.746,-0.71,1.893
1332.0,13.32,24332.868,74100000_2024-01-01 00:00:00.0_2026-12-31 00:00:00.0,3,2024-01-01 00:00:00.0,2026-12-31 00:00:00.0,180.746,-0.71,1.893
1333.0,13.33,24367.442,74100000_2024-01-01 00:00:00.0_2026-12-31 00:00:00.0,3,2024-01-01 00:00:00.0,2026-12-31 00:00:00.0,180.746,-0.71,1.893
1334.0,13.34,24402.039,74100000_2024-01-01 00:00:00.0_2026-12-31 00:00:00.0,3,2024-01-01 00:00:00.0,2026-12-31 00:00:00.0,180.746,-0.71,1.893
1335.0,13.35,24436.66,74100000_2024-01-01 00:00:00.0_2026-12-31 00:00:00.0,3,2024-01-01 00:00:00.0,2026-12-31 00:00:00.0,180.746,-0.71,1.893
1336.0,13.36,24471.304,74100000_2024-01-01 00:00:00.0_2026-12-31 00:00:00.0,3,2024-01-01 00:00:00.0,2026-12-31 00:00:00.0,180.746,-0.71,1.893
1337.0,13.37,24505.971,74100000_2024-01-01 00:00:00.0_2026-12-31 00:00:00.0,3,2024-01-01 00:00:00.0,2026-12-31 00:00:00.0,180.746,-0.71,1.893
1338.0,13.38,24540.661,74100000_2024-01-01 00:00:00.0_2026-12-31 00:00:00.0,3,2024-01-01 00:00:00.0,2026-12-31 00:00:00.0,180.746,-0.71,1.893
1339.0,13.39,24575.374,74100000_2024-01-01 00:00:00.0_2026-12-31 00:00:00.0,3,2024-01-01 00:00:00.0,2026-12-31 00:00:00.0,180.746,-0.71,1.893
1340.0,13.4,24610.11,74100000_2024-01-01 00:00:00.0_2026-12-31 00:00:00.0,3,2024-01-01 00:00:00.0,2026-12-31 00:00:00.0,180.746,-0.71,1.893
1341.0,13.41,24644.87,74100000_2024-01-01 00:00:00.0_2026-12-31 00:00:00.0,3,2024-01-01 00:00:00.0,2026-12-31 00:00:00.0,180.746,-0.71,1.893
1342.0,13.42,24679.653,74100000_2024-01-01 00:00:00.0_2026-12-31 00:00:00.0,3,2024-01-01 00:00:00.0,2026-12-31 00:00:00.0,180.746,-0.71,1.893
1343.0,13.43,24714.459,74100000_2024-01-01 00:00:00.0_2026-12-31 00:00:00.0,3,2024-01-01 00:00:00.0,2026-12-31 00:00:00.0,180.746,-0.71,1.893
1344.0,13.44,24749.287,74100000_2024-01-01 00:00:00.0_2026-12-31 00:00:00.0,3,2024-01-01 00:00:00.0,2026-12-31 00:00:00.0,180.746,-0.71,1.893
1345.0,13.45,24784.14,74100000_2024-01-01 00:00:00.0_2026-12-31 00:00:00.0,3,2024-01-01 00:00:00.0,2026-12-31 00:00:00.0,180.746,-0.71,1.893
1346.0,13.46,24819.015,74100000_2024-01-01 00:00:00.0_2026-12-31 00:00:00.0,3,2024-01-01 00:00:00.0,2026-12-31 00:00:00.0,180.746,-0.71,1.893
1347.0,13.47,24853.913,74100000_2024-01-01 00:00:00.0_2026-12-31 00:00:00.0,3,2024-01-01 00:00:00.0,2026-12-31 00:00:00.0,180.746,-0.71,1.893
1348.0,13.48,24888.835,74100000_2024-01-01 00:00:00.0_2026-12-31 00:00:00.0,3,2024-01-01 00:00:00.0,2026-12-31 00:00:00.0,180.746,-0.71,1.893
1349.0,13.49,24923.779,74100000_2024-01-01 00:00:00.0_2026-12-31 00:00:00.0,3,2024-01-01 00:00:00.0,2026-12-31 00:00:00.0,180.746,-0.71,1.893
1350.0,13.5,24958.747,74100000_2024-01-01 00:00:00.0_2026-12-31 00:00:00.0,3,2024-01-01 00:00:00.0,2026-12-31 00:00:00.0,180.746,-0.71,1.893
1351.0,13.51,24993.738,74100000_2024-01-01 00:00:00.0_2026-12-31 00:00:00.0,3,2024-01-01 00:00:00.0,2026-12-31 00:00:00.0,180.746,-0.71,1.893
1352.0,13.52,25028.752,74100000_2024-01-01 00:00:00.0_2026-12-31 00:00:00.0,3,2024-01-01 00:00:00.0,2026-12-31 00:00:00.0,180.746,-0.71,1.893
1353.0,13.53,25063.789,74100000_2024-01-01 00:00:00.0_2026-12-31 00:00:00.0,3,2024-01-01 00:00:00.0,2026-12-31 00:00:00.0,180.746,-0.71,1.893
1354.0,13.54,25098.849,74100000_2024-01-01 00:00:00.0_2026-12-31 00:00:00.0,3,2024-01-01 00:00:00.0,2026-12-31 00:00:00.0,180.746,-0.71,1.893
1355.0,13.55,25133.933,74100000_2024-01-01 00:00:00.0_2026-12-31 00:00:00.0,3,2024-01-01 00:00:00.0,2026-12-31 00:00:00.0,180.746,-0.71,1.893
1356.0,13.56,25169.039,74100000_2024-01-01 00:00:00.0_2026-12-31 00:00:00.0,3,2024-01-01 00:00:00.0,2026-12-31 00:00:00.0,180.746,-0.71,1.893
1357.0,13.57,25204.169,74100000_2024-01-01 00:00:00.0_2026-12-31 00:00:00.0,3,2024-01-01 00:00:00.0,2026-12-31 00:00:00.0,180.746,-0.71,1.893
1358.0,13.58,25239.321,74100000_2024-01-01 00:00:00.0_2026-12-31 00:00:00.0,3,2024-01-01 00:00:00.0,2026-12-31 00:00:00.0,180.746,-0.71,1.893
1359.0,13.59,25274.497,74100000_2024-01-01 00:00:00.0_2026-12-31 00:00:00.0,3,2024-01-01 00:00:00.0,2026-12-31 00:00:00.0,180.746,-0.71,1.893
1360.0,13.6,25309.696,74100000_2024-01-01 00:00:00.0_2026-12-31 00:00:00.0,3,2024-01-01 00:00:00.0,2026-12-31 00:00:00.0,180.746,-0.71,1.893
1361.0,13.61,25344.918,74100000_2024-01-01 00:00:00.0_2026-12-31 00:00:00.0,3,2024-01-01 00:00:00.0,2026-12-31 00:00:00.0,180.746,-0.71,1.893
1362.0,13.62,25380.163,74100000_2024-01-01 00:00:00.0_2026-12-31 00:00:00.0,3,2024-01-01 00:00:00.0,2026-12-31 00:00:00.0,180.746,-0.71,1.893
1363.0,13.63,25415.432,74100000_2024-01-01 00:00:00.0_2026-12-31 00:00:00.0,3,2024-01-01 00:00:00.0,2026-12-31 00:00:00.0,180.746,-0.71,1.893
1364.0,13.64,25450.723,74100000_2024-01-01 00:00:00.0_2026-12-31 00:00:00.0,3,2024-01-01 00:00:00.0,2026-12-31 00:00:00.0,180.746,-0.71,1.893
1365.0,13.65,25486.037,74100000_2024-01-01 00:00:00.0_2026-12-31 00:00:00.0,3,2024-01-01 00:00:00.0,2026-12-31 00:00:00.0,180.746,-0.71,1.893
1366.0,13.66,25521.375,74100000_2024-01-01 00:00:00.0_2026-12-31 00:00:00.0,3,2024-01-01 00:00:00.0,2026-12-31 00:00:00.0,180.746,-0.71,1.893
1367.0,13.67,25556.736,74100000_2024-01-01 00:00:00.0_2026-12-31 00:00:00.0,3,2024-01-01 00:00:00.0,2026-12-31 00:00:00.0,180.746,-0.71,1.893
1368.0,13.68,25592.119,74100000_2024-01-01 00:00:00.0_2026-12-31 00:00:00.0,3,2024-01-01 00:00:00.0,2026-12-31 00:00:00.0,180.746,-0.71,1.893
1369.0,13.69,25627.526,74100000_2024-01-01 00:00:00.0_2026-12-31 00:00:00.0,3,2024-01-01 00:00:00.0,2026-12-31 00:00:00.0,180.746,-0.71,1.893
1370.0,13.7,25662.956,74100000_2024-01-01 00:00:00.0_2026-12-31 00:00:00.0,3,2024-01-01 00:00:00.0,2026-12-31 00:00:00.0,180.746,-0.71,1.893
1371.0,13.71,25698.409,74100000_2024-01-01 00:00:00.0_2026-12-31 00:00:00.0,3,2024-01-01 00:00:00.0,2026-12-31 00:00:00.0,180.746,-0.71,1.893
1372.0,13.72,25733.885,74100000_2024-01-01 00:00:00.0_2026-12-31 00:00:00.0,3,2024-01-01 00:00:00.0,2026-12-31 00:00:00.0,180.746,-0.71,1.893
1373.0,13.73,25769.384,74100000_2024-01-01 00:00:00.0_2026-12-31 00:00:00.0,3,2024-01-01 00:00:00.0,2026-12-31 00:00:00.0,180.746,-0.71,1.893
1374.0,13.74,25804.907,74100000_2024-01-01 00:00:00.0_2026-12-31 00:00:00.0,3,2024-01-01 00:00:00.0,2026-12-31 00:00:00.0,180.746,-0.71,1.893
1375.0,13.75,25840.452,74100000_2024-01-01 00:00:00.0_2026-12-31 00:00:00.0,3,2024-01-01 00:00:00.0,2026-12-31 00:00:00.0,180.746,-0.71,1.893
1376.0,13.76,25876.02,74100000_2024-01-01 00:00:00.0_2026-12-31 00:00:00.0,3,2024-01-01 00:00:00.0,2026-12-31 00:00:00.0,180.746,-0.71,1.893
1377.0,13.77,25911.612,74100000_2024-01-01 00:00:00.0_2026-12-31 00:00:00.0,3,2024-01-01 00:00:00.0,2026-12-31 00:00:00.0,180.746,-0.71,1.893
1378.0,13.78,25947.227,74100000_2024-01-01 00:00:00.0_2026-12-31 00:00:00.0,3,2024-01-01 00:00:00.0,2026-12-31 00:00:00.0,180.746,-0.71,1.893
1379.0,13.79,25982.864,74100000_2024-01-01 00:00:00.0_2026-12-31 00:00:00.0,3,2024-01-01 00:00:00.0,2026-12-31 00:00:00.0,180.746,-0.71,1.893
1380.0,13.8,26018.525,74100000_2024-01-01 00:00:00.0_2026-12-31 00:00:00.0,3,2024-01-01 00:00:00.0,2026-12-31 00:00:00.0,180.746,-0.71,1.893
1381.0,13.81,26054.209,74100000_2024-01-01 00:00:00.0_2026-12-31 00:00:00.0,3,2024-01-01 00:00:00.0,2026-12-31 00:00:00.0,180.746,-0.71,1.893
1382.0,13.82,26089.916,74100000_2024-01-01 00:00:00.0_2026-12-31 00:00:00.0,3,2024-01-01 00:00:00.0,2026-12-31 00:00:00.0,180.746,-0.71,1.893
1383.0,13.83,26125.646,74100000_2024-01-01 00:00:00.0_2026-12-31 00:00:00.0,3,2024-01-01 00:00:00.0,2026-12-31 00:00:00.0,180.746,-0.71,1.893
1384.0,13.84,26161.399,74100000_2024-01-01 00:00:00.0_2026-12-31 00:00:00.0,3,2024-01-01 00:00:00.0,2026-12-31 00:00:00.0,180.746,-0.71,1.893
1385.0,13.85,26197.175,74100000_2024-01-01 00:00:00.0_2026-12-31 00:00:00.0,3,2024-01-01 00:00:00.0,2026-12-31 00:00:00.0,180.746,-0.71,1.893
1386.0,13.86,26232.974,74100000_2024-01-01 00:00:00.0_2026-12-31 00:00:00.0,3,2024-01-01 00:00:00.0,2026-12-31 00:00:00.0,180.746,-0.71,1.893
1387.0,13.87,26268.796,74100000_2024-01-01 00:00:00.0_2026-12-31 00:00:00.0,3,2024-01-01 00:00:00.0,2026-12-31 00:00:00.0,180.746,-0.71,1.893
1388.0,13.88,26304.641,74100000_2024-01-01 00:00:00.0_2026-12-31 00:00:00.0,3,2024-01-01 00:00:00.0,2026-12-31 00:00:00.0,180.746,-0.71,1.893
1389.0,13.89,26340.51,74100000_2024-01-01 00:00:00.0_2026-12-31 00:00:00.0,3,2024-01-01 00:00:00.0,2026-12-31 00:00:00.0,180.746,-0.71,1.893
1390.0,13.9,26376.401,74100000_2024-01-01 00:00:00.0_2026-12-31 00:00:00.0,3,2024-01-01 00:00:00.0,2026-12-31 00:00:00.0,180.746,-0.71,1.893
1391.0,13.91,26412.315,74100000_2024-01-01 00:00:00.0_2026-12-31 00:00:00.0,3,2024-01-01 00:00:00.0,2026-12-31 00:00:00.0,180.746,-0.71,1.893
1392.0,13.92,26448.253,74100000_2024-01-01 00:00:00.0_2026-12-31 00:00:00.0,3,2024-01-01 00:00:00.0,2026-12-31 00:00:00.0,180.746,-0.71,1.893
1393.0,13.93,26484.213,74100000_2024-01-01 00:00:00.0_2026-12-31 00:00:00.0,3,2024-01-01 00:00:00.0,2026-12-31 00:00:00.0,180.746,-0.71,1.893
1394.0,13.94,26520.197,74100000_2024-01-01 00:00:00.0_2026-12-31 00:00:00.0,3,2024-01-01 00:00:00.0,2026-12-31 00:00:00.0,180.746,-0.71,1.893
1395.0,13.95,26556.204,74100000_2024-01-01 00:00:00.0_2026-12-31 00:00:00.0,3,2024-01-01 00:00:00.0,2026-12-31 00:00:00.0,180.746,-0.71,1.893
1396.0,13.96,26592.233,74100000_2024-01-01 00:00:00.0_2026-12-31 00:00:00.0,3,2024-01-01 00:00:00.0,2026-12-31 00:00:00.0,180.746,-0.71,1.893
1397.0,13.97,26628.286,74100000_2024-01-01 00:00:00.0_2026-12-31 00:00:00.0,3,2024-01-01 00:00:00.0,2026-12-31 00:00:00.0,180.746,-0.71,1.893
1398.0,13.98,26664.362,74100000_2024-01-01 00:00:00.0_2026-12-31 00:00:00.0,3,2024-01-01 00:00:00.0,2026-12-31 00:00:00.0,180.746,-0.71,1.893
1399.0,13.99,26700.461,74100000_2024-01-01 00:00:00.0_2026-12-31 00:00:00.0,3,2024-01-01 00:00:00.0,2026-12-31 00:00:00.0,180.746,-0.71,1.893
1400.0,14.0,26736.582,74100000_2024-01-01 00:00:00.0_2026-12-31 00:00:00.0,3,2024-01-01 00:00:00.0,2026-12-31 00:00:00.0,180.746,-0.71,1.893
1401.0,14.01,26772.727,74100000_2024-01-01 00:00:00.0_2026-12-31 00:00:00.0,3,2024-01-01 00:00:00.0,2026-12-31 00:00:00.0,180.746,-0.71,1.893
1402.0,14.02,26808.895,74100000_2024-01-01 00:00:00.0_2026-12-31 00:00:00.0,3,2024-01-01 00:00:00.0,2026-12-31 00:00:00.0,180.746,-0.71,1.893
1403.0,14.03,26845.086,74100000_2024-01-01 00:00:00.0_2026-12-31 00:00:00.0,3,2024-01-01 00:00:00.0,2026-12-31 00:00:00.0,180.746,-0.71,1.893
1404.0,14.04,26881.3,74100000_2024-01-01 00:00:00.0_2026-12-31 00:00:00.0,3,2024-01-01 00:00:00.0,2026-12-31 00:00:00.0,180.746,-0.71,1.893
1405.0,14.05,26917.537,74100000_2024-01-01 00:00:00.0_2026-12-31 00:00:00.0,3,2024-01-01 00:00:00.0,2026-12-31 00:00:00.0,180.746,-0.71,1.893
1406.0,14.06,26953.797,74100000_2024-01-01 00:00:00.0_2026-12-31 00:00:00.0,3,2024-01-01 00:00:00.0,2026-12-31 00:00:00.0,180.746,-0.71,1.893
1407.0,14.07,26990.08,74100000_2024-01-01 00:00:00.0_2026-12-31 00:00:00.0,3,2024-01-01 00:00:00.0,2026-12-31 00:00:00.0,180.746,-0.71,1.893
1408.0,14.08,27026.386,74100000_2024-01-01 00:00:00.0_2026-12-31 00:00:00.0,3,2024-01-01 00:00:00.0,2026-12-31 00:00:00.0,180.746,-0.71,1.893
1409.0,14.09,27062.715,74100000_2024-01-01 00:00:00.0_2026-12-31 00:00:00.0,3,2024-01-01 00:00:00.0,2026-12-31 00:00:00.0,180.746,-0.71,1.893
1410.0,14.1,27099.067,74100000_2024-01-01 00:00:00.0_2026-12-31 00:00:00.0,3,2024-01-01 00:00:00.0,2026-12-31 00:00:00.0,180.746,-0.71,1.893
1411.0,14.11,27135.443,74100000_2024-01-01 00:00:00.0_2026-12-31 00:00:00.0,3,2024-01-01 00:00:00.0,2026-12-31 00:00:00.0,180.746,-0.71,1.893
1412.0,14.12,27171.841,74100000_2024-01-01 00:00:00.0_2026-12-31 00:00:00.0,3,2024-01-01 00:00:00.0,2026-12-31 00:00:00.0,180.746,-0.71,1.893
1413.0,14.13,27208.262,74100000_2024-01-01 00:00:00.0_2026-12-31 00:00:00.0,3,2024-01-01 00:00:00.0,2026-12-31 00:00:00.0,180.746,-0.71,1.893
1414.0,14.14,27244.706,74100000_2024-01-01 00:00:00.0_2026-12-31 00:00:00.0,3,2024-01-01 00:00:00.0,2026-12-31 00:00:00.0,180.746,-0.71,1.893
1415.0,14.15,27281.173,74100000_2024-01-01 00:00:00.0_2026-12-31 00:00:00.0,3,2024-01-01 00:00:00.0,2026-12-31 00:00:00.0,180.746,-0.71,1.893
1416.0,14.16,27317.664,74100000_2024-01-01 00:00:00.0_2026-12-31 00:00:00.0,3,2024-01-01 00:00:00.0,2026-12-31 00:00:00.0,180.746,-0.71,1.893
1417.0,14.17,27354.177,74100000_2024-01-01 00:00:00.0_2026-12-31 00:00:00.0,3,2024-01-01 00:00:00.0,2026-12-31 00:00:00.0,180.746,-0.71,1.893
1418.0,14.18,27390.713,74100000_2024-01-01 00:00:00.0_2026-12-31 00:00:00.0,3,2024-01-01 00:00:00.0,2026-12-31 00:00:00.0,180.746,-0.71,1.893
1419.0,14.19,27427.272,74100000_2024-01-01 00:00:00.0_2026-12-31 00:00:00.0,3,2024-01-01 00:00:00.0,2026-12-31 00:00:00.0,180.746,-0.71,1.893
1420.0,14.2,27463.854,74100000_2024-01-01 00:00:00.0_2026-12-31 00:00:00.0,3,2024-01-01 00:00:00.0,2026-12-31 00:00:00.0,180.746,-0.71,1.893
1421.0,14.21,27500.46,74100000_2024-01-01 00:00:00.0_2026-12-31 00:00:00.0,3,2024-01-01 00:00:00.0,2026-12-31 00:00:00.0,180.746,-0.71,1.893
1422.0,14.22,27537.088,74100000_2024-01-01 00:00:00.0_2026-12-31 00:00:00.0,3,2024-01-01 00:00:00.0,2026-12-31 00:00:00.0,180.746,-0.71,1.893
1423.0,14.23,27573.739,74100000_2024-01-01 00:00:00.0_2026-12-31 00:00:00.0,3,2024-01-01 00:00:00.0,2026-12-31 00:00:00.0,180.746,-0.71,1.893
1424.0,14.24,27610.413,74100000_2024-01-01 00:00:00.0_2026-12-31 00:00:00.0,3,2024-01-01 00:00:00.0,2026-12-31 00:00:00.0,180.746,-0.71,1.893
1425.0,14.25,27647.111,74100000_2024-01-01 00:00:00.0_2026-12-31 00:00:00.0,3,2024-01-01 00:00:00.0,2026-12-31 00:00:00.0,180.746,-0.71,1.893
1426.0,14.26,27683.831,74100000_2024-01-01 00:00:00.0_2026-12-31 00:00:00.0,3,2024-01-01 00:00:00.0,2026-12-31 00:00:00.0,180.746,-0.71,1.893
1427.0,14.27,27720.574,74100000_2024-01-01 00:00:00.0_2026-12-31 00:00:00.0,3,2024-01-01 00:00:00.0,2026-12-31 00:00:00.0,180.746,-0.71,1.893
1428.0,14.28,27757.34,74100000_2024-01-01 00:00:00.0_2026-12-31 00:00:00.0,3,2024-01-01 00:00:00.0,2026-12-31 00:00:00.0,180.746,-0.71,1.893
1429.0,14.29,27794.129,74100000_2024-01-01 00:00:00.0_2026-12-31 00:00:00.0,3,2024-01-01 00:00:00.0,2026-12-31 00:00:00.0,180.746,-0.71,1.893
1430.0,14.3,27830.941,74100000_2024-01-01 00:00:00.0_2026-12-31 00:00:00.0,3,2024-01-01 00:00:00.0,2026-12-31 00:00:00.0,180.746,-0.71,1.893
1431.0,14.31,27867.777,74100000_2024-01-01 00:00:00.0_2026-12-31 00:00:00.0,3,2024-01-01 00:00:00.0,2026-12-31 00:00:00.0,180.746,-0.71,1.893
1432.0,14.32,27904.635,74100000_2024-01-01 00:00:00.0_2026-12-31 00:00:00.0,3,2024-01-01 00:00:00.0,2026-12-31 00:00:00.0,180.746,-0.71,1.893
1433.0,14.33,27941.516,74100000_2024-01-01 00:00:00.0_2026-12-31 00:00:00.0,3,2024-01-01 00:00:00.0,2026-12-31 00:00:00.0,180.746,-0.71,1.893
1434.0,14.34,27978.42,74100000_2024-01-01 00:00:00.0_2026-12-31 00:00:00.0,3,2024-01-01 00:00:00.0,2026-12-31 00:00:00.0,180.746,-0.71,1.893
1435.0,14.35,28015.347,74100000_2024-01-01 00:00:00.0_2026-12-31 00:00:00.0,3,2024-01-01 00:00:00.0,2026-12-31 00:00:00.0,180.746,-0.71,1.893
1436.0,14.36,28052.297,74100000_2024-01-01 00:00:00.0_2026-12-31 00:00:00.0,3,2024-01-01 00:00:00.0,2026-12-31 00:00:00.0,180.746,-0.71,1.893
1437.0,14.37,28089.27,74100000_2024-01-01 00:00:00.0_2026-12-31 00:00:00.0,3,2024-01-01 00:00:00.0,2026-12-31 00:00:00.0,180.746,-0.71,1.893
1438.0,14.38,28126.266,74100000_2024-01-01 00:00:00.0_2026-12-31 00:00:00.0,3,2024-01-01 00:00:00.0,2026-12-31 00:00:00.0,180.746,-0.71,1.893
1439.0,14.39,28163.285,74100000_2024-01-01 00:00:00.0_2026-12-31 00:00:00.0,3,2024-01-01 00:00:00.0,2026-12-31 00:00:00.0,180.746,-0.71,1.893
1440.0,14.4,28200.327,74100000_2024-01-01 00:00:00.0_2026-12-31 00:00:00.0,3,2024-01-01 00:00:00.0,2026-12-31 00:00:00.0,180.746,-0.71,1.893
1441.0,14.41,28237.392,74100000_2024-01-01 00:00:00.0_2026-12-31 00:00:00.0,3,2024-01-01 00:00:00.0,2026-12-31 00:00:00.0,180.746,-0.71,1.893
1442.0,14.42,28274.48,74100000_2024-01-01 00:00:00.0_2026-12-31 00:00:00.0,3,2024-01-01 00:00:00.0,2026-12-31 00:00:00.0,180.746,-0.71,1.893
1443.0,14.43,28311.591,74100000_2024-01-01 00:00:00.0_2026-12-31 00:00:00.0,3,2024-01-01 00:00:00.0,2026-12-31 00:00:00.0,180.746,-0.71,1.893
1444.0,14.44,28348.724,74100000_2024-01-01 00:00:00.0_2026-12-31 00:00:00.0,3,2024-01-01 00:00:00.0,2026-12-31 00:00:00.0,180.746,-0.71,1.893
1445.0,14.45,28385.881,74100000_2024-01-01 00:00:00.0_2026-12-31 00:00:00.0,3,2024-01-01 00:00:00.0,2026-12-31 00:00:00.0,180.746,-0.71,1.893
1446.0,14.46,28423.061,74100000_2024-01-01 00:00:00.0_2026-12-31 00:00:00.0,3,2024-01-01 00:00:00.0,2026-12-31 00:00:00.0,180.746,-0.71,1.893
1447.0,14.47,28460.263,74100000_2024-01-01 00:00:00.0_2026-12-31 00:00:00.0,3,2024-01-01 00:00:00.0,2026-12-31 00:00:00.0,180.746,-0.71,1.893
1448.0,14.48,28497.489,74100000_2024-01-01 00:00:00.0_2026-12-31 00:00:00.0,3,2024-01-01 00:00:00.0,2026-12-31 00:00:00.0,180.746,-0.71,1.893
1449.0,14.49,28534.738,74100000_2024-01-01 00:00:00.0_2026-12-31 00:00:00.0,3,2024-01-01 00:00:00.0,2026-12-31 00:00:00.0,180.746,-0.71,1.893
1450.0,14.5,28572.009,74100000_2024-01-01 00:00:00.0_2026-12-31 00:00:00.0,3,2024-01-01 00:00:00.0,2026-12-31 00:00:00.0,180.746,-0.71,1.893
1451.0,14.51,28609.304,74100000_2024-01-01 00:00:00.0_2026-12-31 00:00:00.0,3,2024-01-01 00:00:00.0,2026-12-31 00:00:00.0,180.746,-0.71,1.893
1452.0,14.52,28646.621,74100000_2024-01-01 00:00:00.0_2026-12-31 00:00:00.0,3,2024-01-01 00:00:00.0,2026-12-31 00:00:00.0,180.746,-0.71,1.893
1453.0,14.53,28683.961,74100000_2024-01-01 00:00:00.0_2026-12-31 00:00:00.0,3,2024-01-01 00:00:00.0,2026-12-31 00:00:00.0,180.746,-0.71,1.893
1454.0,14.54,28721.325,74100000_2024-01-01 00:00:00.0_2026-12-31 00:00:00.0,3,2024-01-01 00:00:00.0,2026-12-31 00:00:00.0,180.746,-0.71,1.893
1455.0,14.55,28758.711,74100000_2024-01-01 00:00:00.0_2026-12-31 00:00:00.0,3,2024-01-01 00:00:00.0,2026-12-31 00:00:00.0,180.746,-0.71,1.893
1456.0,14.56,28796.12,74100000_2024-01-01 00:00:00.0_2026-12-31 00:00:00.0,3,2024-01-01 00:00:00.0,2026-12-31 00:00:00.0,180.746,-0.71,1.893
1457.0,14.57,28833.552,74100000_2024-01-01 00:00:00.0_2026-12-31 00:00:00.0,3,2024-01-01 00:00:00.0,2026-12-31 00:00:00.0,180.746,-0.71,1.893
1458.0,14.58,28871.007,74100000_2024-01-01 00:00:00.0_2026-12-31 00:00:00.0,3,2024-01-01 00:00:00.0,2026-12-31 00:00:00.0,180.746,-0.71,1.893
1459.0,14.59,28908.485,74100000_2024-01-01 00:00:00.0_2026-12-31 00:00:00.0,3,2024-01-01 00:00:00.0,2026-12-31 00:00:00.0,180.746,-0.71,1.893
1460.0,14.6,28945.986,74100000_2024-01-01 00:00:00.0_2026-12-31 00:00:00.0,3,2024-01-01 00:00:00.0,2026-12-31 00:00:00.0,180.746,-0.71,1.893
1461.0,14.61,28983.51,74100000_2024-01-01 00:00:00.0_2026-12-31 00:00:00.0,3,2024-01-01 00:00:00.0,2026-12-31 00:00:00.0,180.746,-0.71,1.893
1462.0,14.62,29021.057,74100000_2024-01-01 00:00:00.0_2026-12-31 00:00:00.0,3,2024-01-01 00:00:00.0,2026-12-31 00:00:00.0,180.746,-0.71,1.893
1463.0,14.63,29058.627,74100000_2024-01-01 00:00:00.0_2026-12-31 00:00:00.0,3,2024-01-01 00:00:00.0,2026-12-31 00:00:00.0,180.746,-0.71,1.893
1464.0,14.64,29096.219,74100000_2024-01-01 00:00:00.0_2026-12-31 00:00:00.0,3,2024-01-01 00:00:00.0,2026-12-31 00:00:00.0,180.746,-0.71,1.893
1465.0,14.65,29133.835,74100000_2024-01-01 00:00:00.0_2026-12-31 00:00:00.0,3,2024-01-01 00:00:00.0,2026-12-31 00:00:00.0,180.746,-0.71,1.893
1466.0,14.66,29171.473,74100000_2024-01-01 00:00:00.0_2026-12-31 00:00:00.0,3,2024-01-01 00:00:00.0,2026-12-31 00:00:00.0,180.746,-0.71,1.893
1467.0,14.67,29209.135,74100000_2024-01-01 00:00:00.0_2026-12-31 00:00:00.0,3,2024-01-01 00:00:00.0,2026-12-31 00:00:00.0,180.746,-0.71,1.893
1468.0,14.68,29246.819,74100000_2024-01-01 00:00:00.0_2026-12-31 00:00:00.0,3,2024-01-01 00:00:00.0,2026-12-31 00:00:00.0,180.746,-0.71,1.893
1469.0,14.69,29284.527,74100000_2024-01-01 00:00:00.0_2026-12-31 00:00:00.0,3,2024-01-01 00:00:00.0,2026-12-31 00:00:00.0,180.746,-0.71,1.893
1470.0,14.7,29322.257,74100000_2024-01-01 00:00:00.0_2026-12-31 00:00:00.0,3,2024-01-01 00:00:00.0,2026-12-31 00:00:00.0,180.746,-0.71,1.893
1471.0,14.71,29360.01,74100000_2024-01-01 00:00:00.0_2026-12-31 00:00:00.0,3,2024-01-01 00:00:00.0,2026-12-31 00:00:00.0,180.746,-0.71,1.893
1472.0,14.72,29397.786,74100000_2024-01-01 00:00:00.0_2026-12-31 00:00:00.0,3,2024-01-01 00:00:00.0,2026-12-31 00:00:00.0,180.746,-0.71,1.893
1473.0,14.73,29435.585,74100000_2024-01-01 00:00:00.0_2026-12-31 00:00:00.0,3,2024-01-01 00:00:00.0,2026-12-31 00:00:00.0,180.746,-0.71,1.893
1474.0,14.74,29473.407,74100000_2024-01-01 00:00:00.0_2026-12-31 00:00:00.0,3,2024-01-01 00:00:00.0,2026-12-31 00:00:00.0,180.746,-0.71,1.893
1475.0,14.75,29511.251,74100000_2024-01-01 00:00:00.0_2026-12-31 00:00:00.0,3,2024-01-01 00:00:00.0,2026-12-31 00:00:00.0,180.746,-0.71,1.893
1476.0,14.76,29549.119,74100000_2024-01-01 00:00:00.0_2026-12-31 00:00:00.0,3,2024-01-01 00:00:00.0,2026-12-31 00:00:00.0,180.746,-0.71,1.893
1477.0,14.77,29587.01,74100000_2024-01-01 00:00:00.0_2026-12-31 00:00:00.0,3,2024-01-01 00:00:00.0,2026-12-31 00:00:00.0,180.746,-0.71,1.893
1478.0,14.78,29624.923,74100000_2024-01-01 00:00:00.0_2026-12-31 00:00:00.0,3,2024-01-01 00:00:00.0,2026-12-31 00:00:00.0,180.746,-0.71,1.893
1479.0,14.79,29662.86,74100000_2024-01-01 00:00:00.0_2026-12-31 00:00:00.0,3,2024-01-01 00:00:00.0,2026-12-31 00:00:00.0,180.746,-0.71,1.893
1480.0,14.8,29700.819,74100000_2024-01-01 00:00:00.0_2026-12-31 00:00:00.0,3,2024-01-01 00:00:00.0,2026-12-31 00:00:00.0,180.746,-0.71,1.893
1481.0,14.81,29738.801,74100000_2024-01-01 00:00:00.0_2026-12-31 00:00:00.0,3,2024-01-01 00:00:00.0,2026-12-31 00:00:00.0,180.746,-0.71,1.893
1482.0,14.82,29776.806,74100000_2024-01-01 00:00:00.0_2026-12-31 00:00:00.0,3,2024-01-01 00:00:00.0,2026-12-31 00:00:00.0,180.746,-0.71,1.893
1483.0,14.83,29814.834,74100000_2024-01-01 00:00:00.0_2026-12-31 00:00:00.0,3,2024-01-01 00:00:00.0,2026-12-31 00:00:00.0,180.746,-0.71,1.893
1484.0,14.84,29852.885,74100000_2024-01-01 00:00:00.0_2026-12-31 00:00:00.0,3,2024-01-01 00:00:00.0,2026-12-31 00:00:00.0,180.746,-0.71,1.893
1485.0,14.85,29890.959,74100000_2024-01-01 00:00:00.0_2026-12-31 00:00:00.0,3,2024-01-01 00:00:00.0,2026-12-31 00:00:00.0,180.746,-0.71,1.893
1486.0,14.86,29929.055,74100000_2024-01-01 00:00:00.0_2026-12-31 00:00:00.0,3,2024-01-01 00:00:00.0,2026-12-31 00:00:00.0,180.746,-0.71,1.893
1487.0,14.87,29967.175,74100000_2024-01-01 00:00:00.0_2026-12-31 00:00:00.0,3,2024-01-01 00:00:00.0,2026-12-31 00:00:00.0,180.746,-0.71,1.893
1488.0,14.88,30005.317,74100000_2024-01-01 00:00:00.0_2026-12-31 00:00:00.0,3,2024-01-01 00:00:00.0,2026-12-31 00:00:00.0,180.746,-0.71,1.893
1489.0,14.89,30043.483,74100000_2024-01-01 00:00:00.0_2026-12-31 00:00:00.0,3,2024-01-01 00:00:00.0,2026-12-31 00:00:00.0,180.746,-0.71,1.893
1490.0,14.9,30081.671,74100000_2024-01-01 00:00:00.0_2026-12-31 00:00:00.0,3,2024-01-01 00:00:00.0,2026-12-31 00:00:00.0,180.746,-0.71,1.893
1491.0,14.91,30119.882,74100000_2024-01-01 00:00:00.0_2026-12-31 00:00:00.0,3,2024-01-01 00:00:00.0,2026-12-31 00:00:00.0,180.746,-0.71,1.893
1492.0,14.92,30158.116,74100000_2024-01-01 00:00:00.0_2026-12-31 00:00:00.0,3,2024-01-01 00:00:00.0,2026-12-31 00:00:00.0,180.746,-0.71,1.893
1493.0,14.93,30196.373,74100000_2024-01-01 00:00:00.0_2026-12-31 00:00:00.0,3,2024-01-01 00:00:00.0,2026-12-31 00:00:00.0,180.746,-0.71,1.893
1494.0,14.94,30234.653,74100000_2024-01-01 00:00:00.0_2026-12-31 00:00:00.0,3,2024-01-01 00:00:00.0,2026-12-31 00:00:00.0,180.746,-0.71,1.893
1495.0,14.95,30272.955,74100000_2024-01-01 00:00:00.0_2026-12-31 00:00:00.0,3,2024-01-01 00:00:00.0,2026-12-31 00:00:00.0,180.746,-0.71,1.893
1496.0,14.96,30311.281,74100000_2024-01-01 00:00:00.0_2026-12-31 00:00:00.0,3,2024-01-01 00:00:00.0,2026-12-31 00:00:00.0,180.746,-0.71,1.893
1497.0,14.97,30349.629,74100000_2024-01-01 00:00:00.0_2026-12-31 00:00:00.0,3,2024-01-01 00:00:00.0,2026-12-31 00:00:00.0,180.746,-0.71,1.893
1498.0,14.98,30388.0,74100000_2024-01-01 00:00:00.0_2026-12-31 00:00:00.0,3,2024-01-01 00:00:00.0,2026-12-31 00:00:00.0,180.746,-0.71,1.893
1499.0,14.99,30426.394,74100000_2024-01-01 00:00:00.0_2026-12-31 00:00:00.0,3,2024-01-01 00:00:00.0,2026-12-31 00:00:00.0,180.746,-0.71,1.893
1500.0,15.0,30464.811,74100000_2024-01-01 00:00:00.0_2026-12-31 00:00:00.0,3,2024-01-01 00:00:00.0,2026-12-31 00:00:00.0,180.746,-0.71,1.893
1501.0,15.01,30503.251,74100000_2024-01-01 00:00:00.0_2026-12-31 00:00:00.0,3,2024-01-01 00:00:00.0,2026-12-31 00:00:00.0,180.746,-0.71,1.893
1502.0,15.02,30541.714,74100000_2024-01-01 00:00:00.0_2026-12-31 00:00:00.0,3,2024-01-01 00:00:00.0,2026-12-31 00:00:00.0,180.746,-0.71,1.893
1503.0,15.03,30580.199,74100000_2024-01-01 00:00:00.0_2026-12-31 00:00:00.0,3,2024-01-01 00:00:00.0,2026-12-31 00:00:00.0,180.746,-0.71,1.893
1504.0,15.04,30618.708,74100000_2024-01-01 00:00:00.0_2026-12-31 00:00:00.0,3,2024-01-01 00:00:00.0,2026-12-31 00:00:00.0,180.746,-0.71,1.893
1505.0,15.05,30657.239,74100000_2024-01-01 00:00:00.0_2026-12-31 00:00:00.0,3,2024-01-01 00:00:00.0,2026-12-31 00:00:00.0,180.746,-0.71,1.893
1506.0,15.06,30695.793,74100000_2024-01-01 00:00:00.0_2026-12-31 00:00:00.0,3,2024-01-01 00:00:00.0,2026-12-31 00:00:00.0,180.746,-0.71,1.893
1507.0,15.07,30734.37,74100000_2024-01-01 00:00:00.0_2026-12-31 00:00:00.0,3,2024-01-01 00:00:00.0,2026-12-31 00:00:00.0,180.746,-0.71,1.893
1508.0,15.08,30772.97,74100000_2024-01-01 00:00:00.0_2026-12-31 00:00:00.0,3,2024-01-01 00:00:00.0,2026-12-31 00:00:00.0,180.746,-0.71,1.893
1509.0,15.09,30811.593,74100000_2024-01-01 00:00:00.0_2026-12-31 00:00:00.0,3,2024-01-01 00:00:00.0,2026-12-31 00:00:00.0,180.746,-0.71,1.893
1510.0,15.1,30850.238,74100000_2024-01-01 00:00:00.0_2026-12-31 00:00:00.0,3,2024-01-01 00:00:00.0,2026-12-31 00:00:00.0,180.746,-0.71,1.893
1511.0,15.11,30888.907,74100000_2024-01-01 00:00:00.0_2026-12-31 00:00:00.0,3,2024-01-01 00:00:00.0,2026-12-31 00:00:00.0,180.746,-0.71,1.893
1512.0,15.12,30927.598,74100000_2024-01-01 00:00:00.0_2026-12-31 00:00:00.0,3,2024-01-01 00:00:00.0,2026-12-31 00:00:00.0,180.746,-0.71,1.893
1513.0,15.13,30966.312,74100000_2024-01-01 00:00:00.0_2026-12-31 00:00:00.0,3,2024-01-01 00:00:00.0,2026-12-31 00:00:00.0,180.746,-0.71,1.893
1514.0,15.14,31005.049,74100000_2024-01-01 00:00:00.0_2026-12-31 00:00:00.0,3,2024-01-01 00:00:00.0,2026-12-31 00:00:00.0,180.746,-0.71,1.893
1515.0,15.15,31043.809,74100000_2024-01-01 00:00:00.0_2026-12-31 00:00:00.0,3,2024-01-01 00:00:00.0,2026-12-31 00:00:00.0,180.746,-0.71,1.893
1516.0,15.16,31082.592,74100000_2024-01-01 00:00:00.0_2026-12-31 00:00:00.0,3,2024-01-01 00:00:00.0,2026-12-31 00:00:00.0,180.746,-0.71,1.893
1517.0,15.17,31121.397,74100000_2024-01-01 00:00:00.0_2026-12-31 00:00:00.0,3,2024-01-01 00:00:00.0,2026-12-31 00:00:00.0,180.746,-0.71,1.893
1518.0,15.18,31160.225,74100000_2024-01-01 00:00:00.0_2026-12-31 00:00:00.0,3,2024-01-01 00:00:00.0,2026-12-31 00:00:00.0,180.746,-0.71,1.893
1519.0,15.19,31199.077,74100000_2024-01-01 00:00:00.0_2026-12-31 00:00:00.0,3,2024-01-01 00:00:00.0,2026-12-31 00:00:00.0,180.746,-0.71,1.893
1520.0,15.2,31237.951,74100000_2024-01-01 00:00:00.0_2026-12-31 00:00:00.0,3,2024-01-01 00:00:00.0,2026-12-31 00:00:00.0,180.746,-0.71,1.893
1521.0,15.21,31276.847,74100000_2024-01-01 00:00:00.0_2026-12-31 00:00:00.0,3,2024-01-01 00:00:00.0,2026-12-31 00:00:00.0,180.746,-0.71,1.893
1522.0,15.22,31315.767,74100000_2024-01-01 00:00:00.0_2026-12-31 00:00:00.0,3,2024-01-01 00:00:00.0,2026-12-31 00:00:00.0,180.746,-0.71,1.893
1523.0,15.23,31354.71,74100000_2024-01-01 00:00:00.0_2026-12-31 00:00:00.0,3,2024-01-01 00:00:00.0,2026-12-31 00:00:00.0,180.746,-0.71,1.893
1524.0,15.24,31393.675,74100000_2024-01-01 00:00:00.0_2026-12-31 00:00:00.0,3,2024-01-01 00:00:00.0,2026-12-31 00:00:00.0,180.746,-0.71,1.893
1525.0,15.25,31432.663,74100000_2024-01-01 00:00:00.0_2026-12-31 00:00:00.0,3,2024-01-01 00:00:00.0,2026-12-31 00:00:00.0,180.746,-0.71,1.893
1526.0,15.26,31471.674,74100000_2024-01-01 00:00:00.0_2026-12-31 00:00:00.0,3,2024-01-01 00:00:00.0,2026-12-31 00:00:00.0,180.746,-0.71,1.893
1527.0,15.27,31510.708,74100000_2024-01-01 00:00:00.0_2026-12-31 00:00:00.0,3,2024-01-01 00:00:00.0,2026-12-31 00:00:00.0,180.746,-0.71,1.893
1528.0,15.28,31549.764,74100000_2024-01-01 00:00:00.0_2026-12-31 00:00:00.0,3,2024-01-01 00:00:00.0,2026-12-31 00:00:00.0,180.746,-0.71,1.893
1529.0,15.29,31588.844,74100000_2024-01-01 00:00:00.0_2026-12-31 00:00:00.0,3,2024-01-01 00:00:00.0,2026-12-31 00:00:00.0,180.746,-0.71,1.893
1530.0,15.3,31627.946,74100000_2024-01-01 00:00:00.0_2026-12-31 00:00:00.0,3,2024-01-01 00:00:00.0,2026-12-31 00:00:00.0,180.746,-0.71,1.893
1531.0,15.31,31667.071,74100000_2024-01-01 00:00:00.0_2026-12-31 00:00:00.0,3,2024-01-01 00:00:00.0,2026-12-31 00:00:00.0,180.746,-0.71,1.893
1532.0,15.32,31706.219,74100000_2024-01-01 00:00:00.0_2026-12-31 00:00:00.0,3,2024-01-01 00:00:00.0,2026-12-31 00:00:00.0,180.746,-0.71,1.893
1533.0,15.33,31745.39,74100000_2024-01-01 00:00:00.0_2026-12-31 00:00:00.0,3,2024-01-01 00:00:00.0,2026-12-31 00:00:00.0,180.746,-0.71,1.893
1534.0,15.34,31784.583,74100000_2024-01-01 00:00:00.0_2026-12-31 00:00:00.0,3,2024-01-01 00:00:00.0,2026-12-31 00:00:00.0,180.746,-0.71,1.893
1535.0,15.35,31823.8,74100000_2024-01-01 00:00:00.0_2026-12-31 00:00:00.0,3,2024-01-01 00:00:00.0,2026-12-31 00:00:00.0,180.746,-0.71,1.893
1536.0,15.36,31863.039,74100000_2024-01-01 00:00:00.0_2026-12-31 00:00:00.0,3,2024-01-01 00:00:00.0,2026-12-31 00:00:00.0,180.746,-0.71,1.893
1537.0,15.37,31902.301,74100000_2024-01-01 00:00:00.0_2026-12-31 00:00:00.0,3,2024-01-01 00:00:00.0,2026-12-31 00:00:00.0,180.746,-0.71,1.893
1538.0,15.38,31941.586,74100000_2024-01-01 00:00:00.0_2026-12-31 00:00:00.0,3,2024-01-01 00:00:00.0,2026-12-31 00:00:00.0,180.746,-0.71,1.893
1539.0,15.39,31980.893,74100000_2024-01-01 00:00:00.0_2026-12-31 00:00:00.0,3,2024-01-01 00:00:00.0,2026-12-31 00:00:00.0,180.746,-0.71,1.893
1540.0,15.4,32020.224,74100000_2024-01-01 00:00:00.0_2026-12-31 00:00:00.0,3,2024-01-01 00:00:00.0,2026-12-31 00:00:00.0,180.746,-0.71,1.893
1541.0,15.41,32059.577,74100000_2024-01-01 00:00:00.0_2026-12-31 00:00:00.0,3,2024-01-01 00:00:00.0,2026-12-31 00:00:00.0,180.746,-0.71,1.893
1542.0,15.42,32098.953,74100000_2024-01-01 00:00:00.0_2026-12-31 00:00:00.0,3,2024-01-01 00:00:00.0,2026-12-31 00:00:00.0,180.746,-0.71,1.893
1543.0,15.43,32138.352,74100000_2024-01-01 00:00:00.0_2026-12-31 00:00:00.0,3,2024-01-01 00:00:00.0,2026-12-31 00:00:00.0,180.746,-0.71,1.893
1544.0,15.44,32177.773,74100000_2024-01-01 00:00:00.0_2026-12-31 00:00:00.0,3,2024-01-01 00:00:00.0,2026-12-31 00:00:00.0,180.746,-0.71,1.893
1545.0,15.45,32217.218,74100000_2024-01-01 00:00:00.0_2026-12-31 00:00:00.0,3,2024-01-01 00:00:00.0,2026-12-31 00:00:00.0,180.746,-0.71,1.893
1546.0,15.46,32256.685,74100000_2024-01-01 00:00:00.0_2026-12-31 00:00:00.0,3,2024-01-01 00:00:00.0,2026-12-31 00:00:00.0,180.746,-0.71,1.893
1547.0,15.47,32296.175,74100000_2024-01-01 00:00:00.0_2026-12-31 00:00:00.0,3,2024-01-01 00:00:00.0,2026-12-31 00:00:00.0,180.746,-0.71,1.893
1548.0,15.48,32335.688,74100000_2024-01-01 00:00:00.0_2026-12-31 00:00:00.0,3,2024-01-01 00:00:00.0,2026-12-31 00:00:00.0,180.746,-0.71,1.893
1549.0,15.49,32375.223,74100000_2024-01-01 00:00:00.0_2026-12-31 00:00:00.0,3,2024-01-01 00:00:00.0,2026-12-31 00:00:00.0,180.746,-0.71,1.893
1550.0,15.5,32414.781,74100000_2024-01-01 00:00:00.0_2026-12-31 00:00:00.0,3,2024-01-01 00:00:00.0,2026-12-31 00:00:00.0,180.746,-0.71,1.893
1551.0,15.51,32454.363,74100000_2024-01-01 00:00:00.0_2026-12-31 00:00:00.0,3,2024-01-01 00:00:00.0,2026-12-31 00:00:00.0,180.746,-0.71,1.893
1552.0,15.52,32493.966,74100000_2024-01-01 00:00:00.0_2026-12-31 00:00:00.0,3,2024-01-01 00:00:00.0,2026-12-31 00:00:00.0,180.746,-0.71,1.893
1553.0,15.53,32533.593,74100000_2024-01-01 00:00:00.0_2026-12-31 00:00:00.0,3,2024-01-01 00:00:00.0,2026-12-31 00:00:00.0,180.746,-0.71,1.893
1554.0,15.54,32573.243,74100000_2024-01-01 00:00:00.0_2026-12-31 00:00:00.0,3,2024-01-01 00:00:00.0,2026-12-31 00:00:00.0,180.746,-0.71,1.893
1555.0,15.55,32612.915,74100000_2024-01-01 00:00:00.0_2026-12-31 00:00:00.0,3,2024-01-01 00:00:00.0,2026-12-31 00:00:00.0,180.746,-0.71,1.893
1556.0,15.56,32652.61,74100000_2024-01-01 00:00:00.0_2026-12-31 00:00:00.0,3,2024-01-01 00:00:00.0,2026-12-31 00:00:00.0,180.746,-0.71,1.893
1557.0,15.57,32692.328,74100000_2024-01-01 00:00:00.0_2026-12-31 00:00:00.0,3,2024-01-01 00:00:00.0,2026-12-31 00:00:00.0,180.746,-0.71,1.893
1558.0,15.58,32732.068,74100000_2024-01-01 00:00:00.0_2026-12-31 00:00:00.0,3,2024-01-01 00:00:00.0,2026-12-31 00:00:00.0,180.746,-0.71,1.893
1559.0,15.59,32771.832,74100000_2024-01-01 00:00:00.0_2026-12-31 00:00:00.0,3,2024-01-01 00:00:00.0,2026-12-31 00:00:00.0,180.746,-0.71,1.893
1560.0,15.6,32811.618,74100000_2024-01-01 00:00:00.0_2026-12-31 00:00:00.0,3,2024-01-01 00:00:00.0,2026-12-31 00:00:00.0,180.746,-0.71,1.893
1561.0,15.61,32851.427,74100000_2024-01-01 00:00:00.0_2026-12-31 00:00:00.0,3,2024-01-01 00:00:00.0,2026-12-31 00:00:00.0,180.746,-0.71,1.893
1562.0,15.62,32891.258,74100000_2024-01-01 00:00:00.0_2026-12-31 00:00:00.0,3,2024-01-01 00:00:00.0,2026-12-31 00:00:00.0,180.746,-0.71,1.893
1563.0,15.63,32931.113,74100000_2024-01-01 00:00:00.0_2026-12-31 00:00:00.0,3,2024-01-01 00:00:00.0,2026-12-31 00:00:00.0,180.746,-0.71,1.893
1564.0,15.64,32970.99,74100000_2024-01-01 00:00:00.0_2026-12-31 00:00:00.0,3,2024-01-01 00:00:00.0,2026-12-31 00:00:00.0,180.746,-0.71,1.893
1565.0,15.65,33010.89,74100000_2024-01-01 00:00:00.0_2026-12-31 00:00:00.0,3,2024-01-01 00:00:00.0,2026-12-31 00:00:00.0,180.746,-0.71,1.893
1566.0,15.66,33050.813,74100000_2024-01-01 00:00:00.0_2026-12-31 00:00:00.0,3,2024-01-01 00:00:00.0,2026-12-31 00:00:00.0,180.746,-0.71,1.893
1567.0,15.67,33090.758,74100000_2024-01-01 00:00:00.0_2026-12-31 00:00:00.0,3,2024-01-01 00:00:00.0,2026-12-31 00:00:00.0,180.746,-0.71,1.893
1568.0,15.68,33130.727,74100000_2024-01-01 00:00:00.0_2026-12-31 00:00:00.0,3,2024-01-01 00:00:00.0,2026-12-31 00:00:00.0,180.746,-0.71,1.893
1569.0,15.69,33170.718,74100000_2024-01-01 00:00:00.0_2026-12-31 00:00:00.0,3,2024-01-01 00:00:00.0,2026-12-31 00:00:00.0,180.746,-0.71,1.893
1570.0,15.7,33210.731,74100000_2024-01-01 00:00:00.0_2026-12-31 00:00:00.0,3,2024-01-01 00:00:00.0,2026-12-31 00:00:00.0,180.746,-0.71,1.893
1571.0,15.71,33250.768,74100000_2024-01-01 00:00:00.0_2026-12-31 00:00:00.0,3,2024-01-01 00:00:00.0,2026-12-31 00:00:00.0,180.746,-0.71,1.893
1572.0,15.72,33290.827,74100000_2024-01-01 00:00:00.0_2026-12-31 00:00:00.0,3,2024-01-01 00:00:00.0,2026-12-31 00:00:00.0,180.746,-0.71,1.893
1573.0,15.73,33330.909,74100000_2024-01-01 00:00:00.0_2026-12-31 00:00:00.0,3,2024-01-01 00:00:00.0,2026-12-31 00:00:00.0,180.746,-0.71,1.893
1574.0,15.74,33371.014,74100000_2024-01-01 00:00:00.0_2026-12-31 00:00:00.0,3,2024-01-01 00:00:00.0,2026-12-31 00:00:00.0,180.746,-0.71,1.893
1575.0,15.75,33411.142,74100000_2024-01-01 00:00:00.0_2026-12-31 00:00:00.0,3,2024-01-01 00:00:00.0,2026-12-31 00:00:00.0,180.746,-0.71,1.893
1576.0,15.76,33451.292,74100000_2024-01-01 00:00:00.0_2026-12-31 00:00:00.0,3,2024-01-01 00:00:00.0,2026-12-31 00:00:00.0,180.746,-0.71,1.893
1577.0,15.77,33491.465,74100000_2024-01-01 00:00:00.0_2026-12-31 00:00:00.0,3,2024-01-01 00:00:00.0,2026-12-31 00:00:00.0,180.746,-0.71,1.893
1578.0,15.78,33531.661,74100000_2024-01-01 00:00:00.0_2026-12-31 00:00:00.0,3,2024-01-01 00:00:00.0,2026-12-31 00:00:00.0,180.746,-0.71,1.893
1579.0,15.79,33571.879,74100000_2024-01-01 00:00:00.0_2026-12-31 00:00:00.0,3,2024-01-01 00:00:00.0,2026-12-31 00:00:00.0,180.746,-0.71,1.893
1580.0,15.8,33612.12,74100000_2024-01-01 00:00:00.0_2026-12-31 00:00:00.0,3,2024-01-01 00:00:00.0,2026-12-31 00:00:00.0,180.746,-0.71,1.893
1581.0,15.81,33652.384,74100000_2024-01-01 00:00:00.0_2026-12-31 00:00:00.0,3,2024-01-01 00:00:00.0,2026-12-31 00:00:00.0,180.746,-0.71,1.893
1582.0,15.82,33692.671,74100000_2024-01-01 00:00:00.0_2026-12-31 00:00:00.0,3,2024-01-01 00:00:00.0,2026-12-31 00:00:00.0,180.746,-0.71,1.893
1583.0,15.83,33732.981,74100000_2024-01-01 00:00:00.0_2026-12-31 00:00:00.0,3,2024-01-01 00:00:00.0,2026-12-31 00:00:00.0,180.746,-0.71,1.893
1584.0,15.84,33773.313,74100000_2024-01-01 00:00:00.0_2026-12-31 00:00:00.0,3,2024-01-01 00:00:00.0,2026-12-31 00:00:00.0,180.746,-0.71,1.893
1585.0,15.85,33813.668,74100000_2024-01-01 00:00:00.0_2026-12-31 00:00:00.0,3,2024-01-01 00:00:00.0,2026-12-31 00:00:00.0,180.746,-0.71,1.893
1586.0,15.86,33854.046,74100000_2024-01-01 00:00:00.0_2026-12-31 00:00:00.0,3,2024-01-01 00:00:00.0,2026-12-31 00:00:00.0,180.746,-0.71,1.893
1587.0,15.87,33894.446,74100000_2024-01-01 00:00:00.0_2026-12-31 00:00:00.0,3,2024-01-01 00:00:00.0,2026-12-31 00:00:00.0,180.746,-0.71,1.893
1588.0,15.88,33934.869,74100000_2024-01-01 00:00:00.0_2026-12-31 00:00:00.0,3,2024-01-01 00:00:00.0,2026-12-31 00:00:00.0,180.746,-0.71,1.893
1589.0,15.89,33975.315,74100000_2024-01-01 00:00:00.0_2026-12-31 00:00:00.0,3,2024-01-01 00:00:00.0,2026-12-31 00:00:00.0,180.746,-0.71,1.893
1590.0,15.9,34015.784,74100000_2024-01-01 00:00:00.0_2026-12-31 00:00:00.0,3,2024-01-01 00:00:00.0,2026-12-31 00:00:00.0,180.746,-0.71,1.893
1591.0,15.91,34056.275,74100000_2024-01-01 00:00:00.0_2026-12-31 00:00:00.0,3,2024-01-01 00:00:00.0,2026-12-31 00:00:00.0,180.746,-0.71,1.893
1592.0,15.92,34096.789,74100000_2024-01-01 00:00:00.0_2026-12-31 00:00:00.0,3,2024-01-01 00:00:00.0,2026-12-31 00:00:00.0,180.746,-0.71,1.893
1593.0,15.93,34137.326,74100000_2024-01-01 00:00:00.0_2026-12-31 00:00:00.0,3,2024-01-01 00:00:00.0,2026-12-31 00:00:00.0,180.746,-0.71,1.893
1594.0,15.94,34177.885,74100000_2024-01-01 00:00:00.0_2026-12-31 00:00:00.0,3,2024-01-01 00:00:00.0,2026-12-31 00:00:00.0,180.746,-0.71,1.893
1595.0,15.95,34218.467,74100000_2024-01-01 00:00:00.0_2026-12-31 00:00:00.0,3,2024-01-01 00:00:00.0,2026-12-31 00:00:00.0,180.746,-0.71,1.893
1596.0,15.96,34259.072,74100000_2024-01-01 00:00:00.0_2026-12-31 00:00:00.0,3,2024-01-01 00:00:00.0,2026-12-31 00:00:00.0,180.746,-0.71,1.893
1597.0,15.97,34299.7,74100000_2024-01-01 00:00:00.0_2026-12-31 00:00:00.0,3,2024-01-01 00:00:00.0,2026-12-31 00:00:00.0,180.746,-0.71,1.893
1598.0,15.98,34340.35,74100000_2024-01-01 00:00:00.0_2026-12-31 00:00:00.0,3,2024-01-01 00:00:00.0,2026-12-31 00:00:00.0,180.746,-0.71,1.893
1599.0,15.99,34381.023,74100000_2024-01-01 00:00:00.0_2026-12-31 00:00:00.0,3,2024-01-01 00:00:00.0,2026-12-31 00:00:00.0,180.746,-0.71,1.893
1600.0,16.0,34421.719,74100000_2024-01-01 00:00:00.0_2026-12-31 00:00:00.0,3,2024-01-01 00:00:00.0,2026-12-31 00:00:00.0,180.746,-0.71,1.893
1601.0,16.01,34462.438,74100000_2024-01-01 00:00:00.0_2026-12-31 00:00:00.0,3,2024-01-01 00:00:00.0,2026-12-31 00:00:00.0,180.746,-0.71,1.893
1602.0,16.02,34503.179,74100000_2024-01-01 00:00:00.0_2026-12-31 00:00:00.0,3,2024-01-01 00:00:00.0,2026-12-31 00:00:00.0,180.746,-0.71,1.893
1603.0,16.03,34543.943,74100000_2024-01-01 00:00:00.0_2026-12-31 00:00:00.0,3,2024-01-01 00:00:00.0,2026-12-31 00:00:00.0,180.746,-0.71,1.893
1604.0,16.04,34584.729,74100000_2024-01-01 00:00:00.0_2026-12-31 00:00:00.0,3,2024-01-01 00:00:00.0,2026-12-31 00:00:00.0,180.746,-0.71,1.893
1605.0,16.05,34625.539,74100000_2024-01-01 00:00:00.0_2026-12-31 00:00:00.0,3,2024-01-01 00:00:00.0,2026-12-31 00:00:00.0,180.746,-0.71,1.893
1606.0,16.06,34666.371,74100000_2024-01-01 00:00:00.0_2026-12-31 00:00:00.0,3,2024-01-01 00:00:00.0,2026-12-31 00:00:00.0,180.746,-0.71,1.893
1607.0,16.07,34707.225,74100000_2024-01-01 00:00:00.0_2026-12-31 00:00:00.0,3,2024-01-01 00:00:00.0,2026-12-31 00:00:00.0,180.746,-0.71,1.893
1608.0,16.08,34748.103,74100000_2024-01-01 00:00:00.0_2026-12-31 00:00:00.0,3,2024-01-01 00:00:00.0,2026-12-31 00:00:00.0,180.746,-0.71,1.893
1609.0,16.09,34789.003,74100000_2024-01-01 00:00:00.0_2026-12-31 00:00:00.0,3,2024-01-01 00:00:00.0,2026-12-31 00:00:00.0,180.746,-0.71,1.893
1610.0,16.1,34829.926,74100000_2024-01-01 00:00:00.0_2026-12-31 00:00:00.0,3,2024-01-01 00:00:00.0,2026-12-31 00:00:00.0,180.746,-0.71,1.893
1611.0,16.11,34870.871,74100000_2024-01-01 00:00:00.0_2026-12-31 00:00:00.0,3,2024-01-01 00:00:00.0,2026-12-31 00:00:00.0,180.746,-0.71,1.893
1612.0,16.12,34911.839,74100000_2024-01-01 00:00:00.0_2026-12-31 00:00:00.0,3,2024-01-01 00:00:00.0,2026-12-31 00:00:00.0,180.746,-0.71,1.893
1613.0,16.13,34952.83,74100000_2024-01-01 00:00:00.0_2026-12-31 00:00:00.0,3,2024-01-01 00:00:00.0,2026-12-31 00:00:00.0,180.746,-0.71,1.893
1614.0,16.14,34993.844,74100000_2024-01-01 00:00:00.0_2026-12-31 00:00:00.0,3,2024-01-01 00:00:00.0,2026-12-31 00:00:00.0,180.746,-0.71,1.893
1615.0,16.15,35034.88,74100000_2024-01-01 00:00:00.0_2026-12-31 00:00:00.0,3,2024-01-01 00:00:00.0,2026-12-31 00:00:00.0,180.746,-0.71,1.893
1616.0,16.16,35075.939,74100000_2024-01-01 00:00:00.0_2026-12-31 00:00:00.0,3,2024-01-01 00:00:00.0,2026-12-31 00:00:00.0,180.746,-0.71,1.893
1617.0,16.17,35117.021,74100000_2024-01-01 00:00:00.0_2026-12-31 00:00:00.0,3,2024-01-01 00:00:00.0,2026-12-31 00:00:00.0,180.746,-0.71,1.893
1618.0,16.18,35158.125,74100000_2024-01-01 00:00:00.0_2026-12-31 00:00:00.0,3,2024-01-01 00:00:00.0,2026-12-31 00:00:00.0,180.746,-0.71,1.893
1619.0,16.19,35199.252,74100000_2024-01-01 00:00:00.0_2026-12-31 00:00:00.0,3,2024-01-01 00:00:00.0,2026-12-31 00:00:00.0,180.746,-0.71,1.893
1620.0,16.2,35240.402,74100000_2024-01-01 00:00:00.0_2026-12-31 00:00:00.0,3,2024-01-01 00:00:00.0,2026-12-31 00:00:00.0,180.746,-0.71,1.893
1621.0,16.21,35281.574,74100000_2024-01-01 00:00:00.0_2026-12-31 00:00:00.0,3,2024-01-01 00:00:00.0,2026-12-31 00:00:00.0,180.746,-0.71,1.893
1622.0,16.22,35322.769,74100000_2024-01-01 00:00:00.0_2026-12-31 00:00:00.0,3,2024-01-01 00:00:00.0,2026-12-31 00:00:00.0,180.746,-0.71,1.893
1623.0,16.23,35363.987,74100000_2024-01-01 00:00:00.0_2026-12-31 00:00:00.0,3,2024-01-01 00:00:00.0,2026-12-31 00:00:00.0,180.746,-0.71,1.893
1624.0,16.24,35405.227,74100000_2024-01-01 00:00:00.0_2026-12-31 00:00:00.0,3,2024-01-01 00:00:00.0,2026-12-31 00:00:00.0,180.746,-0.71,1.893
1625.0,16.25,35446.49,74100000_2024-01-01 00:00:00.0_2026-12-31 00:00:00.0,3,2024-01-01 00:00:00.0,2026-12-31 00:00:00.0,180.746,-0.71,1.893
1626.0,16.26,35487.776,74100000_2024-01-01 00:00:00.0_2026-12-31 00:00:00.0,3,2024-01-01 00:00:00.0,2026-12-31 00:00:00.0,180.746,-0.71,1.893
1627.0,16.27,35529.084,74100000_2024-01-01 00:00:00.0_2026-12-31 00:00:00.0,3,2024-01-01 00:00:00.0,2026-12-31 00:00:00.0,180.746,-0.71,1.893
1628.0,16.28,35570.415,74100000_2024-01-01 00:00:00.0_2026-12-31 00:00:00.0,3,2024-01-01 00:00:00.0,2026-12-31 00:00:00.0,180.746,-0.71,1.893
1629.0,16.29,35611.769,74100000_2024-01-01 00:00:00.0_2026-12-31 00:00:00.0,3,2024-01-01 00:00:00.0,2026-12-31 00:00:00.0,180.746,-0.71,1.893
1630.0,16.3,35653.146,74100000_2024-01-01 00:00:00.0_2026-12-31 00:00:00.0,3,2024-01-01 00:00:00.0,2026-12-31 00:00:00.0,180.746,-0.71,1.893
1631.0,16.31,35694.545,74100000_2024-01-01 00:00:00.0_2026-12-31 00:00:00.0,3,2024-01-01 00:00:00.0,2026-12-31 00:00:00.0,180.746,-0.71,1.893
1632.0,16.32,35735.966,74100000_2024-01-01 00:00:00.0_2026-12-31 00:00:00.0,3,2024-01-01 00:00:00.0,2026-12-31 00:00:00.0,180.746,-0.71,1.893
1633.0,16.33,35777.411,74100000_2024-01-01 00:00:00.0_2026-12-31 00:00:00.0,3,2024-01-01 00:00:00.0,2026-12-31 00:00:00.0,180.746,-0.71,1.893
1634.0,16.34,35818.878,74100000_2024-01-01 00:00:00.0_2026-12-31 00:00:00.0,3,2024-01-01 00:00:00.0,2026-12-31 00:00:00.0,180.746,-0.71,1.893
1635.0,16.35,35860.368,74100000_2024-01-01 00:00:00.0_2026-12-31 00:00:00.0,3,2024-01-01 00:00:00.0,2026-12-31 00:00:00.0,180.746,-0.71,1.893
1636.0,16.36,35901.88,74100000_2024-01-01 00:00:00.0_2026-12-31 00:00:00.0,3,2024-01-01 00:00:00.0,2026-12-31 00:00:00.0,180.746,-0.71,1.893
1637.0,16.37,35943.415,74100000_2024-01-01 00:00:00.0_2026-12-31 00:00:00.0,3,2024-01-01 00:00:00.0,2026-12-31 00:00:00.0,180.746,-0.71,1.893
1638.0,16.38,35984.973,74100000_2024-01-01 00:00:00.0_2026-12-31 00:00:00.0,3,2024-01-01 00:00:00.0,2026-12-31 00:00:00.0,180.746,-0.71,1.893
1639.0,16.39,36026.553,74100000_2024-01-01 00:00:00.0_2026-12-31 00:00:00.0,3,2024-01-01 00:00:00.0,2026-12-31 00:00:00.0,180.746,-0.71,1.893
1640.0,16.4,36068.156,74100000_2024-01-01 00:00:00.0_2026-12-31 00:00:00.0,3,2024-01-01 00:00:00.0,2026-12-31 00:00:00.0,180.746,-0.71,1.893
1641.0,16.41,36109.782,74100000_2024-01-01 00:00:00.0_2026-12-31 00:00:00.0,3,2024-01-01 00:00:00.0,2026-12-31 00:00:00.0,180.746,-0.71,1.893
1642.0,16.42,36151.43,74100000_2024-01-01 00:00:00.0_2026-12-31 00:00:00.0,3,2024-01-01 00:00:00.0,2026-12-31 00:00:00.0,180.746,-0.71,1.893
1643.0,16.43,36193.101,74100000_2024-01-01 00:00:00.0_2026-12-31 00:00:00.0,3,2024-01-01 00:00:00.0,2026-12-31 00:00:00.0,180.746,-0.71,1.893
1644.0,16.44,36234.794,74100000_2024-01-01 00:00:00.0_2026-12-31 00:00:00.0,3,2024-01-01 00:00:00.0,2026-12-31 00:00:00.0,180.746,-0.71,1.893
1645.0,16.45,36276.511,74100000_2024-01-01 00:00:00.0_2026-12-31 00:00:00.0,3,2024-01-01 00:00:00.0,2026-12-31 00:00:00.0,180.746,-0.71,1.893
1646.0,16.46,36318.25,74100000_2024-01-01 00:00:00.0_2026-12-31 00:00:00.0,3,2024-01-01 00:00:00.0,2026-12-31 00:00:00.0,180.746,-0.71,1.893
1647.0,16.47,36360.011,74100000_2024-01-01 00:00:00.0_2026-12-31 00:00:00.0,3,2024-01-01 00:00:00.0,2026-12-31 00:00:00.0,180.746,-0.71,1.893
1648.0,16.48,36401.795,74100000_2024-01-01 00:00:00.0_2026-12-31 00:00:00.0,3,2024-01-01 00:00:00.0,2026-12-31 00:00:00.0,180.746,-0.71,1.893
1649.0,16.49,36443.602,74100000_2024-01-01 00:00:00.0_2026-12-31 00:00:00.0,3,2024-01-01 00:00:00.0,2026-12-31 00:00:00.0,180.746,-0.71,1.893
1650.0,16.5,36485.431,74100000_2024-01-01 00:00:00.0_2026-12-31 00:00:00.0,3,2024-01-01 00:00:00.0,2026-12-31 00:00:00.0,180.746,-0.71,1.893
1651.0,16.51,36527.283,74100000_2024-01-01 00:00:00.0_2026-12-31 00:00:00.0,3,2024-01-01 00:00:00.0,2026-12-31 00:00:00.0,180.746,-0.71,1.893
1652.0,16.52,36569.158,74100000_2024-01-01 00:00:00.0_2026-12-31 00:00:00.0,3,2024-01-01 00:00:00.0,2026-12-31 00:00:00.0,180.746,-0.71,1.893
1653.0,16.53,36611.055,74100000_2024-01-01 00:00:00.0_2026-12-31 00:00:00.0,3,2024-01-01 00:00:00.0,2026-12-31 00:00:00.0,180.746,-0.71,1.893
1654.0,16.54,36652.975,74100000_2024-01-01 00:00:00.0_2026-12-31 00:00:00.0,3,2024-01-01 00:00:00.0,2026-12-31 00:00:00.0,180.746,-0.71,1.893
1655.0,16.55,36694.918,74100000_2024-01-01 00:00:00.0_2026-12-31 00:00:00.0,3,2024-01-01 00:00:00.0,2026-12-31 00:00:00.0,180.746,-0.71,1.893
1656.0,16.56,36736.883,74100000_2024-01-01 00:00:00.0_2026-12-31 00:00:00.0,3,2024-01-01 00:00:00.0,2026-12-31 00:00:00.0,180.746,-0.71,1.893
1657.0,16.57,36778.871,74100000_2024-01-01 00:00:00.0_2026-12-31 00:00:00.0,3,2024-01-01 00:00:00.0,2026-12-31 00:00:00.0,180.746,-0.71,1.893
1658.0,16.58,36820.881,74100000_2024-01-01 00:00:00.0_2026-12-31 00:00:00.0,3,2024-01-01 00:00:00.0,2026-12-31 00:00:00.0,180.746,-0.71,1.893
1659.0,16.59,36862.915,74100000_2024-01-01 00:00:00.0_2026-12-31 00:00:00.0,3,2024-01-01 00:00:00.0,2026-12-31 00:00:00.0,180.746,-0.71,1.893
1660.0,16.6,36904.97,74100000_2024-01-01 00:00:00.0_2026-12-31 00:00:00.0,3,2024-01-01 00:00:00.0,2026-12-31 00:00:00.0,180.746,-0.71,1.893
1661.0,16.61,36947.049,74100000_2024-01-01 00:00:00.0_2026-12-31 00:00:00.0,3,2024-01-01 00:00:00.0,2026-12-31 00:00:00.0,180.746,-0.71,1.893
1662.0,16.62,36989.15,74100000_2024-01-01 00:00:00.0_2026-12-31 00:00:00.0,3,2024-01-01 00:00:00.0,2026-12-31 00:00:00.0,180.746,-0.71,1.893
1663.0,16.63,37031.273,74100000_2024-01-01 00:00:00.0_2026-12-31 00:00:00.0,3,2024-01-01 00:00:00.0,2026-12-31 00:00:00.0,180.746,-0.71,1.893
1664.0,16.64,37073.419,74100000_2024-01-01 00:00:00.0_2026-12-31 00:00:00.0,3,2024-01-01 00:00:00.0,2026-12-31 00:00:00.0,180.746,-0.71,1.893
1665.0,16.65,37115.588,74100000_2024-01-01 00:00:00.0_2026-12-31 00:00:00.0,3,2024-01-01 00:00:00.0,2026-12-31 00:00:00.0,180.746,-0.71,1.893
1666.0,16.66,37157.779,74100000_2024-01-01 00:00:00.0_2026-12-31 00:00:00.0,3,2024-01-01 00:00:00.0,2026-12-31 00:00:00.0,180.746,-0.71,1.893
1667.0,16.67,37199.993,74100000_2024-01-01 00:00:00.0_2026-12-31 00:00:00.0,3,2024-01-01 00:00:00.0,2026-12-31 00:00:00.0,180.746,-0.71,1.893
1668.0,16.68,37242.23,74100000_2024-01-01 00:00:00.0_2026-12-31 00:00:00.0,3,2024-01-01 00:00:00.0,2026-12-31 00:00:00.0,180.746,-0.71,1.893
1669.0,16.69,37284.489,74100000_2024-01-01 00:00:00.0_2026-12-31 00:00:00.0,3,2024-01-01 00:00:00.0,2026-12-31 00:00:00.0,180.746,-0.71,1.893
1670.0,16.7,37326.771,74100000_2024-01-01 00:00:00.0_2026-12-31 00:00:00.0,3,2024-01-01 00:00:00.0,2026-12-31 00:00:00.0,180.746,-0.71,1.893
1671.0,16.71,37369.076,74100000_2024-01-01 00:00:00.0_2026-12-31 00:00:00.0,3,2024-01-01 00:00:00.0,2026-12-31 00:00:00.0,180.746,-0.71,1.893
1672.0,16.72,37411.403,74100000_2024-01-01 00:00:00.0_2026-12-31 00:00:00.0,3,2024-01-01 00:00:00.0,2026-12-31 00:00:00.0,180.746,-0.71,1.893
1673.0,16.73,37453.752,74100000_2024-01-01 00:00:00.0_2026-12-31 00:00:00.0,3,2024-01-01 00:00:00.0,2026-12-31 00:00:00.0,180.746,-0.71,1.893
1674.0,16.74,37496.125,74100000_2024-01-01 00:00:00.0_2026-12-31 00:00:00.0,3,2024-01-01 00:00:00.0,2026-12-31 00:00:00.0,180.746,-0.71,1.893
1675.0,16.75,37538.519,74100000_2024-01-01 00:00:00.0_2026-12-31 00:00:00.0,3,2024-01-01 00:00:00.0,2026-12-31 00:00:00.0,180.746,-0.71,1.893
1676.0,16.76,37580.937,74100000_2024-01-01 00:00:00.0_2026-12-31 00:00:00.0,3,2024-01-01 00:00:00.0,2026-12-31 00:00:00.0,180.746,-0.71,1.893
1677.0,16.77,37623.377,74100000_2024-01-01 00:00:00.0_2026-12-31 00:00:00.0,3,2024-01-01 00:00:00.0,2026-12-31 00:00:00.0,180.746,-0.71,1.893
1678.0,16.78,37665.84,74100000_2024-01-01 00:00:00.0_2026-12-31 00:00:00.0,3,2024-01-01 00:00:00.0,2026-12-31 00:00:00.0,180.746,-0.71,1.893
1679.0,16.79,37708.325,74100000_2024-01-01 00:00:00.0_2026-12-31 00:00:00.0,3,2024-01-01 00:00:00.0,2026-12-31 00:00:00.0,180.746,-0.71,1.893
1680.0,16.8,37750.833,74100000_2024-01-01 00:00:00.0_2026-12-31 00:00:00.0,3,2024-01-01 00:00:00.0,2026-12-31 00:00:00.0,180.746,-0.71,1.893
1681.0,16.81,37793.363,74100000_2024-01-01 00:00:00.0_2026-12-31 00:00:00.0,3,2024-01-01 00:00:00.0,2026-12-31 00:00:00.0,180.746,-0.71,1.893
1682.0,16.82,37835.916,74100000_2024-01-01 00:00:00.0_2026-12-31 00:00:00.0,3,2024-01-01 00:00:00.0,2026-12-31 00:00:00.0,180.746,-0.71,1.893
1683.0,16.83,37878.492,74100000_2024-01-01 00:00:00.0_2026-12-31 00:00:00.0,3,2024-01-01 00:00:00.0,2026-12-31 00:00:00.0,180.746,-0.71,1.893
1684.0,16.84,37921.09,74100000_2024-01-01 00:00:00.0_2026-12-31 00:00:00.0,3,2024-01-01 00:00:00.0,2026-12-31 00:00:00.0,180.746,-0.71,1.893
1685.0,16.85,37963.711,74100000_2024-01-01 00:00:00.0_2026-12-31 00:00:00.0,3,2024-01-01 00:00:00.0,2026-12-31 00:00:00.0,180.746,-0.71,1.893
1686.0,16.86,38006.354,74100000_2024-01-01 00:00:00.0_2026-12-31 00:00:00.0,3,2024-01-01 00:00:00.0,2026-12-31 00:00:00.0,180.746,-0.71,1.893
1687.0,16.87,38049.02,74100000_2024-01-01 00:00:00.0_2026-12-31 00:00:00.0,3,2024-01-01 00:00:00.0,2026-12-31 00:00:00.0,180.746,-0.71,1.893
1688.0,16.88,38091.708,74100000_2024-01-01 00:00:00.0_2026-12-31 00:00:00.0,3,2024-01-01 00:00:00.0,2026-12-31 00:00:00.0,180.746,-0.71,1.893
1689.0,16.89,38134.42,74100000_2024-01-01 00:00:00.0_2026-12-31 00:00:00.0,3,2024-01-01 00:00:00.0,2026-12-31 00:00:00.0,180.746,-0.71,1.893
1690.0,16.9,38177.153,74100000_2024-01-01 00:00:00.0_2026-12-31 00:00:00.0,3,2024-01-01 00:00:00.0,2026-12-31 00:00:00.0,180.746,-0.71,1.893
1691.0,16.91,38219.91,74100000_2024-01-01 00:00:00.0_2026-12-31 00:00:00.0,3,2024-01-01 00:00:00.0,2026-12-31 00:00:00.0,180.746,-0.71,1.893
1692.0,16.92,38262.688,74100000_2024-01-01 00:00:00.0_2026-12-31 00:00:00.0,3,2024-01-01 00:00:00.0,2026-12-31 00:00:00.0,180.746,-0.71,1.893
1693.0,16.93,38305.49,74100000_2024-01-01 00:00:00.0_2026-12-31 00:00:00.0,3,2024-01-01 00:00:00.0,2026-12-31 00:00:00.0,180.746,-0.71,1.893
1694.0,16.94,38348.314,74100000_2024-01-01 00:00:00.0_2026-12-31 00:00:00.0,3,2024-01-01 00:00:00.0,2026-12-31 00:00:00.0,180.746,-0.71,1.893
1695.0,16.95,38391.16,74100000_2024-01-01 00:00:00.0_2026-12-31 00:00:00.0,3,2024-01-01 00:00:00.0,2026-12-31 00:00:00.0,180.746,-0.71,1.893
1696.0,16.96,38434.029,74100000_2024-01-01 00:00:00.0_2026-12-31 00:00:00.0,3,2024-01-01 00:00:00.0,2026-12-31 00:00:00.0,180.746,-0.71,1.893
1697.0,16.97,38476.921,74100000_2024-01-01 00:00:00.0_2026-12-31 00:00:00.0,3,2024-01-01 00:00:00.0,2026-12-31 00:00:00.0,180.746,-0.71,1.893
1698.0,16.98,38519.835,74100000_2024-01-01 00:00:00.0_2026-12-31 00:00:00.0,3,2024-01-01 00:00:00.0,2026-12-31 00:00:00.0,180.746,-0.71,1.893
1699.0,16.99,38562.772,74100000_2024-01-01 00:00:00.0_2026-12-31 00:00:00.0,3,2024-01-01 00:00:00.0,2026-12-31 00:00:00.0,180.746,-0.71,1.893
1700.0,17.0,38605.732,74100000_2024-01-01 00:00:00.0_2026-12-31 00:00:00.0,3,2024-01-01 00:00:00.0,2026-12-31 00:00:00.0,180.746,-0.71,1.893
1701.0,17.01,38648.714,74100000_2024-01-01 00:00:00.0_2026-12-31 00:00:00.0,3,2024-01-01 00:00:00.0,2026-12-31 00:00:00.0,180.746,-0.71,1.893
1702.0,17.02,38691.718,74100000_2024-01-01 00:00:00.0_2026-12-31 00:00:00.0,3,2024-01-01 00:00:00.0,2026-12-31 00:00:00.0,180.746,-0.71,1.893
1703.0,17.03,38734.745,74100000_2024-01-01 00:00:00.0_2026-12-31 00:00:00.0,3,2024-01-01 00:00:00.0,2026-12-31 00:00:00.0,180.746,-0.71,1.893
1704.0,17.04,38777.795,74100000_2024-01-01 00:00:00.0_2026-12-31 00:00:00.0,3,2024-01-01 00:00:00.0,2026-12-31 00:00:00.0,180.746,-0.71,1.893
1705.0,17.05,38820.867,74100000_2024-01-01 00:00:00.0_2026-12-31 00:00:00.0,3,2024-01-01 00:00:00.0,2026-12-31 00:00:00.0,180.746,-0.71,1.893
1706.0,17.06,38863.962,74100000_2024-01-01 00:00:00.0_2026-12-31 00:00:00.0,3,2024-01-01 00:00:00.0,2026-12-31 00:00:00.0,180.746,-0.71,1.893
1707.0,17.07,38907.079,74100000_2024-01-01 00:00:00.0_2026-12-31 00:00:00.0,3,2024-01-01 00:00:00.0,2026-12-31 00:00:00.0,180.746,-0.71,1.893
1708.0,17.08,38950.219,74100000_2024-01-01 00:00:00.0_2026-12-31 00:00:00.0,3,2024-01-01 00:00:00.0,2026-12-31 00:00:00.0,180.746,-0.71,1.893
1709.0,17.09,38993.381,74100000_2024-01-01 00:00:00.0_2026-12-31 00:00:00.0,3,2024-01-01 00:00:00.0,2026-12-31 00:00:00.0,180.746,-0.71,1.893
1710.0,17.1,39036.566,74100000_2024-01-01 00:00:00.0_2026-12-31 00:00:00.0,3,2024-01-01 00:00:00.0,2026-12-31 00:00:00.0,180.746,-0.71,1.893
1711.0,17.11,39079.774,74100000_2024-01-01 00:00:00.0_2026-12-31 00:00:00.0,3,2024-01-01 00:00:00.0,2026-12-31 00:00:00.0,180.746,-0.71,1.893
1712.0,17.12,39123.004,74100000_2024-01-01 00:00:00.0_2026-12-31 00:00:00.0,3,2024-01-01 00:00:00.0,2026-12-31 00:00:00.0,180.746,-0.71,1.893
1713.0,17.13,39166.256,74100000_2024-01-01 00:00:00.0_2026-12-31 00:00:00.0,3,2024-01-01 00:00:00.0,2026-12-31 00:00:00.0,180.746,-0.71,1.893
1714.0,17.14,39209.532,74100000_2024-01-01 00:00:00.0_2026-12-31 00:00:00.0,3,2024-01-01 00:00:00.0,2026-12-31 00:00:00.0,180.746,-0.71,1.893
1715.0,17.15,39252.829,74100000_2024-01-01 00:00:00.0_2026-12-31 00:00:00.0,3,2024-01-01 00:00:00.0,2026-12-31 00:00:00.0,180.746,-0.71,1.893
1716.0,17.16,39296.149,74100000_2024-01-01 00:00:00.0_2026-12-31 00:00:00.0,3,2024-01-01 00:00:00.0,2026-12-31 00:00:00.0,180.746,-0.71,1.893
1717.0,17.17,39339.492,74100000_2024-01-01 00:00:00.0_2026-12-31 00:00:00.0,3,2024-01-01 00:00:00.0,2026-12-31 00:00:00.0,180.746,-0.71,1.893
1718.0,17.18,39382.857,74100000_2024-01-01 00:00:00.0_2026-12-31 00:00:00.0,3,2024-01-01 00:00:00.0,2026-12-31 00:00:00.0,180.746,-0.71,1.893
1719.0,17.19,39426.245,74100000_2024-01-01 00:00:00.0_2026-12-31 00:00:00.0,3,2024-01-01 00:00:00.0,2026-12-31 00:00:00.0,180.746,-0.71,1.893
1720.0,17.2,39469.656,74100000_2024-01-01 00:00:00.0_2026-12-31 00:00:00.0,3,2024-01-01 00:00:00.0,2026-12-31 00:00:00.0,180.746,-0.71,1.893
1721.0,17.21,39513.089,74100000_2024-01-01 00:00:00.0_2026-12-31 00:00:00.0,3,2024-01-01 00:00:00.0,2026-12-31 00:00:00.0,180.746,-0.71,1.893
1722.0,17.22,39556.544,74100000_2024-01-01 00:00:00.0_2026-12-31 00:00:00.0,3,2024-01-01 00:00:00.0,2026-12-31 00:00:00.0,180.746,-0.71,1.893
1723.0,17.23,39600.022,74100000_2024-01-01 00:00:00.0_2026-12-31 00:00:00.0,3,2024-01-01 00:00:00.0,2026-12-31 00:00:00.0,180.746,-0.71,1.893
1724.0,17.24,39643.523,74100000_2024-01-01 00:00:00.0_2026-12-31 00:00:00.0,3,2024-01-01 00:00:00.0,2026-12-31 00:00:00.0,180.746,-0.71,1.893
1725.0,17.25,39687.046,74100000_2024-01-01 00:00:00.0_2026-12-31 00:00:00.0,3,2024-01-01 00:00:00.0,2026-12-31 00:00:00.0,180.746,-0.71,1.893
1726.0,17.26,39730.591,74100000_2024-01-01 00:00:00.0_2026-12-31 00:00:00.0,3,2024-01-01 00:00:00.0,2026-12-31 00:00:00.0,180.746,-0.71,1.893
1727.0,17.27,39774.159,74100000_2024-01-01 00:00:00.0_2026-12-31 00:00:00.0,3,2024-01-01 00:00:00.0,2026-12-31 00:00:00.0,180.746,-0.71,1.893
1728.0,17.28,39817.75,74100000_2024-01-01 00:00:00.0_2026-12-31 00:00:00.0,3,2024-01-01 00:00:00.0,2026-12-31 00:00:00.0,180.746,-0.71,1.893
1729.0,17.29,39861.363,74100000_2024-01-01 00:00:00.0_2026-12-31 00:00:00.0,3,2024-01-01 00:00:00.0,2026-12-31 00:00:00.0,180.746,-0.71,1.893
1730.0,17.3,39904.999,74100000_2024-01-01 00:00:00.0_2026-12-31 00:00:00.0,3,2024-01-01 00:00:00.0,2026-12-31 00:00:00.0,180.746,-0.71,1.893
1731.0,17.31,39948.657,74100000_2024-01-01 00:00:00.0_2026-12-31 00:00:00.0,3,2024-01-01 00:00:00.0,2026-12-31 00:00:00.0,180.746,-0.71,1.893
1732.0,17.32,39992.338,74100000_2024-01-01 00:00:00.0_2026-12-31 00:00:00.0,3,2024-01-01 00:00:00.0,2026-12-31 00:00:00.0,180.746,-0.71,1.893
1733.0,17.33,40036.041,74100000_2024-01-01 00:00:00.0_2026-12-31 00:00:00.0,3,2024-01-01 00:00:00.0,2026-12-31 00:00:00.0,180.746,-0.71,1.893
1734.0,17.34,40079.766,74100000_2024-01-01 00:00:00.0_2026-12-31 00:00:00.0,3,2024-01-01 00:00:00.0,2026-12-31 00:00:00.0,180.746,-0.71,1.893
1735.0,17.35,40123.515,74100000_2024-01-01 00:00:00.0_2026-12-31 00:00:00.0,3,2024-01-01 00:00:00.0,2026-12-31 00:00:00.0,180.746,-0.71,1.893
1736.0,17.36,40167.286,74100000_2024-01-01 00:00:00.0_2026-12-31 00:00:00.0,3,2024-01-01 00:00:00.0,2026-12-31 00:00:00.0,180.746,-0.71,1.893
1737.0,17.37,40211.079,74100000_2024-01-01 00:00:00.0_2026-12-31 00:00:00.0,3,2024-01-01 00:00:00.0,2026-12-31 00:00:00.0,180.746,-0.71,1.893
1738.0,17.38,40254.895,74100000_2024-01-01 00:00:00.0_2026-12-31 00:00:00.0,3,2024-01-01 00:00:00.0,2026-12-31 00:00:00.0,180.746,-0.71,1.893
1739.0,17.39,40298.733,74100000_2024-01-01 00:00:00.0_2026-12-31 00:00:00.0,3,2024-01-01 00:00:00.0,2026-12-31 00:00:00.0,180.746,-0.71,1.893
1740.0,17.4,40342.594,74100000_2024-01-01 00:00:00.0_2026-12-31 00:00:00.0,3,2024-01-01 00:00:00.0,2026-12-31 00:00:00.0,180.746,-0.71,1.893
1741.0,17.41,40386.477,74100000_2024-01-01 00:00:00.0_2026-12-31 00:00:00.0,3,2024-01-01 00:00:00.0,2026-12-31 00:00:00.0,180.746,-0.71,1.893
1742.0,17.42,40430.383,74100000_2024-01-01 00:00:00.0_2026-12-31 00:00:00.0,3,2024-01-01 00:00:00.0,2026-12-31 00:00:00.0,180.746,-0.71,1.893
1743.0,17.43,40474.311,74100000_2024-01-01 00:00:00.0_2026-12-31 00:00:00.0,3,2024-01-01 00:00:00.0,2026-12-31 00:00:00.0,180.746,-0.71,1.893
1744.0,17.44,40518.262,74100000_2024-01-01 00:00:00.0_2026-12-31 00:00:00.0,3,2024-01-01 00:00:00.0,2026-12-31 00:00:00.0,180.746,-0.71,1.893
1745.0,17.45,40562.235,74100000_2024-01-01 00:00:00.0_2026-12-31 00:00:00.0,3,2024-01-01 00:00:00.0,2026-12-31 00:00:00.0,180.746,-0.71,1.893
1746.0,17.46,40606.231,74100000_2024-01-01 00:00:00.0_2026-12-31 00:00:00.0,3,2024-01-01 00:00:00.0,2026-12-31 00:00:00.0,180.746,-0.71,1.893
1747.0,17.47,40650.249,74100000_2024-01-01 00:00:00.0_2026-12-31 00:00:00.0,3,2024-01-01 00:00:00.0,2026-12-31 00:00:00.0,180.746,-0.71,1.893
1748.0,17.48,40694.29,74100000_2024-01-01 00:00:00.0_2026-12-31 00:00:00.0,3,2024-01-01 00:00:00.0,2026-12-31 00:00:00.0,180.746,-0.71,1.893
1749.0,17.49,40738.354,74100000_2024-01-01 00:00:00.0_2026-12-31 00:00:00.0,3,2024-01-01 00:00:00.0,2026-12-31 00:00:00.0,180.746,-0.71,1.893
1750.0,17.5,40782.439,74100000_2024-01-01 00:00:00.0_2026-12-31 00:00:00.0,3,2024-01-01 00:00:00.0,2026-12-31 00:00:00.0,180.746,-0.71,1.893
1751.0,17.51,40826.548,74100000_2024-01-01 00:00:00.0_2026-12-31 00:00:00.0,3,2024-01-01 00:00:00.0,2026-12-31 00:00:00.0,180.746,-0.71,1.893
1752.0,17.52,40870.678,74100000_2024-01-01 00:00:00.0_2026-12-31 00:00:00.0,3,2024-01-01 00:00:00.0,2026-12-31 00:00:00.0,180.746,-0.71,1.893
1753.0,17.53,40914.832,74100000_2024-01-01 00:00:00.0_2026-12-31 00:00:00.0,3,2024-01-01 00:00:00.0,2026-12-31 00:00:00.0,180.746,-0.71,1.893
1754.0,17.54,40959.008,74100000_2024-01-01 00:00:00.0_2026-12-31 00:00:00.0,3,2024-01-01 00:00:00.0,2026-12-31 00:00:00.0,180.746,-0.71,1.893
1755.0,17.55,41003.206,74100000_2024-01-01 00:00:00.0_2026-12-31 00:00:00.0,3,2024-01-01 00:00:00.0,2026-12-31 00:00:00.0,180.746,-0.71,1.893
1756.0,17.56,41047.427,74100000_2024-01-01 00:00:00.0_2026-12-31 00:00:00.0,3,2024-01-01 00:00:00.0,2026-12-31 00:00:00.0,180.746,-0.71,1.893
1757.0,17.57,41091.67,74100000_2024-01-01 00:00:00.0_2026-12-31 00:00:00.0,3,2024-01-01 00:00:00.0,2026-12-31 00:00:00.0,180.746,-0.71,1.893
1758.0,17.58,41135.935,74100000_2024-01-01 00:00:00.0_2026-12-31 00:00:00.0,3,2024-01-01 00:00:00.0,2026-12-31 00:00:00.0,180.746,-0.71,1.893
1759.0,17.59,41180.224,74100000_2024-01-01 00:00:00.0_2026-12-31 00:00:00.0,3,2024-01-01 00:00:00.0,2026-12-31 00:00:00.0,180.746,-0.71,1.893
1760.0,17.6,41224.534,74100000_2024-01-01 00:00:00.0_2026-12-31 00:00:00.0,3,2024-01-01 00:00:00.0,2026-12-31 00:00:00.0,180.746,-0.71,1.893
1761.0,17.61,41268.867,74100000_2024-01-01 00:00:00.0_2026-12-31 00:00:00.0,3,2024-01-01 00:00:00.0,2026-12-31 00:00:00.0,180.746,-0.71,1.893
1762.0,17.62,41313.223,74100000_2024-01-01 00:00:00.0_2026-12-31 00:00:00.0,3,2024-01-01 00:00:00.0,2026-12-31 00:00:00.0,180.746,-0.71,1.893
1763.0,17.63,41357.601,74100000_2024-01-01 00:00:00.0_2026-12-31 00:00:00.0,3,2024-01-01 00:00:00.0,2026-12-31 00:00:00.0,180.746,-0.71,1.893
1764.0,17.64,41402.002,74100000_2024-01-01 00:00:00.0_2026-12-31 00:00:00.0,3,2024-01-01 00:00:00.0,2026-12-31 00:00:00.0,180.746,-0.71,1.893
1765.0,17.65,41446.425,74100000_2024-01-01 00:00:00.0_2026-12-31 00:00:00.0,3,2024-01-01 00:00:00.0,2026-12-31 00:00:00.0,180.746,-0.71,1.893
1766.0,17.66,41490.87,74100000_2024-01-01 00:00:00.0_2026-12-31 00:00:00.0,3,2024-01-01 00:00:00.0,2026-12-31 00:00:00.0,180.746,-0.71,1.893
1767.0,17.67,41535.338,74100000_2024-01-01 00:00:00.0_2026-12-31 00:00:00.0,3,2024-01-01 00:00:00.0,2026-12-31 00:00:00.0,180.746,-0.71,1.893
1768.0,17.68,41579.829,74100000_2024-01-01 00:00:00.0_2026-12-31 00:00:00.0,3,2024-01-01 00:00:00.0,2026-12-31 00:00:00.0,180.746,-0.71,1.893
1769.0,17.69,41624.342,74100000_2024-01-01 00:00:00.0_2026-12-31 00:00:00.0,3,2024-01-01 00:00:00.0,2026-12-31 00:00:00.0,180.746,-0.71,1.893
1770.0,17.7,41668.877,74100000_2024-01-01 00:00:00.0_2026-12-31 00:00:00.0,3,2024-01-01 00:00:00.0,2026-12-31 00:00:00.0,180.746,-0.71,1.893
1771.0,17.71,41713.435,74100000_2024-01-01 00:00:00.0_2026-12-31 00:00:00.0,3,2024-01-01 00:00:00.0,2026-12-31 00:00:00.0,180.746,-0.71,1.893
1772.0,17.72,41758.015,74100000_2024-01-01 00:00:00.0_2026-12-31 00:00:00.0,3,2024-01-01 00:00:00.0,2026-12-31 00:00:00.0,180.746,-0.71,1.893
1773.0,17.73,41802.618,74100000_2024-01-01 00:00:00.0_2026-12-31 00:00:00.0,3,2024-01-01 00:00:00.0,2026-12-31 00:00:00.0,180.746,-0.71,1.893
1774.0,17.74,41847.244,74100000_2024-01-01 00:00:00.0_2026-12-31 00:00:00.0,3,2024-01-01 00:00:00.0,2026-12-31 00:00:00.0,180.746,-0.71,1.893
1775.0,17.75,41891.891,74100000_2024-01-01 00:00:00.0_2026-12-31 00:00:00.0,3,2024-01-01 00:00:00.0,2026-12-31 00:00:00.0,180.746,-0.71,1.893
1776.0,17.76,41936.561,74100000_2024-01-01 00:00:00.0_2026-12-31 00:00:00.0,3,2024-01-01 00:00:00.0,2026-12-31 00:00:00.0,180.746,-0.71,1.893
1777.0,17.77,41981.254,74100000_2024-01-01 00:00:00.0_2026-12-31 00:00:00.0,3,2024-01-01 00:00:00.0,2026-12-31 00:00:00.0,180.746,-0.71,1.893
1778.0,17.78,42025.969,74100000_2024-01-01 00:00:00.0_2026-12-31 00:00:00.0,3,2024-01-01 00:00:00.0,2026-12-31 00:00:00.0,180.746,-0.71,1.893
1779.0,17.79,42070.707,74100000_2024-01-01 00:00:00.0_2026-12-31 00:00:00.0,3,2024-01-01 00:00:00.0,2026-12-31 00:00:00.0,180.746,-0.71,1.893
1780.0,17.8,42115.467,74100000_2024-01-01 00:00:00.0_2026-12-31 00:00:00.0,3,2024-01-01 00:00:00.0,2026-12-31 00:00:00.0,180.746,-0.71,1.893
1781.0,17.81,42160.249,74100000_2024-01-01 00:00:00.0_2026-12-31 00:00:00.0,3,2024-01-01 00:00:00.0,2026-12-31 00:00:00.0,180.746,-0.71,1.893
1782.0,17.82,42205.054,74100000_2024-01-01 00:00:00.0_2026-12-31 00:00:00.0,3,2024-01-01 00:00:00.0,2026-12-31 00:00:00.0,180.746,-0.71,1.893
1783.0,17.83,42249.881,74100000_2024-01-01 00:00:00.0_2026-12-31 00:00:00.0,3,2024-01-01 00:00:00.0,2026-12-31 00:00:00.0,180.746,-0.71,1.893
1784.0,17.84,42294.731,74100000_2024-01-01 00:00:00.0_2026-12-31 00:00:00.0,3,2024-01-01 00:00:00.0,2026-12-31 00:00:00.0,180.746,-0.71,1.893
1785.0,17.85,42339.604,74100000_2024-01-01 00:00:00.0_2026-12-31 00:00:00.0,3,2024-01-01 00:00:00.0,2026-12-31 00:00:00.0,180.746,-0.71,1.893
1786.0,17.86,42384.498,74100000_2024-01-01 00:00:00.0_2026-12-31 00:00:00.0,3,2024-01-01 00:00:00.0,2026-12-31 00:00:00.0,180.746,-0.71,1.893
1787.0,17.87,42429.415,74100000_2024-01-01 00:00:00.0_2026-12-31 00:00:00.0,3,2024-01-01 00:00:00.0,2026-12-31 00:00:00.0,180.746,-0.71,1.893
1788.0,17.88,42474.355,74100000_2024-01-01 00:00:00.0_2026-12-31 00:00:00.0,3,2024-01-01 00:00:00.0,2026-12-31 00:00:00.0,180.746,-0.71,1.893
1789.0,17.89,42519.317,74100000_2024-01-01 00:00:00.0_2026-12-31 00:00:00.0,3,2024-01-01 00:00:00.0,2026-12-31 00:00:00.0,180.746,-0.71,1.893
1790.0,17.9,42564.301,74100000_2024-01-01 00:00:00.0_2026-12-31 00:00:00.0,3,2024-01-01 00:00:00.0,2026-12-31 00:00:00.0,180.746,-0.71,1.893
1791.0,17.91,42609.308,74100000_2024-01-01 00:00:00.0_2026-12-31 00:00:00.0,3,2024-01-01 00:00:00.0,2026-12-31 00:00:00.0,180.746,-0.71,1.893
1792.0,17.92,42654.338,74100000_2024-01-01 00:00:00.0_2026-12-31 00:00:00.0,3,2024-01-01 00:00:00.0,2026-12-31 00:00:00.0,180.746,-0.71,1.893
1793.0,17.93,42699.389,74100000_2024-01-01 00:00:00.0_2026-12-31 00:00:00.0,3,2024-01-01 00:00:00.0,2026-12-31 00:00:00.0,180.746,-0.71,1.893
1794.0,17.94,42744.464,74100000_2024-01-01 00:00:00.0_2026-12-31 00:00:00.0,3,2024-01-01 00:00:00.0,2026-12-31 00:00:00.0,180.746,-0.71,1.893
1795.0,17.95,42789.56,74100000_2024-01-01 00:00:00.0_2026-12-31 00:00:00.0,3,2024-01-01 00:00:00.0,2026-12-31 00:00:00.0,180.746,-0.71,1.893
1796.0,17.96,42834.679,74100000_2024-01-01 00:00:00.0_2026-12-31 00:00:00.0,3,2024-01-01 00:00:00.0,2026-12-31 00:00:00.0,180.746,-0.71,1.893
1797.0,17.97,42879.821,74100000_2024-01-01 00:00:00.0_2026-12-31 00:00:00.0,3,2024-01-01 00:00:00.0,2026-12-31 00:00:00.0,180.746,-0.71,1.893
1798.0,17.98,42924.985,74100000_2024-01-01 00:00:00.0_2026-12-31 00:00:00.0,3,2024-01-01 00:00:00.0,2026-12-31 00:00:00.0,180.746,-0.71,1.893
1799.0,17.99,42970.171,74100000_2024-01-01 00:00:00.0_2026-12-31 00:00:00.0,3,2024-01-01 00:00:00.0,2026-12-31 00:00:00.0,180.746,-0.71,1.893
1800.0,18.0,43015.38,74100000_2024-01-01 00:00:00.0_2026-12-31 00:00:00.0,3,2024-01-01 00:00:00.0,2026-12-31 00:00:00.0,180.746,-0.71,1.893
