station_code,valid_from,valid_to,segment_number,n_segments_reported,curve_type,equation_type,stage_min_cm,stage_max_cm,table_stage_step_cm,coefficient_a,coefficient_h0_m,coefficient_n,consistency_level,rating_curve_id,valid_from_dt,valid_to_dt
70100000,1976-04-21 00:00:00.0,1980-12-29 00:00:00.0,1,3,1,1,10.0,38.0,1.0,39.5718,0.06,1.59,2,70100000_1976-04-21 00:00:00.0_1980-12-29 00:00:00.0,1976-04-21,1980-12-29
70100000,1976-04-21 00:00:00.0,1980-12-29 00:00:00.0,2,3,1,1,38.0,94.0,1.0,52.6537,0.1,1.641,2,70100000_1976-04-21 00:00:00.0_1980-12-29 00:00:00.0,1976-04-21,1980-12-29
70100000,1976-04-21 00:00:00.0,1980-12-29 00:00:00.0,3,3,1,1,94.0,500.0,1.0,49.6279,0.08,1.506,2,70100000_1976-04-21 00:00:00.0_1980-12-29 00:00:00.0,1976-04-21,1980-12-29
70100000,1980-12-30 00:00:00.0,1983-03-02 00:00:00.0,1,3,1,1,20.0,61.0,1.0,47.1378,0.07,1.618,2,70100000_1980-12-30 00:00:00.0_1983-03-02 00:00:00.0,1980-12-30,1983-03-02
70100000,1980-12-30 00:00:00.0,1983-03-02 00:00:00.0,2,3,1,1,61.0,94.0,1.0,52.6537,0.1,1.641,2,70100000_1980-12-30 00:00:00.0_1983-03-02 00:00:00.0,1980-12-30,1983-03-02
70100000,1980-12-30 00:00:00.0,1983-03-02 00:00:00.0,3,3,1,1,94.0,300.0,1.0,49.6279,0.08,1.506,2,70100000_1980-12-30 00:00:00.0_1983-03-02 00:00:00.0,1980-12-30,1983-03-02
70100000,1983-03-03 00:00:00.0,2005-10-17 00:00:00.0,1,3,1,1,10.0,38.0,1.0,39.5718,0.06,1.59,2,70100000_1983-03-03 00:00:00.0_2005-10-17 00:00:00.0,1983-03-03,2005-10-17
70100000,1983-03-03 00:00:00.0,2005-10-17 00:00:00.0,2,3,1,1,38.0,94.0,1.0,52.6537,0.1,1.641,2,70100000_1983-03-03 00:00:00.0_2005-10-17 00:00:00.0,1983-03-03,2005-10-17
70100000,1983-03-03 00:00:00.0,2005-10-17 00:00:00.0,3,3,1,1,94.0,450.0,1.0,49.6279,0.08,1.506,2,70100000_1983-03-03 00:00:00.0_2005-10-17 00:00:00.0,1983-03-03,2005-10-17
70100000,2005-10-18 00:00:00.0,2012-02-19 00:00:00.0,1,3,1,1,10.0,32.0,1.0,76.0,0.0,2.34,2,70100000_2005-10-18 00:00:00.0_2012-02-19 00:00:00.0,2005-10-18,2012-02-19
70100000,2005-10-18 00:00:00.0,2012-02-19 00:00:00.0,2,3,1,1,32.0,60.0,1.0,52.4793,0.14,1.34,2,70100000_2005-10-18 00:00:00.0_2012-02-19 00:00:00.0,2005-10-18,2012-02-19
70100000,2005-10-18 00:00:00.0,2012-02-19 00:00:00.0,3,3,1,1,60.0,450.0,1.0,49.6279,0.08,1.506,2,70100000_2005-10-18 00:00:00.0_2012-02-19 00:00:00.0,2005-10-18,2012-02-19
70100000,2012-02-20 00:00:00.0,2017-08-19 00:00:00.0,1,2,1,1,10.0,111.0,1.0,45.7469,0.04,1.881,2,70100000_2012-02-20 00:00:00.0_2017-08-19 00:00:00.0,2012-02-20,2017-08-19
70100000,2012-02-20 00:00:00.0,2017-08-19 00:00:00.0,2,2,1,1,111.0,650.0,1.0,49.6279,0.08,1.506,2,70100000_2012-02-20 00:00:00.0_2017-08-19 00:00:00.0,2012-02-20,2017-08-19
70100000,2017-08-20 00:00:00.0,2023-12-31 00:00:00.0,1,3,1,1,10.0,52.0,1.0,39.5718,0.06,1.595,2,70100000_2017-08-20 00:00:00.0_2023-12-31 00:00:00.0,2017-08-20,2023-12-31
70100000,2017-08-20 00:00:00.0,2023-12-31 00:00:00.0,2,3,1,1,52.0,111.0,1.0,45.7469,0.04,1.881,2,70100000_2017-08-20 00:00:00.0_2023-12-31 00:00:00.0,2017-08-20,2023-12-31
70100000,2017-08-20 00:00:00.0,2023-12-31 00:00:00.0,3,3,1,1,111.0,650.0,1.0,49.6279,0.08,1.506,2,70100000_2017-08-20 00:00:00.0_2023-12-31 00:00:00.0,2017-08-20,2023-12-31
70200000,1964-06-01 00:00:00.0,1968-09-13 00:00:00.0,1,3,1,1,20.0,196.0,1.0,86.749,0.27,1.922,2,70200000_1964-06-01 00:00:00.0_1968-09-13 00:00:00.0,1964-06-01,1968-09-13
70200000,1964-06-01 00:00:00.0,1968-09-13 00:00:00.0,2,3,1,1,196.0,248.0,1.0,9.2593,-0.99,3.0,2,70200000_1964-06-01 00:00:00.0_1968-09-13 00:00:00.0,1964-06-01,1968-09-13
70200000,1964-06-01 00:00:00.0,1968-09-13 00:00:00.0,3,3,1,1,248.0,450.0,1.0,93.1035,0.17,1.7,2,70200000_1964-06-01 00:00:00.0_1968-09-13 00:00:00.0,1964-06-01,1968-09-13
70200000,1968-09-14 00:00:00.0,1979-10-26 00:00:00.0,1,3,1,1,20.0,187.0,1.0,74.465,0.11,1.889,2,70200000_1968-09-14 00:00:00.0_1979-10-26 00:00:00.0,1968-09-14,1979-10-26
70200000,1968-09-14 00:00:00.0,1979-10-26 00:00:00.0,2,3,1,1,187.0,248.0,1.0,9.2593,-0.99,3.0,2,70200000_1968-09-14 00:00:00.0_1979-10-26 00:00:00.0,1968-09-14,1979-10-26
70200000,1968-09-14 00:00:00.0,1979-10-26 00:00:00.0,3,3,1,1,248.0,650.0,1.0,93.1035,0.17,1.7,2,70200000_1968-09-14 00:00:00.0_1979-10-26 00:00:00.0,1968-09-14,1979-10-26
70200000,1979-10-27 00:00:00.0,1984-01-30 00:00:00.0,1,4,1,1,30.0,164.0,1.0,71.8577,0.07,1.935,2,70200000_1979-10-27 00:00:00.0_1984-01-30 00:00:00.0,1979-10-27,1984-01-30
70200000,1979-10-27 00:00:00.0,1984-01-30 00:00:00.0,2,4,1,1,164.0,197.0,1.0,85.8013,0.13,1.687,2,70200000_1979-10-27 00:00:00.0_1984-01-30 00:00:00.0,1979-10-27,1984-01-30
70200000,1979-10-27 00:00:00.0,1984-01-30 00:00:00.0,3,4,1,1,197.0,248.0,1.0,9.2593,-0.99,3.0,2,70200000_1979-10-27 00:00:00.0_1984-01-30 00:00:00.0,1979-10-27,1984-01-30
70200000,1979-10-27 00:00:00.0,1984-01-30 00:00:00.0,4,4,1,1,248.0,750.0,1.0,93.1035,0.17,1.7,2,70200000_1979-10-27 00:00:00.0_1984-01-30 00:00:00.0,1979-10-27,1984-01-30
70200000,1984-01-31 00:00:00.0,1992-05-29 00:00:00.0,1,4,1,1,20.0,175.0,1.0,74.4643,0.09,1.886,2,70200000_1984-01-31 00:00:00.0_1992-05-29 00:00:00.0,1984-01-31,1992-05-29
70200000,1984-01-31 00:00:00.0,1992-05-29 00:00:00.0,2,4,1,1,175.0,197.0,1.0,85.8013,0.13,1.687,2,70200000_1984-01-31 00:00:00.0_1992-05-29 00:00:00.0,1984-01-31,1992-05-29
70200000,1984-01-31 00:00:00.0,1992-05-29 00:00:00.0,3,4,1,1,197.0,248.0,1.0,9.2593,-0.99,3.0,2,70200000_1984-01-31 00:00:00.0_1992-05-29 00:00:00.0,1984-01-31,1992-05-29
70200000,1984-01-31 00:00:00.0,1992-05-29 00:00:00.0,4,4,1,1,248.0,750.0,1.0,93.1035,0.17,1.7,2,70200000_1984-01-31 00:00:00.0_1992-05-29 00:00:00.0,1984-01-31,1992-05-29
70200000,1992-05-30 00:00:00.0,2012-12-28 00:00:00.0,1,3,1,1,30.0,197.0,1.0,85.8013,0.13,1.687,2,70200000_1992-05-30 00:00:00.0_2012-12-28 00:00:00.0,1992-05-30,2012-12-28
70200000,1992-05-30 00:00:00.0,2012-12-28 00:00:00.0,2,3,1,1,197.0,248.0,1.0,9.2593,-0.99,3.0,2,70200000_1992-05-30 00:00:00.0_2012-12-28 00:00:00.0,1992-05-30,2012-12-28
70200000,1992-05-30 00:00:00.0,2012-12-28 00:00:00.0,3,3,1,1,248.0,750.0,1.0,93.1035,0.17,1.7,2,70200000_1992-05-30 00:00:00.0_2012-12-28 00:00:00.0,1992-05-30,2012-12-28
70200000,2012-12-29 00:00:00.0,2020-07-07 00:00:00.0,1,4,1,1,20.0,176.0,1.0,76.2152,0.09,1.839,2,70200000_2012-12-29 00:00:00.0_2020-07-07 00:00:00.0,2012-12-29,2020-07-07
70200000,2012-12-29 00:00:00.0,2020-07-07 00:00:00.0,2,4,1,1,176.0,197.0,1.0,85.8013,0.13,1.687,2,70200000_2012-12-29 00:00:00.0_2020-07-07 00:00:00.0,2012-12-29,2020-07-07
70200000,2012-12-29 00:00:00.0,2020-07-07 00:00:00.0,3,4,1,1,197.0,248.0,1.0,9.2593,-0.99,3.0,2,70200000_2012-12-29 00:00:00.0_2020-07-07 00:00:00.0,2012-12-29,2020-07-07
70200000,2012-12-29 00:00:00.0,2020-07-07 00:00:00.0,4,4,1,1,248.0,750.0,1.0,93.1035,0.17,1.7,2,70200000_2012-12-29 00:00:00.0_2020-07-07 00:00:00.0,2012-12-29,2020-07-07
70200000,2020-07-08 00:00:00.0,2023-12-31 00:00:00.0,1,4,1,1,40.0,163.0,1.0,74.4643,0.08,1.886,2,70200000_2020-07-08 00:00:00.0_2023-12-31 00:00:00.0,2020-07-08,2023-12-31
70200000,2020-07-08 00:00:00.0,2023-12-31 00:00:00.0,2,4,1,1,163.0,197.0,1.0,85.8013,0.13,1.687,2,70200000_2020-07-08 00:00:00.0_2023-12-31 00:00:00.0,2020-07-08,2023-12-31
70200000,2020-07-08 00:00:00.0,2023-12-31 00:00:00.0,3,4,1,1,197.0,248.0,1.0,9.2593,-0.99,3.0,2,70200000_2020-07-08 00:00:00.0_2023-12-31 00:00:00.0,2020-07-08,2023-12-31
70200000,2020-07-08 00:00:00.0,2023-12-31 00:00:00.0,4,4,1,1,248.0,750.0,1.0,93.1035,0.17,1.7,2,70200000_2020-07-08 00:00:00.0_2023-12-31 00:00:00.0,2020-07-08,2023-12-31
70200000,2024-01-01 00:00:00.0,2026-12-31 00:00:00.0,1,4,1,1,13.0,175.0,1.0,77.2437,0.1,1.835,1,70200000_2024-01-01 00:00:00.0_2026-12-31 00:00:00.0,2024-01-01,2026-12-31
70200000,2024-01-01 00:00:00.0,2026-12-31 00:00:00.0,2,4,1,1,175.0,197.0,1.0,85.8013,0.13,1.687,1,70200000_2024-01-01 00:00:00.0_2026-12-31 00:00:00.0,2024-01-01,2026-12-31
70200000,2024-01-01 00:00:00.0,2026-12-31 00:00:00.0,3,4,1,1,197.0,248.0,1.0,9.2593,-0.99,3.0,1,70200000_2024-01-01 00:00:00.0_2026-12-31 00:00:00.0,2024-01-01,2026-12-31
70200000,2024-01-01 00:00:00.0,2026-12-31 00:00:00.0,4,4,1,1,248.0,950.0,1.0,93.1035,0.17,1.7,1,70200000_2024-01-01 00:00:00.0_2026-12-31 00:00:00.0,2024-01-01,2026-12-31
70300000,1942-03-15 00:00:00.0,1948-11-30 00:00:00.0,1,2,1,1,20.0,171.0,1.0,30.5737,0.1,2.175,2,70300000_1942-03-15 00:00:00.0_1948-11-30 00:00:00.0,1942-03-15,1948-11-30
70300000,1942-03-15 00:00:00.0,1948-11-30 00:00:00.0,2,2,1,1,171.0,550.0,1.0,33.8,0.2,2.27,2,70300000_1942-03-15 00:00:00.0_1948-11-30 00:00:00.0,1942-03-15,1948-11-30
70300000,1950-05-31 00:00:00.0,1976-05-27 00:00:00.0,1,4,1,1,20.0,50.0,1.0,79.348,0.03,3.0,2,70300000_1950-05-31 00:00:00.0_1976-05-27 00:00:00.0,1950-05-31,1976-05-27
70300000,1950-05-31 00:00:00.0,1976-05-27 00:00:00.0,2,4,1,1,50.0,117.0,1.0,45.4504,0.17,1.542,2,70300000_1950-05-31 00:00:00.0_1976-05-27 00:00:00.0,1950-05-31,1976-05-27
70300000,1950-05-31 00:00:00.0,1976-05-27 00:00:00.0,3,4,1,1,117.0,554.0,1.0,51.5935,0.23,2.03,2,70300000_1950-05-31 00:00:00.0_1976-05-27 00:00:00.0,1950-05-31,1976-05-27
70300000,1950-05-31 00:00:00.0,1976-05-27 00:00:00.0,4,4,1,1,554.0,1000.0,1.0,54.037,0.22,2.0,2,70300000_1950-05-31 00:00:00.0_1976-05-27 00:00:00.0,1950-05-31,1976-05-27
70300000,1976-05-28 00:00:00.0,2023-12-31 00:00:00.0,1,2,1,1,20.0,258.0,1.0,54.037,0.1,1.89,2,70300000_1976-05-28 00:00:00.0_2023-12-31 00:00:00.0,1976-05-28,2023-12-31
70300000,1976-05-28 00:00:00.0,2023-12-31 00:00:00.0,2,2,1,1,258.0,1000.0,1.0,54.037,0.22,2.0,2,70300000_1976-05-28 00:00:00.0_2023-12-31 00:00:00.0,1976-05-28,2023-12-31
70300000,2024-01-01 00:00:00.0,2026-12-31 00:00:00.0,1,4,1,1,15.0,75.0,1.0,54.037,0.1,1.89,1,70300000_2024-01-01 00:00:00.0_2026-12-31 00:00:00.0,2024-01-01,2026-12-31
70300000,2024-01-01 00:00:00.0,2026-12-31 00:00:00.0,2,4,1,1,75.0,225.0,1.0,38.0664,-0.05,2.079,1,70300000_2024-01-01 00:00:00.0_2026-12-31 00:00:00.0,2024-01-01,2026-12-31
70300000,2024-01-01 00:00:00.0,2026-12-31 00:00:00.0,3,4,1,1,225.0,554.0,1.0,51.5935,0.23,2.03,1,70300000_2024-01-01 00:00:00.0_2026-12-31 00:00:00.0,2024-01-01,2026-12-31
70300000,2024-01-01 00:00:00.0,2026-12-31 00:00:00.0,4,4,1,1,554.0,1050.0,1.0,54.037,0.22,2.0,1,70300000_2024-01-01 00:00:00.0_2026-12-31 00:00:00.0,2024-01-01,2026-12-31
70500000,1944-10-25 00:00:00.0,1956-01-27 00:00:00.0,1,2,1,1,60.0,151.0,1.0,67.8532,0.61,1.957,2,70500000_1944-10-25 00:00:00.0_1956-01-27 00:00:00.0,1944-10-25,1956-01-27
70500000,1944-10-25 00:00:00.0,1956-01-27 00:00:00.0,2,2,1,1,151.0,450.0,1.0,59.9871,0.57,1.412,2,70500000_1944-10-25 00:00:00.0_1956-01-27 00:00:00.0,1944-10-25,1956-01-27
70500000,1956-01-28 00:00:00.0,1960-09-25 00:00:00.0,1,3,1,1,70.0,120.0,1.0,62.5178,0.69,1.501,2,70500000_1956-01-28 00:00:00.0_1960-09-25 00:00:00.0,1956-01-28,1960-09-25
70500000,1956-01-28 00:00:00.0,1960-09-25 00:00:00.0,2,3,1,1,120.0,153.0,1.0,65.9858,0.6,2.078,2,70500000_1956-01-28 00:00:00.0_1960-09-25 00:00:00.0,1956-01-28,1960-09-25
70500000,1956-01-28 00:00:00.0,1960-09-25 00:00:00.0,3,3,1,1,153.0,450.0,1.0,59.9871,0.57,1.412,2,70500000_1956-01-28 00:00:00.0_1960-09-25 00:00:00.0,1956-01-28,1960-09-25
70500000,1960-09-26 00:00:00.0,1969-11-08 00:00:00.0,1,3,1,1,60.0,95.0,1.0,237.5967,0.65,3.0,2,70500000_1960-09-26 00:00:00.0_1969-11-08 00:00:00.0,1960-09-26,1969-11-08
70500000,1960-09-26 00:00:00.0,1969-11-08 00:00:00.0,2,3,1,1,95.0,153.0,1.0,87.7975,0.75,1.627,2,70500000_1960-09-26 00:00:00.0_1969-11-08 00:00:00.0,1960-09-26,1969-11-08
70500000,1960-09-26 00:00:00.0,1969-11-08 00:00:00.0,3,3,1,1,153.0,700.0,1.0,59.9871,0.55,1.408,2,70500000_1960-09-26 00:00:00.0_1969-11-08 00:00:00.0,1960-09-26,1969-11-08
70500000,1969-11-09 00:00:00.0,1972-07-05 00:00:00.0,1,4,1,1,60.0,86.0,1.0,237.5967,0.65,2.9,2,70500000_1969-11-09 00:00:00.0_1972-07-05 00:00:00.0,1969-11-09,1972-07-05
70500000,1969-11-09 00:00:00.0,1972-07-05 00:00:00.0,2,4,1,1,86.0,108.0,1.0,92.0572,0.66,2.219,2,70500000_1969-11-09 00:00:00.0_1972-07-05 00:00:00.0,1969-11-09,1972-07-05
70500000,1969-11-09 00:00:00.0,1972-07-05 00:00:00.0,3,4,1,1,108.0,201.0,1.0,63.5105,0.69,1.654,2,70500000_1969-11-09 00:00:00.0_1972-07-05 00:00:00.0,1969-11-09,1972-07-05
70500000,1969-11-09 00:00:00.0,1972-07-05 00:00:00.0,4,4,1,1,201.0,450.0,1.0,59.9871,0.57,1.412,2,70500000_1969-11-09 00:00:00.0_1972-07-05 00:00:00.0,1969-11-09,1972-07-05
70500000,1972-07-06 00:00:00.0,1976-02-19 00:00:00.0,1,2,1,1,60.0,151.0,1.0,67.7585,0.61,1.957,2,70500000_1972-07-06 00:00:00.0_1976-02-19 00:00:00.0,1972-07-06,1976-02-19
70500000,1972-07-06 00:00:00.0,1976-02-19 00:00:00.0,2,2,1,1,151.0,350.0,1.0,59.9871,0.57,1.412,2,70500000_1972-07-06 00:00:00.0_1976-02-19 00:00:00.0,1972-07-06,1976-02-19
70500000,1976-02-20 00:00:00.0,1989-05-06 00:00:00.0,1,3,1,1,60.0,81.0,1.0,66.5,0.62,1.957,2,70500000_1976-02-20 00:00:00.0_1989-05-06 00:00:00.0,1976-02-20,1989-05-06
70500000,1976-02-20 00:00:00.0,1989-05-06 00:00:00.0,2,3,1,1,81.0,153.0,1.0,65.9858,0.6,2.078,2,70500000_1976-02-20 00:00:00.0_1989-05-06 00:00:00.0,1976-02-20,1989-05-06
70500000,1976-02-20 00:00:00.0,1989-05-06 00:00:00.0,3,3,1,1,153.0,550.0,1.0,59.9871,0.57,1.412,2,70500000_1976-02-20 00:00:00.0_1989-05-06 00:00:00.0,1976-02-20,1989-05-06
70500000,1989-05-07 00:00:00.0,2000-03-05 00:00:00.0,1,3,1,1,60.0,97.0,1.0,53.5412,0.61,1.676,2,70500000_1989-05-07 00:00:00.0_2000-03-05 00:00:00.0,1989-05-07,2000-03-05
70500000,1989-05-07 00:00:00.0,2000-03-05 00:00:00.0,2,3,1,1,97.0,152.0,1.0,68.0,0.6,1.957,2,70500000_1989-05-07 00:00:00.0_2000-03-05 00:00:00.0,1989-05-07,2000-03-05
70500000,1989-05-07 00:00:00.0,2000-03-05 00:00:00.0,3,3,1,1,152.0,700.0,1.0,59.9871,0.55,1.408,2,70500000_1989-05-07 00:00:00.0_2000-03-05 00:00:00.0,1989-05-07,2000-03-05
70500000,2000-03-06 00:00:00.0,2005-05-19 00:00:00.0,1,3,1,1,70.0,113.0,1.0,62.5178,0.7,1.501,2,70500000_2000-03-06 00:00:00.0_2005-05-19 00:00:00.0,2000-03-06,2005-05-19
70500000,2000-03-06 00:00:00.0,2005-05-19 00:00:00.0,2,3,1,1,113.0,153.0,1.0,65.9858,0.6,2.078,2,70500000_2000-03-06 00:00:00.0_2005-05-19 00:00:00.0,2000-03-06,2005-05-19
70500000,2000-03-06 00:00:00.0,2005-05-19 00:00:00.0,3,3,1,1,153.0,550.0,1.0,59.9871,0.57,1.412,2,70500000_2000-03-06 00:00:00.0_2005-05-19 00:00:00.0,2000-03-06,2005-05-19
70500000,2005-05-20 00:00:00.0,2012-01-24 00:00:00.0,1,3,1,1,60.0,97.0,1.0,53.5412,0.61,1.676,2,70500000_2005-05-20 00:00:00.0_2012-01-24 00:00:00.0,2005-05-20,2012-01-24
70500000,2005-05-20 00:00:00.0,2012-01-24 00:00:00.0,2,3,1,1,97.0,152.0,1.0,68.0,0.6,1.957,2,70500000_2005-05-20 00:00:00.0_2012-01-24 00:00:00.0,2005-05-20,2012-01-24
70500000,2005-05-20 00:00:00.0,2012-01-24 00:00:00.0,3,3,1,1,152.0,700.0,1.0,59.9871,0.55,1.408,2,70500000_2005-05-20 00:00:00.0_2012-01-24 00:00:00.0,2005-05-20,2012-01-24
70500000,2012-01-25 00:00:00.0,2020-07-07 00:00:00.0,1,3,1,1,60.0,97.0,1.0,73.5846,0.6,2.35,2,70500000_2012-01-25 00:00:00.0_2020-07-07 00:00:00.0,2012-01-25,2020-07-07
70500000,2012-01-25 00:00:00.0,2020-07-07 00:00:00.0,2,3,1,1,97.0,227.0,1.0,72.7727,0.78,1.396,2,70500000_2012-01-25 00:00:00.0_2020-07-07 00:00:00.0,2012-01-25,2020-07-07
70500000,2012-01-25 00:00:00.0,2020-07-07 00:00:00.0,3,3,1,1,227.0,700.0,1.0,59.9871,0.57,1.412,2,70500000_2012-01-25 00:00:00.0_2020-07-07 00:00:00.0,2012-01-25,2020-07-07
70500000,2020-07-08 00:00:00.0,2023-12-31 00:00:00.0,1,3,1,1,60.0,118.0,1.0,75.6678,0.65,2.0,2,70500000_2020-07-08 00:00:00.0_2023-12-31 00:00:00.0,2020-07-08,2023-12-31
70500000,2020-07-08 00:00:00.0,2023-12-31 00:00:00.0,2,3,1,1,118.0,225.0,1.0,71.4671,0.76,1.4,2,70500000_2020-07-08 00:00:00.0_2023-12-31 00:00:00.0,2020-07-08,2023-12-31
70500000,2020-07-08 00:00:00.0,2023-12-31 00:00:00.0,3,3,1,1,225.0,700.0,1.0,59.9871,0.57,1.412,2,70500000_2020-07-08 00:00:00.0_2023-12-31 00:00:00.0,2020-07-08,2023-12-31
70500000,2024-01-01 00:00:00.0,2026-12-31 00:00:00.0,1,4,1,1,200.0,900.0,1.0,59.9871,0.57,1.412,1,70500000_2024-01-01 00:00:00.0_2026-12-31 00:00:00.0,2024-01-01,2026-12-31
70500000,2024-01-01 00:00:00.0,2026-12-31 00:00:00.0,2,4,1,1,160.0,200.0,1.0,63.5105,0.69,1.654,1,70500000_2024-01-01 00:00:00.0_2026-12-31 00:00:00.0,2024-01-01,2026-12-31
70500000,2024-01-01 00:00:00.0,2026-12-31 00:00:00.0,3,4,1,1,83.0,160.0,1.0,66.8505,0.73,1.507,1,70500000_2024-01-01 00:00:00.0_2026-12-31 00:00:00.0,2024-01-01,2026-12-31
70500000,2024-01-01 00:00:00.0,2026-12-31 00:00:00.0,4,4,1,1,43.0,83.0,1.0,14.3039,0.39,2.349,1,70500000_2024-01-01 00:00:00.0_2026-12-31 00:00:00.0,2024-01-01,2026-12-31
71200000,1957-01-01 00:00:00.0,1965-08-17 00:00:00.0,1,2,1,1,50.0,145.0,1.0,22.3,0.31,1.2,2,71200000_1957-01-01 00:00:00.0_1965-08-17 00:00:00.0,1957-01-01,1965-08-17
71200000,1957-01-01 00:00:00.0,1965-08-17 00:00:00.0,2,2,1,1,145.0,1100.0,1.0,11.65,-0.39,1.32,2,71200000_1957-01-01 00:00:00.0_1965-08-17 00:00:00.0,1957-01-01,1965-08-17
71200000,1965-08-18 00:00:00.0,1967-02-15 00:00:00.0,1,2,1,1,70.0,185.0,1.0,18.3326,0.55,1.6,2,71200000_1965-08-18 00:00:00.0_1967-02-15 00:00:00.0,1965-08-18,1967-02-15
71200000,1965-08-18 00:00:00.0,1967-02-15 00:00:00.0,2,2,1,1,185.0,1200.0,1.0,11.65,-0.07,1.335,2,71200000_1965-08-18 00:00:00.0_1967-02-15 00:00:00.0,1965-08-18,1967-02-15
71200000,1967-02-16 00:00:00.0,1968-11-03 00:00:00.0,1,2,1,1,40.0,190.0,1.0,14.7697,0.23,1.67,2,71200000_1967-02-16 00:00:00.0_1968-11-03 00:00:00.0,1967-02-16,1968-11-03
71200000,1967-02-16 00:00:00.0,1968-11-03 00:00:00.0,2,2,1,1,190.0,800.0,1.0,11.65,-0.39,1.32,2,71200000_1967-02-16 00:00:00.0_1968-11-03 00:00:00.0,1967-02-16,1968-11-03
71200000,1968-11-04 00:00:00.0,1968-12-02 00:00:00.0,1,2,1,1,80.0,189.0,1.0,10.5321,0.46,1.612,2,71200000_1968-11-04 00:00:00.0_1968-12-02 00:00:00.0,1968-11-04,1968-12-02
71200000,1968-11-04 00:00:00.0,1968-12-02 00:00:00.0,2,2,1,1,189.0,650.0,1.0,17.48,0.83,1.2,2,71200000_1968-11-04 00:00:00.0_1968-12-02 00:00:00.0,1968-11-04,1968-12-02
71200000,1968-12-03 00:00:00.0,1969-08-16 00:00:00.0,1,2,1,1,60.0,179.0,1.0,20.1439,0.36,1.35,2,71200000_1968-12-03 00:00:00.0_1969-08-16 00:00:00.0,1968-12-03,1969-08-16
71200000,1968-12-03 00:00:00.0,1969-08-16 00:00:00.0,2,2,1,1,179.0,800.0,1.0,11.65,-0.39,1.32,2,71200000_1968-12-03 00:00:00.0_1969-08-16 00:00:00.0,1968-12-03,1969-08-16
71200000,1969-08-17 00:00:00.0,1989-06-20 00:00:00.0,1,3,1,1,50.0,89.0,1.0,10.8573,0.33,2.0,2,71200000_1969-08-17 00:00:00.0_1989-06-20 00:00:00.0,1969-08-17,1989-06-20
71200000,1969-08-17 00:00:00.0,1989-06-20 00:00:00.0,2,3,1,1,89.0,178.0,1.0,16.999,0.49,1.75,2,71200000_1969-08-17 00:00:00.0_1989-06-20 00:00:00.0,1969-08-17,1989-06-20
71200000,1969-08-17 00:00:00.0,1989-06-20 00:00:00.0,3,3,1,1,178.0,1200.0,1.0,11.65,-0.07,1.335,2,71200000_1969-08-17 00:00:00.0_1989-06-20 00:00:00.0,1969-08-17,1989-06-20
71200000,1989-06-21 00:00:00.0,2014-02-27 00:00:00.0,1,3,1,1,70.0,98.0,1.0,14.1662,0.43,1.6,2,71200000_1989-06-21 00:00:00.0_2014-02-27 00:00:00.0,1989-06-21,2014-02-27
71200000,1989-06-21 00:00:00.0,2014-02-27 00:00:00.0,2,3,1,1,98.0,190.0,1.0,19.8226,0.51,1.71,2,71200000_1989-06-21 00:00:00.0_2014-02-27 00:00:00.0,1989-06-21,2014-02-27
71200000,1989-06-21 00:00:00.0,2014-02-27 00:00:00.0,3,3,1,1,190.0,1100.0,1.0,11.65,-0.39,1.32,2,71200000_1989-06-21 00:00:00.0_2014-02-27 00:00:00.0,1989-06-21,2014-02-27
71200000,2014-02-28 00:00:00.0,2020-06-10 00:00:00.0,1,4,1,1,70.0,107.0,1.0,13.1437,0.31,2.1,2,71200000_2014-02-28 00:00:00.0_2020-06-10 00:00:00.0,2014-02-28,2020-06-10
71200000,2014-02-28 00:00:00.0,2020-06-10 00:00:00.0,2,4,1,1,107.0,157.0,1.0,23.8872,0.62,1.47,2,71200000_2014-02-28 00:00:00.0_2020-06-10 00:00:00.0,2014-02-28,2020-06-10
71200000,2014-02-28 00:00:00.0,2020-06-10 00:00:00.0,3,4,1,1,157.0,178.0,1.0,18.4401,0.43,1.39,2,71200000_2014-02-28 00:00:00.0_2020-06-10 00:00:00.0,2014-02-28,2020-06-10
71200000,2014-02-28 00:00:00.0,2020-06-10 00:00:00.0,4,4,1,1,178.0,1200.0,1.0,12.651,-0.06,1.3,2,71200000_2014-02-28 00:00:00.0_2020-06-10 00:00:00.0,2014-02-28,2020-06-10
71200000,2020-06-11 00:00:00.0,2023-12-31 00:00:00.0,1,2,1,1,90.0,175.0,1.0,20.4922,0.55,1.6,2,71200000_2020-06-11 00:00:00.0_2023-12-31 00:00:00.0,2020-06-11,2023-12-31
71200000,2020-06-11 00:00:00.0,2023-12-31 00:00:00.0,2,2,1,1,175.0,1200.0,1.0,12.651,-0.06,1.3,2,71200000_2020-06-11 00:00:00.0_2023-12-31 00:00:00.0,2020-06-11,2023-12-31
71200000,2024-01-01 00:00:00.0,2026-12-31 00:00:00.0,1,4,1,1,43.0,102.0,1.0,14.1662,0.43,1.6,1,71200000_2024-01-01 00:00:00.0_2026-12-31 00:00:00.0,2024-01-01,2026-12-31
71200000,2024-01-01 00:00:00.0,2026-12-31 00:00:00.0,2,4,1,1,102.0,157.0,1.0,23.8872,0.62,1.495,1,71200000_2024-01-01 00:00:00.0_2026-12-31 00:00:00.0,2024-01-01,2026-12-31
71200000,2024-01-01 00:00:00.0,2026-12-31 00:00:00.0,3,4,1,1,157.0,221.0,1.0,18.4401,0.43,1.39,1,71200000_2024-01-01 00:00:00.0_2026-12-31 00:00:00.0,2024-01-01,2026-12-31
71200000,2024-01-01 00:00:00.0,2026-12-31 00:00:00.0,4,4,1,1,221.0,1400.0,1.0,11.7555,-0.15,1.458,1,71200000_2024-01-01 00:00:00.0_2026-12-31 00:00:00.0,2024-01-01,2026-12-31
71250000,1959-09-01 00:00:00.0,1967-08-30 00:00:00.0,1,3,1,1,50.0,166.0,1.0,6.3,0.27,1.52,2,71250000_1959-09-01 00:00:00.0_1967-08-30 00:00:00.0,1959-09-01,1967-08-30
71250000,1959-09-01 00:00:00.0,1967-08-30 00:00:00.0,2,3,1,1,166.0,212.0,1.0,0.1598,-2.36,3.0,2,71250000_1959-09-01 00:00:00.0_1967-08-30 00:00:00.0,1959-09-01,1967-08-30
71250000,1959-09-01 00:00:00.0,1967-08-30 00:00:00.0,3,3,1,1,212.0,750.0,1.0,4.0,0.1,1.82,2,71250000_1959-09-01 00:00:00.0_1967-08-30 00:00:00.0,1959-09-01,1967-08-30
71250000,1967-08-31 00:00:00.0,1988-01-01 00:00:00.0,1,3,1,1,50.0,331.0,1.0,6.5917,0.41,1.268,2,71250000_1967-08-31 00:00:00.0_1988-01-01 00:00:00.0,1967-08-31,1988-01-01
71250000,1967-08-31 00:00:00.0,1988-01-01 00:00:00.0,2,3,1,1,331.0,827.0,1.0,3.0,0.38,1.99,2,71250000_1967-08-31 00:00:00.0_1988-01-01 00:00:00.0,1967-08-31,1988-01-01
71250000,1967-08-31 00:00:00.0,1988-01-01 00:00:00.0,3,3,1,1,827.0,900.0,1.0,4.0,0.1,1.82,2,71250000_1967-08-31 00:00:00.0_1988-01-01 00:00:00.0,1967-08-31,1988-01-01
71250000,1988-01-02 00:00:00.0,2015-02-20 00:00:00.0,1,4,1,1,70.0,187.0,1.0,8.2568,0.6,1.75,2,71250000_1988-01-02 00:00:00.0_2015-02-20 00:00:00.0,1988-01-02,2015-02-20
71250000,1988-01-02 00:00:00.0,2015-02-20 00:00:00.0,2,4,1,1,187.0,291.0,1.0,7.503,0.43,1.4,2,71250000_1988-01-02 00:00:00.0_2015-02-20 00:00:00.0,1988-01-02,2015-02-20
71250000,1988-01-02 00:00:00.0,2015-02-20 00:00:00.0,3,4,1,1,291.0,584.0,1.0,5.2394,0.3,1.7,2,71250000_1988-01-02 00:00:00.0_2015-02-20 00:00:00.0,1988-01-02,2015-02-20
71250000,1988-01-02 00:00:00.0,2015-02-20 00:00:00.0,4,4,1,1,584.0,900.0,1.0,4.0,0.1,1.82,2,71250000_1988-01-02 00:00:00.0_2015-02-20 00:00:00.0,1988-01-02,2015-02-20
71250000,2015-02-21 00:00:00.0,2020-07-07 00:00:00.0,1,4,1,1,90.0,177.0,1.0,14.5895,0.91,1.69,2,71250000_2015-02-21 00:00:00.0_2020-07-07 00:00:00.0,2015-02-21,2020-07-07
71250000,2015-02-21 00:00:00.0,2020-07-07 00:00:00.0,2,4,1,1,177.0,291.0,1.0,7.503,0.43,1.4,2,71250000_2015-02-21 00:00:00.0_2020-07-07 00:00:00.0,2015-02-21,2020-07-07
71250000,2015-02-21 00:00:00.0,2020-07-07 00:00:00.0,3,4,1,1,291.0,584.0,1.0,5.2394,0.3,1.7,2,71250000_2015-02-21 00:00:00.0_2020-07-07 00:00:00.0,2015-02-21,2020-07-07
71250000,2015-02-21 00:00:00.0,2020-07-07 00:00:00.0,4,4,1,1,584.0,900.0,1.0,4.0,0.1,1.82,2,71250000_2015-02-21 00:00:00.0_2020-07-07 00:00:00.0,2015-02-21,2020-07-07
71250000,2020-07-08 00:00:00.0,2023-12-31 00:00:00.0,1,4,1,1,100.0,180.0,1.0,17.125,1.0,1.7,2,71250000_2020-07-08 00:00:00.0_2023-12-31 00:00:00.0,2020-07-08,2023-12-31
71250000,2020-07-08 00:00:00.0,2023-12-31 00:00:00.0,2,4,1,1,180.0,291.0,1.0,7.503,0.43,1.4,2,71250000_2020-07-08 00:00:00.0_2023-12-31 00:00:00.0,2020-07-08,2023-12-31
71250000,2020-07-08 00:00:00.0,2023-12-31 00:00:00.0,3,4,1,1,291.0,584.0,1.0,5.2394,0.3,1.7,2,71250000_2020-07-08 00:00:00.0_2023-12-31 00:00:00.0,2020-07-08,2023-12-31
71250000,2020-07-08 00:00:00.0,2023-12-31 00:00:00.0,4,4,1,1,584.0,900.0,1.0,4.0,0.1,1.82,2,71250000_2020-07-08 00:00:00.0_2023-12-31 00:00:00.0,2020-07-08,2023-12-31
71250000,2024-01-01 00:00:00.0,2026-12-31 00:00:00.0,1,3,1,1,60.0,185.0,1.0,5.656,0.56,2.848,1,71250000_2024-01-01 00:00:00.0_2026-12-31 00:00:00.0,2024-01-01,2026-12-31
71250000,2024-01-01 00:00:00.0,2026-12-31 00:00:00.0,2,3,1,1,185.0,542.0,1.0,20.1941,1.27,1.0,1,71250000_2024-01-01 00:00:00.0_2026-12-31 00:00:00.0,2024-01-01,2026-12-31
71250000,2024-01-01 00:00:00.0,2026-12-31 00:00:00.0,3,3,1,1,542.0,1000.0,1.0,4.0,0.1,1.82,1,71250000_2024-01-01 00:00:00.0_2026-12-31 00:00:00.0,2024-01-01,2026-12-31
71300000,1942-01-01 00:00:00.0,1954-05-16 00:00:00.0,1,3,1,1,20.0,150.0,1.0,8.642,-0.32,1.971,2,71300000_1942-01-01 00:00:00.0_1954-05-16 00:00:00.0,1942-01-01,1954-05-16
71300000,1942-01-01 00:00:00.0,1954-05-16 00:00:00.0,2,3,1,1,150.0,171.0,1.0,17.0,0.02,1.28,2,71300000_1942-01-01 00:00:00.0_1954-05-16 00:00:00.0,1942-01-01,1954-05-16
71300000,1942-01-01 00:00:00.0,1954-05-16 00:00:00.0,3,3,1,1,171.0,1000.0,1.0,15.94,-0.13,1.206,2,71300000_1942-01-01 00:00:00.0_1954-05-16 00:00:00.0,1942-01-01,1954-05-16
71300000,1954-05-17 00:00:00.0,1963-08-18 00:00:00.0,1,2,1,1,60.0,224.0,1.0,13.0,-0.12,1.45,2,71300000_1954-05-17 00:00:00.0_1963-08-18 00:00:00.0,1954-05-17,1963-08-18
71300000,1954-05-17 00:00:00.0,1963-08-18 00:00:00.0,2,2,1,1,224.0,1100.0,1.0,15.94,-0.13,1.206,2,71300000_1954-05-17 00:00:00.0_1963-08-18 00:00:00.0,1954-05-17,1963-08-18
71300000,1963-08-19 00:00:00.0,1967-06-05 00:00:00.0,1,3,1,1,60.0,183.0,1.0,17.0,0.02,1.28,2,71300000_1963-08-19 00:00:00.0_1967-06-05 00:00:00.0,1963-08-19,1967-06-05
71300000,1963-08-19 00:00:00.0,1967-06-05 00:00:00.0,2,3,1,1,183.0,781.0,1.0,16.2,-0.13,1.2,2,71300000_1963-08-19 00:00:00.0_1967-06-05 00:00:00.0,1963-08-19,1967-06-05
71300000,1963-08-19 00:00:00.0,1967-06-05 00:00:00.0,3,3,1,1,781.0,1200.0,1.0,16.0,-0.13,1.206,2,71300000_1963-08-19 00:00:00.0_1967-06-05 00:00:00.0,1963-08-19,1967-06-05
71300000,1967-06-06 00:00:00.0,1977-02-18 00:00:00.0,1,2,1,1,40.0,396.0,1.0,15.0,0.01,1.25,2,71300000_1967-06-06 00:00:00.0_1977-02-18 00:00:00.0,1967-06-06,1977-02-18
71300000,1967-06-06 00:00:00.0,1977-02-18 00:00:00.0,2,2,1,1,396.0,1000.0,1.0,9.0,-0.95,1.4,2,71300000_1967-06-06 00:00:00.0_1977-02-18 00:00:00.0,1967-06-06,1977-02-18
71300000,1977-02-19 00:00:00.0,2010-11-30 00:00:00.0,1,2,1,1,40.0,224.0,1.0,13.0,-0.12,1.45,2,71300000_1977-02-19 00:00:00.0_2010-11-30 00:00:00.0,1977-02-19,2010-11-30
71300000,1977-02-19 00:00:00.0,2010-11-30 00:00:00.0,2,2,1,1,224.0,1950.0,1.0,15.94,-0.13,1.206,2,71300000_1977-02-19 00:00:00.0_2010-11-30 00:00:00.0,1977-02-19,2010-11-30
71300000,2010-12-01 00:00:00.0,2017-06-07 00:00:00.0,1,4,1,1,70.0,140.0,1.0,15.2758,0.03,1.285,2,71300000_2010-12-01 00:00:00.0_2017-06-07 00:00:00.0,2010-12-01,2017-06-07
71300000,2010-12-01 00:00:00.0,2017-06-07 00:00:00.0,2,4,1,1,140.0,224.0,1.0,14.9671,0.04,1.382,2,71300000_2010-12-01 00:00:00.0_2017-06-07 00:00:00.0,2010-12-01,2017-06-07
71300000,2010-12-01 00:00:00.0,2017-06-07 00:00:00.0,3,4,1,1,224.0,861.0,1.0,9.5457,-0.77,1.397,2,71300000_2010-12-01 00:00:00.0_2017-06-07 00:00:00.0,2010-12-01,2017-06-07
71300000,2010-12-01 00:00:00.0,2017-06-07 00:00:00.0,4,4,1,1,861.0,1850.0,1.0,15.94,-0.13,1.206,2,71300000_2010-12-01 00:00:00.0_2017-06-07 00:00:00.0,2010-12-01,2017-06-07
71300000,2017-06-08 00:00:00.0,2021-01-30 00:00:00.0,1,4,1,1,50.0,124.0,1.0,15.0,0.01,1.25,2,71300000_2017-06-08 00:00:00.0_2021-01-30 00:00:00.0,2017-06-08,2021-01-30
71300000,2017-06-08 00:00:00.0,2021-01-30 00:00:00.0,2,4,1,1,124.0,282.0,1.0,17.5262,0.15,1.2,2,71300000_2017-06-08 00:00:00.0_2021-01-30 00:00:00.0,2017-06-08,2021-01-30
71300000,2017-06-08 00:00:00.0,2021-01-30 00:00:00.0,3,4,1,1,282.0,861.0,1.0,9.5457,-0.77,1.397,2,71300000_2017-06-08 00:00:00.0_2021-01-30 00:00:00.0,2017-06-08,2021-01-30
71300000,2017-06-08 00:00:00.0,2021-01-30 00:00:00.0,4,4,1,1,861.0,1850.0,1.0,15.94,-0.13,1.206,2,71300000_2017-06-08 00:00:00.0_2021-01-30 00:00:00.0,2017-06-08,2021-01-30
71300000,2021-01-31 00:00:00.0,2023-12-31 00:00:00.0,1,2,1,1,50.0,224.0,1.0,13.0,-0.12,1.45,2,71300000_2021-01-31 00:00:00.0_2023-12-31 00:00:00.0,2021-01-31,2023-12-31
71300000,2021-01-31 00:00:00.0,2023-12-31 00:00:00.0,2,2,1,1,224.0,1850.0,1.0,15.94,-0.13,1.206,2,71300000_2021-01-31 00:00:00.0_2023-12-31 00:00:00.0,2021-01-31,2023-12-31
71300000,2024-01-01 00:00:00.0,2026-12-31 00:00:00.0,1,4,1,1,20.0,140.0,1.0,15.2758,0.03,1.285,1,71300000_2024-01-01 00:00:00.0_2026-12-31 00:00:00.0,2024-01-01,2026-12-31
71300000,2024-01-01 00:00:00.0,2026-12-31 00:00:00.0,2,4,1,1,140.0,224.0,1.0,14.9671,0.04,1.382,1,71300000_2024-01-01 00:00:00.0_2026-12-31 00:00:00.0,2024-01-01,2026-12-31
71300000,2024-01-01 00:00:00.0,2026-12-31 00:00:00.0,3,4,1,1,224.0,864.0,1.0,9.5457,-0.77,1.397,1,71300000_2024-01-01 00:00:00.0_2026-12-31 00:00:00.0,2024-01-01,2026-12-31
71300000,2024-01-01 00:00:00.0,2026-12-31 00:00:00.0,4,4,1,1,864.0,1500.0,1.0,15.94,-0.13,1.206,1,71300000_2024-01-01 00:00:00.0_2026-12-31 00:00:00.0,2024-01-01,2026-12-31
71350001,1984-07-01 00:00:00.0,1986-06-08 00:00:00.0,1,2,1,1,80.0,345.0,1.0,41.0227,0.62,1.2,2,71350001_1984-07-01 00:00:00.0_1986-06-08 00:00:00.0,1984-07-01,1986-06-08
71350001,1984-07-01 00:00:00.0,1986-06-08 00:00:00.0,2,2,1,1,345.0,950.0,1.0,4.1372,-2.5,1.986,2,71350001_1984-07-01 00:00:00.0_1986-06-08 00:00:00.0,1984-07-01,1986-06-08
71350001,1986-06-09 00:00:00.0,1990-11-23 00:00:00.0,1,2,1,1,90.0,338.0,1.0,33.6085,0.39,1.3,2,71350001_1986-06-09 00:00:00.0_1990-11-23 00:00:00.0,1986-06-09,1990-11-23
71350001,1986-06-09 00:00:00.0,1990-11-23 00:00:00.0,2,2,1,1,338.0,950.0,1.0,4.1372,-2.5,1.986,2,71350001_1986-06-09 00:00:00.0_1990-11-23 00:00:00.0,1986-06-09,1990-11-23
71350001,1990-11-24 00:00:00.0,2002-04-22 00:00:00.0,1,2,1,1,90.0,350.0,1.0,41.0227,0.63,1.2,2,71350001_1990-11-24 00:00:00.0_2002-04-22 00:00:00.0,1990-11-24,2002-04-22
71350001,1990-11-24 00:00:00.0,2002-04-22 00:00:00.0,2,2,1,1,350.0,850.0,1.0,4.1372,-2.5,1.986,2,71350001_1990-11-24 00:00:00.0_2002-04-22 00:00:00.0,1990-11-24,2002-04-22
71350001,2002-04-23 00:00:00.0,2012-01-19 00:00:00.0,1,2,1,1,80.0,381.0,1.0,42.8,0.62,1.2,2,71350001_2002-04-23 00:00:00.0_2012-01-19 00:00:00.0,2002-04-23,2012-01-19
71350001,2002-04-23 00:00:00.0,2012-01-19 00:00:00.0,2,2,1,1,381.0,1000.0,1.0,3.6664,-3.04,2.0,2,71350001_2002-04-23 00:00:00.0_2012-01-19 00:00:00.0,2002-04-23,2012-01-19
71350001,2012-01-20 00:00:00.0,2016-03-10 00:00:00.0,1,3,1,1,100.0,350.0,1.0,41.0227,0.63,1.2,2,71350001_2012-01-20 00:00:00.0_2016-03-10 00:00:00.0,2012-01-20,2016-03-10
71350001,2012-01-20 00:00:00.0,2016-03-10 00:00:00.0,2,3,1,1,350.0,985.0,1.0,4.1372,-2.5,1.986,2,71350001_2012-01-20 00:00:00.0_2016-03-10 00:00:00.0,2012-01-20,2016-03-10
71350001,2012-01-20 00:00:00.0,2016-03-10 00:00:00.0,3,3,1,1,985.0,1050.0,1.0,3.6664,-3.04,2.0,2,71350001_2012-01-20 00:00:00.0_2016-03-10 00:00:00.0,2012-01-20,2016-03-10
71350001,2016-03-11 00:00:00.0,2021-09-20 00:00:00.0,1,4,1,1,50.0,156.0,1.0,30.2104,0.37,1.7,2,71350001_2016-03-11 00:00:00.0_2021-09-20 00:00:00.0,2016-03-11,2021-09-20
71350001,2016-03-11 00:00:00.0,2021-09-20 00:00:00.0,2,4,1,1,156.0,208.0,1.0,44.8316,0.64,1.2,2,71350001_2016-03-11 00:00:00.0_2021-09-20 00:00:00.0,2016-03-11,2021-09-20
71350001,2016-03-11 00:00:00.0,2021-09-20 00:00:00.0,3,4,1,1,208.0,684.0,1.0,30.5386,0.15,1.247,2,71350001_2016-03-11 00:00:00.0_2021-09-20 00:00:00.0,2016-03-11,2021-09-20
71350001,2016-03-11 00:00:00.0,2021-09-20 00:00:00.0,4,4,1,1,684.0,1050.0,1.0,43.6655,2.01,1.278,2,71350001_2016-03-11 00:00:00.0_2021-09-20 00:00:00.0,2016-03-11,2021-09-20
71350001,2021-09-21 00:00:00.0,2023-12-31 00:00:00.0,1,3,1,1,100.0,187.0,1.0,30.8907,0.38,1.6,2,71350001_2021-09-21 00:00:00.0_2023-12-31 00:00:00.0,2021-09-21,2023-12-31
71350001,2021-09-21 00:00:00.0,2023-12-31 00:00:00.0,2,3,1,1,187.0,336.0,1.0,44.2032,0.61,1.21,2,71350001_2021-09-21 00:00:00.0_2023-12-31 00:00:00.0,2021-09-21,2023-12-31
71350001,2021-09-21 00:00:00.0,2023-12-31 00:00:00.0,3,3,1,1,336.0,1050.0,1.0,3.6664,-3.04,2.0,2,71350001_2021-09-21 00:00:00.0_2023-12-31 00:00:00.0,2021-09-21,2023-12-31
71350001,2024-01-01 00:00:00.0,2026-12-31 00:00:00.0,1,4,1,1,60.0,156.0,1.0,30.2104,0.37,1.7,1,71350001_2024-01-01 00:00:00.0_2026-12-31 00:00:00.0,2024-01-01,2026-12-31
71350001,2024-01-01 00:00:00.0,2026-12-31 00:00:00.0,2,4,1,1,156.0,208.0,1.0,44.8316,0.64,1.2,1,71350001_2024-01-01 00:00:00.0_2026-12-31 00:00:00.0,2024-01-01,2026-12-31
71350001,2024-01-01 00:00:00.0,2026-12-31 00:00:00.0,3,4,1,1,208.0,686.0,1.0,30.5386,0.15,1.247,1,71350001_2024-01-01 00:00:00.0_2026-12-31 00:00:00.0,2024-01-01,2026-12-31
71350001,2024-01-01 00:00:00.0,2026-12-31 00:00:00.0,4,4,1,1,686.0,1050.0,1.0,43.6655,2.01,1.277,1,71350001_2024-01-01 00:00:00.0_2026-12-31 00:00:00.0,2024-01-01,2026-12-31
72430000,1957-05-01 00:00:00.0,1984-05-10 00:00:00.0,1,2,1,1,60.0,240.0,1.0,46.7,0.64,1.2,2,72430000_1957-05-01 00:00:00.0_1984-05-10 00:00:00.0,1957-05-01,1984-05-10
72430000,1957-05-01 00:00:00.0,1984-05-10 00:00:00.0,2,2,1,1,240.0,1200.0,1.0,0.1488,-6.12,3.0,2,72430000_1957-05-01 00:00:00.0_1984-05-10 00:00:00.0,1957-05-01,1984-05-10
72430000,1984-05-11 00:00:00.0,1992-05-28 00:00:00.0,1,2,1,1,70.0,237.0,1.0,33.5277,0.42,1.5,2,72430000_1984-05-11 00:00:00.0_1992-05-28 00:00:00.0,1984-05-11,1992-05-28
72430000,1984-05-11 00:00:00.0,1992-05-28 00:00:00.0,2,2,1,1,237.0,1150.0,1.0,0.1488,-6.12,3.0,2,72430000_1984-05-11 00:00:00.0_1992-05-28 00:00:00.0,1984-05-11,1992-05-28
72430000,1992-05-29 00:00:00.0,2007-10-31 00:00:00.0,1,2,1,1,60.0,221.0,1.0,33.4,0.33,1.5,2,72430000_1992-05-29 00:00:00.0_2007-10-31 00:00:00.0,1992-05-29,2007-10-31
72430000,1992-05-29 00:00:00.0,2007-10-31 00:00:00.0,2,2,1,1,221.0,1350.0,1.0,0.1488,-6.12,3.0,2,72430000_1992-05-29 00:00:00.0_2007-10-31 00:00:00.0,1992-05-29,2007-10-31
72430000,2007-11-01 00:00:00.0,2015-02-23 00:00:00.0,1,2,1,1,60.0,230.0,1.0,33.4,0.38,1.5,2,72430000_2007-11-01 00:00:00.0_2015-02-23 00:00:00.0,2007-11-01,2015-02-23
72430000,2007-11-01 00:00:00.0,2015-02-23 00:00:00.0,2,2,1,1,230.0,1350.0,1.0,0.1488,-6.12,3.0,2,72430000_2007-11-01 00:00:00.0_2015-02-23 00:00:00.0,2007-11-01,2015-02-23
72430000,2015-02-24 00:00:00.0,2020-05-08 00:00:00.0,1,4,1,1,70.0,117.0,1.0,50.6888,0.56,1.45,2,72430000_2015-02-24 00:00:00.0_2020-05-08 00:00:00.0,2015-02-24,2020-05-08
72430000,2015-02-24 00:00:00.0,2020-05-08 00:00:00.0,2,4,1,1,117.0,126.0,1.0,38.0616,0.4,1.65,2,72430000_2015-02-24 00:00:00.0_2020-05-08 00:00:00.0,2015-02-24,2020-05-08
72430000,2015-02-24 00:00:00.0,2020-05-08 00:00:00.0,3,4,1,1,126.0,242.0,1.0,21.4216,0.05,1.7,2,72430000_2015-02-24 00:00:00.0_2020-05-08 00:00:00.0,2015-02-24,2020-05-08
72430000,2015-02-24 00:00:00.0,2020-05-08 00:00:00.0,4,4,1,1,242.0,1350.0,1.0,0.1488,-6.12,3.0,2,72430000_2015-02-24 00:00:00.0_2020-05-08 00:00:00.0,2015-02-24,2020-05-08
72430000,2020-05-09 00:00:00.0,2023-12-31 00:00:00.0,1,3,1,1,70.0,89.0,1.0,49.5351,0.56,1.44,2,72430000_2020-05-09 00:00:00.0_2023-12-31 00:00:00.0,2020-05-09,2023-12-31
72430000,2020-05-09 00:00:00.0,2023-12-31 00:00:00.0,2,3,1,1,89.0,249.0,1.0,34.0296,0.46,1.451,2,72430000_2020-05-09 00:00:00.0_2023-12-31 00:00:00.0,2020-05-09,2023-12-31
72430000,2020-05-09 00:00:00.0,2023-12-31 00:00:00.0,3,3,1,1,249.0,1150.0,1.0,0.1488,-6.12,3.0,2,72430000_2020-05-09 00:00:00.0_2023-12-31 00:00:00.0,2020-05-09,2023-12-31
72430000,2024-01-01 00:00:00.0,2026-12-31 00:00:00.0,1,4,1,1,63.0,120.0,,49.7814,0.6,1.263,1,72430000_2024-01-01 00:00:00.0_2026-12-31 00:00:00.0,2024-01-01,2026-12-31
72430000,2024-01-01 00:00:00.0,2026-12-31 00:00:00.0,2,4,1,1,120.0,162.0,,32.2652,0.35,1.305,1,72430000_2024-01-01 00:00:00.0_2026-12-31 00:00:00.0,2024-01-01,2026-12-31
72430000,2024-01-01 00:00:00.0,2026-12-31 00:00:00.0,3,4,1,1,162.0,236.0,,33.5277,0.42,1.5,1,72430000_2024-01-01 00:00:00.0_2026-12-31 00:00:00.0,2024-01-01,2026-12-31
72430000,2024-01-01 00:00:00.0,2026-12-31 00:00:00.0,4,4,1,1,236.0,1450.0,1.0,19.8907,-0.85,1.3,1,72430000_2024-01-01 00:00:00.0_2026-12-31 00:00:00.0,2024-01-01,2026-12-31
72630000,1957-10-01 00:00:00.0,1963-09-26 00:00:00.0,1,2,1,1,30.0,801.0,1.0,58.5941,0.24,1.34,2,72630000_1957-10-01 00:00:00.0_1963-09-26 00:00:00.0,1957-10-01,1963-09-26
72630000,1957-10-01 00:00:00.0,1963-09-26 00:00:00.0,2,2,1,1,801.0,1150.0,1.0,27.1802,-0.99,1.6,2,72630000_1957-10-01 00:00:00.0_1963-09-26 00:00:00.0,1957-10-01,1963-09-26
72630000,1963-09-27 00:00:00.0,1980-06-01 00:00:00.0,1,2,1,1,30.0,561.0,1.0,57.5047,0.27,1.3,2,72630000_1963-09-27 00:00:00.0_1980-06-01 00:00:00.0,1963-09-27,1980-06-01
72630000,1963-09-27 00:00:00.0,1980-06-01 00:00:00.0,2,2,1,1,561.0,1200.0,1.0,29.7471,-0.28,1.6,2,72630000_1963-09-27 00:00:00.0_1980-06-01 00:00:00.0,1963-09-27,1980-06-01
72630000,1980-06-02 00:00:00.0,1996-09-01 00:00:00.0,1,3,1,1,30.0,75.0,1.0,46.9331,0.1,1.58,2,72630000_1980-06-02 00:00:00.0_1996-09-01 00:00:00.0,1980-06-02,1996-09-01
72630000,1980-06-02 00:00:00.0,1996-09-01 00:00:00.0,2,3,1,1,75.0,801.0,1.0,58.5941,0.24,1.34,2,72630000_1980-06-02 00:00:00.0_1996-09-01 00:00:00.0,1980-06-02,1996-09-01
72630000,1980-06-02 00:00:00.0,1996-09-01 00:00:00.0,3,3,1,1,801.0,1150.0,1.0,27.1802,-0.99,1.6,2,72630000_1980-06-02 00:00:00.0_1996-09-01 00:00:00.0,1980-06-02,1996-09-01
72630000,1996-09-02 00:00:00.0,2007-08-20 00:00:00.0,1,3,1,1,30.0,239.0,1.0,49.6122,0.04,1.5,2,72630000_1996-09-02 00:00:00.0_2007-08-20 00:00:00.0,1996-09-02,2007-08-20
72630000,1996-09-02 00:00:00.0,2007-08-20 00:00:00.0,2,3,1,1,239.0,387.0,1.0,44.5614,0.01,1.602,2,72630000_1996-09-02 00:00:00.0_2007-08-20 00:00:00.0,1996-09-02,2007-08-20
72630000,1996-09-02 00:00:00.0,2007-08-20 00:00:00.0,3,3,1,1,387.0,1200.0,1.0,58.5941,-0.27,1.33,2,72630000_1996-09-02 00:00:00.0_2007-08-20 00:00:00.0,1996-09-02,2007-08-20
72630000,2007-08-21 00:00:00.0,2014-09-30 00:00:00.0,1,2,1,1,30.0,387.0,1.0,44.5614,0.01,1.602,2,72630000_2007-08-21 00:00:00.0_2014-09-30 00:00:00.0,2007-08-21,2014-09-30
72630000,2007-08-21 00:00:00.0,2014-09-30 00:00:00.0,2,2,1,1,387.0,1000.0,1.0,58.5941,-0.27,1.33,2,72630000_2007-08-21 00:00:00.0_2014-09-30 00:00:00.0,2007-08-21,2014-09-30
72630000,2014-10-01 00:00:00.0,2017-01-07 00:00:00.0,1,3,1,1,60.0,285.0,1.0,60.5798,0.18,1.345,2,72630000_2014-10-01 00:00:00.0_2017-01-07 00:00:00.0,2014-10-01,2017-01-07
72630000,2014-10-01 00:00:00.0,2017-01-07 00:00:00.0,2,3,1,1,285.0,599.0,1.0,55.145,0.13,1.414,2,72630000_2014-10-01 00:00:00.0_2017-01-07 00:00:00.0,2014-10-01,2017-01-07
72630000,2014-10-01 00:00:00.0,2017-01-07 00:00:00.0,3,3,1,1,599.0,1150.0,1.0,58.5941,-0.27,1.33,2,72630000_2014-10-01 00:00:00.0_2017-01-07 00:00:00.0,2014-10-01,2017-01-07
72630000,2017-01-08 00:00:00.0,2022-04-04 00:00:00.0,1,4,1,1,30.0,77.0,1.0,34.1006,-0.16,2.232,2,72630000_2017-01-08 00:00:00.0_2022-04-04 00:00:00.0,2017-01-08,2022-04-04
72630000,2017-01-08 00:00:00.0,2022-04-04 00:00:00.0,2,4,1,1,77.0,316.0,1.0,37.926,-0.08,1.652,2,72630000_2017-01-08 00:00:00.0_2022-04-04 00:00:00.0,2017-01-08,2022-04-04
72630000,2017-01-08 00:00:00.0,2022-04-04 00:00:00.0,3,4,1,1,316.0,599.0,1.0,55.145,0.13,1.414,2,72630000_2017-01-08 00:00:00.0_2022-04-04 00:00:00.0,2017-01-08,2022-04-04
72630000,2017-01-08 00:00:00.0,2022-04-04 00:00:00.0,4,4,1,1,599.0,1150.0,1.0,58.5941,-0.27,1.33,2,72630000_2017-01-08 00:00:00.0_2022-04-04 00:00:00.0,2017-01-08,2022-04-04
72630000,2022-04-05 00:00:00.0,2023-12-31 00:00:00.0,1,4,1,1,30.0,159.0,1.0,42.6092,-0.02,1.703,2,72630000_2022-04-05 00:00:00.0_2023-12-31 00:00:00.0,2022-04-05,2023-12-31
72630000,2022-04-05 00:00:00.0,2023-12-31 00:00:00.0,2,4,1,1,159.0,348.0,1.0,73.2881,0.35,1.248,2,72630000_2022-04-05 00:00:00.0_2023-12-31 00:00:00.0,2022-04-05,2023-12-31
72630000,2022-04-05 00:00:00.0,2023-12-31 00:00:00.0,3,4,1,1,348.0,604.0,1.0,55.145,0.13,1.413,2,72630000_2022-04-05 00:00:00.0_2023-12-31 00:00:00.0,2022-04-05,2023-12-31
72630000,2022-04-05 00:00:00.0,2023-12-31 00:00:00.0,4,4,1,1,604.0,1150.0,1.0,58.5941,-0.27,1.33,2,72630000_2022-04-05 00:00:00.0_2023-12-31 00:00:00.0,2022-04-05,2023-12-31
72630000,2024-01-01 00:00:00.0,2026-12-31 00:00:00.0,1,3,1,1,29.0,234.0,1.0,48.9913,0.05,1.552,1,72630000_2024-01-01 00:00:00.0_2026-12-31 00:00:00.0,2024-01-01,2026-12-31
72630000,2024-01-01 00:00:00.0,2026-12-31 00:00:00.0,2,3,1,1,234.0,1026.0,1.0,54.0361,-0.01,1.379,1,72630000_2024-01-01 00:00:00.0_2026-12-31 00:00:00.0,2024-01-01,2026-12-31
72630000,2024-01-01 00:00:00.0,2026-12-31 00:00:00.0,3,3,1,1,1026.0,1400.0,1.0,58.5941,-0.27,1.33,1,72630000_2024-01-01 00:00:00.0_2026-12-31 00:00:00.0,2024-01-01,2026-12-31
72680000,1939-10-01 00:00:00.0,1972-10-26 00:00:00.0,1,3.0,1,1,20.0,125.0,1.0,49.0,0.22,2.296,2,72680000_1939-10-01 00:00:00.0_1972-10-26 00:00:00.0,1939-10-01,1972-10-26
72680000,1939-10-01 00:00:00.0,1972-10-26 00:00:00.0,2,3.0,1,1,125.0,273.0,1.0,45.006,0.16,1.7,2,72680000_1939-10-01 00:00:00.0_1972-10-26 00:00:00.0,1939-10-01,1972-10-26
72680000,1939-10-01 00:00:00.0,1972-10-26 00:00:00.0,3,3.0,1,1,273.0,1000.0,1.0,56.1082,0.38,1.62,2,72680000_1939-10-01 00:00:00.0_1972-10-26 00:00:00.0,1939-10-01,1972-10-26
72680000,1972-10-27 00:00:00.0,1974-02-20 00:00:00.0,1,,1,1,70.0,750.0,1.0,56.1082,0.4,1.62,2,72680000_1972-10-27 00:00:00.0_1974-02-20 00:00:00.0,1972-10-27,1974-02-20
72680000,1974-02-21 00:00:00.0,1981-06-09 00:00:00.0,1,2.0,1,1,40.0,278.0,1.0,53.6176,0.24,1.57,2,72680000_1974-02-21 00:00:00.0_1981-06-09 00:00:00.0,1974-02-21,1981-06-09
72680000,1974-02-21 00:00:00.0,1981-06-09 00:00:00.0,2,2.0,1,1,278.0,700.0,1.0,56.1082,0.38,1.62,2,72680000_1974-02-21 00:00:00.0_1981-06-09 00:00:00.0,1974-02-21,1981-06-09
72680000,1981-06-10 00:00:00.0,1990-06-01 00:00:00.0,1,,1,1,40.0,1150.0,1.0,53.7292,0.18,1.63,2,72680000_1981-06-10 00:00:00.0_1990-06-01 00:00:00.0,1981-06-10,1990-06-01
72680000,1990-06-02 00:00:00.0,2010-12-12 00:00:00.0,1,2.0,1,1,30.0,452.0,1.0,46.5315,-0.03,1.776,2,72680000_1990-06-02 00:00:00.0_2010-12-12 00:00:00.0,1990-06-02,2010-12-12
72680000,1990-06-02 00:00:00.0,2010-12-12 00:00:00.0,2,2.0,1,1,452.0,1000.0,1.0,71.5,0.05,1.51,2,72680000_1990-06-02 00:00:00.0_2010-12-12 00:00:00.0,1990-06-02,2010-12-12
72680000,2010-12-13 00:00:00.0,2015-07-14 00:00:00.0,1,2.0,1,1,40.0,466.0,1.0,42.0438,0.01,1.785,2,72680000_2010-12-13 00:00:00.0_2015-07-14 00:00:00.0,2010-12-13,2015-07-14
72680000,2010-12-13 00:00:00.0,2015-07-14 00:00:00.0,2,2.0,1,1,466.0,1150.0,1.0,41.771,-0.38,1.7,2,72680000_2010-12-13 00:00:00.0_2015-07-14 00:00:00.0,2010-12-13,2015-07-14
72680000,2015-07-15 00:00:00.0,2023-12-31 00:00:00.0,1,3.0,1,1,30.0,85.0,1.0,44.7411,0.05,1.72,2,72680000_2015-07-15 00:00:00.0_2023-12-31 00:00:00.0,2015-07-15,2023-12-31
72680000,2015-07-15 00:00:00.0,2023-12-31 00:00:00.0,2,3.0,1,1,85.0,207.0,1.0,47.5357,0.08,1.7,2,72680000_2015-07-15 00:00:00.0_2023-12-31 00:00:00.0,2015-07-15,2023-12-31
72680000,2015-07-15 00:00:00.0,2023-12-31 00:00:00.0,3,3.0,1,1,207.0,1150.0,1.0,44.0826,-0.01,1.7,2,72680000_2015-07-15 00:00:00.0_2023-12-31 00:00:00.0,2015-07-15,2023-12-31
72680000,2024-01-01 00:00:00.0,2026-12-31 00:00:00.0,1,3.0,1,1,30.0,85.0,1.0,44.7411,0.05,1.72,1,72680000_2024-01-01 00:00:00.0_2026-12-31 00:00:00.0,2024-01-01,2026-12-31
72680000,2024-01-01 00:00:00.0,2026-12-31 00:00:00.0,2,3.0,1,1,85.0,207.0,1.0,47.5357,0.08,1.7,1,72680000_2024-01-01 00:00:00.0_2026-12-31 00:00:00.0,2024-01-01,2026-12-31
72680000,2024-01-01 00:00:00.0,2026-12-31 00:00:00.0,3,3.0,1,1,207.0,1150.0,1.0,44.0826,-0.01,1.7,1,72680000_2024-01-01 00:00:00.0_2026-12-31 00:00:00.0,2024-01-01,2026-12-31
72715000,1976-01-01 00:00:00.0,1988-05-23 00:00:00.0,1,3,1,1,80.0,134.0,1.0,16.5,0.8,3.0,2,72715000_1976-01-01 00:00:00.0_1988-05-23 00:00:00.0,1976-01-01,1988-05-23
72715000,1976-01-01 00:00:00.0,1988-05-23 00:00:00.0,2,3,1,1,134.0,204.0,1.0,156.9899,1.26,1.623,2,72715000_1976-01-01 00:00:00.0_1988-05-23 00:00:00.0,1976-01-01,1988-05-23
72715000,1976-01-01 00:00:00.0,1988-05-23 00:00:00.0,3,3,1,1,204.0,350.0,1.0,114.9049,1.1,1.5,2,72715000_1976-01-01 00:00:00.0_1988-05-23 00:00:00.0,1976-01-01,1988-05-23
72715000,1988-05-24 00:00:00.0,1994-11-06 00:00:00.0,1,4,1,1,90.0,136.0,1.0,16.5211,0.56,3.0,2,72715000_1988-05-24 00:00:00.0_1994-11-06 00:00:00.0,1988-05-24,1994-11-06
72715000,1988-05-24 00:00:00.0,1994-11-06 00:00:00.0,2,4,1,1,136.0,157.0,1.0,91.8426,1.13,1.6,2,72715000_1988-05-24 00:00:00.0_1994-11-06 00:00:00.0,1988-05-24,1994-11-06
72715000,1988-05-24 00:00:00.0,1994-11-06 00:00:00.0,3,4,1,1,157.0,183.0,1.0,183.3142,1.22,1.9,2,72715000_1988-05-24 00:00:00.0_1994-11-06 00:00:00.0,1988-05-24,1994-11-06
72715000,1988-05-24 00:00:00.0,1994-11-06 00:00:00.0,4,4,1,1,183.0,400.0,1.0,114.9049,1.1,1.5,2,72715000_1988-05-24 00:00:00.0_1994-11-06 00:00:00.0,1988-05-24,1994-11-06
72715000,1994-11-07 00:00:00.0,2005-10-27 00:00:00.0,1,3,1,1,90.0,141.0,1.0,27.9852,0.76,3.0,2,72715000_1994-11-07 00:00:00.0_2005-10-27 00:00:00.0,1994-11-07,2005-10-27
72715000,1994-11-07 00:00:00.0,2005-10-27 00:00:00.0,2,3,1,1,141.0,183.0,1.0,183.3142,1.22,1.9,2,72715000_1994-11-07 00:00:00.0_2005-10-27 00:00:00.0,1994-11-07,2005-10-27
72715000,1994-11-07 00:00:00.0,2005-10-27 00:00:00.0,3,3,1,1,183.0,500.0,1.0,114.9049,1.1,1.5,2,72715000_1994-11-07 00:00:00.0_2005-10-27 00:00:00.0,1994-11-07,2005-10-27
72715000,2005-10-28 00:00:00.0,2010-04-22 00:00:00.0,1,3,1,1,110.0,168.0,1.0,250.0,1.15,3.0,2,72715000_2005-10-28 00:00:00.0_2010-04-22 00:00:00.0,2005-10-28,2010-04-22
72715000,2005-10-28 00:00:00.0,2010-04-22 00:00:00.0,2,3,1,1,168.0,206.0,1.0,160.9685,1.28,1.6,2,72715000_2005-10-28 00:00:00.0_2010-04-22 00:00:00.0,2005-10-28,2010-04-22
72715000,2005-10-28 00:00:00.0,2010-04-22 00:00:00.0,3,3,1,1,206.0,300.0,1.0,114.9049,1.1,1.5,2,72715000_2005-10-28 00:00:00.0_2010-04-22 00:00:00.0,2005-10-28,2010-04-22
72715000,2010-04-23 00:00:00.0,2010-08-28 00:00:00.0,1,2,1,1,80.0,184.0,1.0,43.0516,0.56,2.143,2,72715000_2010-04-23 00:00:00.0_2010-08-28 00:00:00.0,2010-04-23,2010-08-28
72715000,2010-04-23 00:00:00.0,2010-08-28 00:00:00.0,2,2,1,1,184.0,350.0,1.0,114.9049,1.1,1.5,2,72715000_2010-04-23 00:00:00.0_2010-08-28 00:00:00.0,2010-04-23,2010-08-28
72715000,2010-08-29 00:00:00.0,2011-09-09 00:00:00.0,1,3,1,1,120.0,168.0,1.0,250.0,1.15,3.0,2,72715000_2010-08-29 00:00:00.0_2011-09-09 00:00:00.0,2010-08-29,2011-09-09
72715000,2010-08-29 00:00:00.0,2011-09-09 00:00:00.0,2,3,1,1,168.0,206.0,1.0,160.9685,1.28,1.6,2,72715000_2010-08-29 00:00:00.0_2011-09-09 00:00:00.0,2010-08-29,2011-09-09
72715000,2010-08-29 00:00:00.0,2011-09-09 00:00:00.0,3,3,1,1,206.0,350.0,1.0,114.9049,1.1,1.5,2,72715000_2010-08-29 00:00:00.0_2011-09-09 00:00:00.0,2010-08-29,2011-09-09
72715000,2011-09-10 00:00:00.0,2013-10-09 00:00:00.0,1,3,1,1,100.0,145.0,1.0,32.5,0.75,3.0,2,72715000_2011-09-10 00:00:00.0_2013-10-09 00:00:00.0,2011-09-10,2013-10-09
72715000,2011-09-10 00:00:00.0,2013-10-09 00:00:00.0,2,3,1,1,145.0,183.0,1.0,183.3142,1.22,1.9,2,72715000_2011-09-10 00:00:00.0_2013-10-09 00:00:00.0,2011-09-10,2013-10-09
72715000,2011-09-10 00:00:00.0,2013-10-09 00:00:00.0,3,3,1,1,183.0,350.0,1.0,114.9049,1.1,1.5,2,72715000_2011-09-10 00:00:00.0_2013-10-09 00:00:00.0,2011-09-10,2013-10-09
72715000,2013-10-10 00:00:00.0,2015-03-16 00:00:00.0,1,3,1,1,50.0,163.0,1.0,32.9337,0.34,1.6,2,72715000_2013-10-10 00:00:00.0_2015-03-16 00:00:00.0,2013-10-10,2015-03-16
72715000,2013-10-10 00:00:00.0,2015-03-16 00:00:00.0,2,3,1,1,163.0,184.0,1.0,43.0516,0.56,2.143,2,72715000_2013-10-10 00:00:00.0_2015-03-16 00:00:00.0,2013-10-10,2015-03-16
72715000,2013-10-10 00:00:00.0,2015-03-16 00:00:00.0,3,3,1,1,184.0,400.0,1.0,114.9049,1.1,1.5,2,72715000_2013-10-10 00:00:00.0_2015-03-16 00:00:00.0,2013-10-10,2015-03-16
72715000,2015-03-17 00:00:00.0,2017-09-30 00:00:00.0,1,3,1,1,80.0,137.0,1.0,5.8,0.6,3.0,2,72715000_2015-03-17 00:00:00.0_2017-09-30 00:00:00.0,2015-03-17,2017-09-30
72715000,2015-03-17 00:00:00.0,2017-09-30 00:00:00.0,2,3,1,1,137.0,196.0,1.0,171.594,1.3,1.506,2,72715000_2015-03-17 00:00:00.0_2017-09-30 00:00:00.0,2015-03-17,2017-09-30
72715000,2015-03-17 00:00:00.0,2017-09-30 00:00:00.0,3,3,1,1,196.0,500.0,1.0,114.9049,1.1,1.5,2,72715000_2015-03-17 00:00:00.0_2017-09-30 00:00:00.0,2015-03-17,2017-09-30
72715000,2017-10-01 00:00:00.0,2022-03-24 00:00:00.0,1,3,1,1,62.0,143.0,1.0,5.8,0.6,3.0,2,72715000_2017-10-01 00:00:00.0_2022-03-24 00:00:00.0,2017-10-01,2022-03-24
72715000,2017-10-01 00:00:00.0,2022-03-24 00:00:00.0,2,3,1,1,143.0,200.0,1.0,197.8799,1.32,1.807,2,72715000_2017-10-01 00:00:00.0_2022-03-24 00:00:00.0,2017-10-01,2022-03-24
72715000,2017-10-01 00:00:00.0,2022-03-24 00:00:00.0,3,3,1,1,200.0,500.0,1.0,114.9049,1.1,1.5,2,72715000_2017-10-01 00:00:00.0_2022-03-24 00:00:00.0,2017-10-01,2022-03-24
72715000,2022-03-25 00:00:00.0,2023-12-31 00:00:00.0,1,4,1,1,120.0,150.0,1.0,15.1544,1.0,1.7,2,72715000_2022-03-25 00:00:00.0_2023-12-31 00:00:00.0,2022-03-25,2023-12-31
72715000,2022-03-25 00:00:00.0,2023-12-31 00:00:00.0,2,4,1,1,150.0,160.0,1.0,392.5134,1.42,1.73,2,72715000_2022-03-25 00:00:00.0_2023-12-31 00:00:00.0,2022-03-25,2023-12-31
72715000,2022-03-25 00:00:00.0,2023-12-31 00:00:00.0,3,4,1,1,160.0,200.0,1.0,197.8799,1.32,1.807,2,72715000_2022-03-25 00:00:00.0_2023-12-31 00:00:00.0,2022-03-25,2023-12-31
72715000,2022-03-25 00:00:00.0,2023-12-31 00:00:00.0,4,4,1,1,200.0,500.0,1.0,114.9049,1.1,1.5,2,72715000_2022-03-25 00:00:00.0_2023-12-31 00:00:00.0,2022-03-25,2023-12-31
72810000,1976-01-01 00:00:00.0,1979-05-09 00:00:00.0,1,3.0,1,1,60.0,113.0,1.0,116.0,0.59,1.39,2,72810000_1976-01-01 00:00:00.0_1979-05-09 00:00:00.0,1976-01-01,1979-05-09
72810000,1976-01-01 00:00:00.0,1979-05-09 00:00:00.0,2,3.0,1,1,113.0,164.0,1.0,160.0276,0.65,1.6,2,72810000_1976-01-01 00:00:00.0_1979-05-09 00:00:00.0,1976-01-01,1979-05-09
72810000,1976-01-01 00:00:00.0,1979-05-09 00:00:00.0,3,3.0,1,1,164.0,400.0,1.0,137.7506,0.55,1.54,2,72810000_1976-01-01 00:00:00.0_1979-05-09 00:00:00.0,1976-01-01,1979-05-09
72810000,1979-05-10 00:00:00.0,1994-05-12 00:00:00.0,1,,1,1,60.0,550.0,1.0,137.7506,0.55,1.54,2,72810000_1979-05-10 00:00:00.0_1994-05-12 00:00:00.0,1979-05-10,1994-05-12
72810000,1994-05-13 00:00:00.0,2004-10-24 00:00:00.0,1,2.0,1,1,60.0,142.0,1.0,150.0,0.53,1.6,2,72810000_1994-05-13 00:00:00.0_2004-10-24 00:00:00.0,1994-05-13,2004-10-24
72810000,1994-05-13 00:00:00.0,2004-10-24 00:00:00.0,2,2.0,1,1,142.0,450.0,1.0,250.0,0.86,1.2,2,72810000_1994-05-13 00:00:00.0_2004-10-24 00:00:00.0,1994-05-13,2004-10-24
72810000,2004-10-25 00:00:00.0,2014-11-07 00:00:00.0,1,2.0,1,1,60.0,112.0,1.0,150.0,0.57,1.59,2,72810000_2004-10-25 00:00:00.0_2014-11-07 00:00:00.0,2004-10-25,2014-11-07
72810000,2004-10-25 00:00:00.0,2014-11-07 00:00:00.0,2,2.0,1,1,112.0,550.0,1.0,137.7506,0.55,1.54,2,72810000_2004-10-25 00:00:00.0_2014-11-07 00:00:00.0,2004-10-25,2014-11-07
72810000,2014-11-08 00:00:00.0,2023-12-31 00:00:00.0,1,3.0,1,1,50.0,76.0,1.0,179.4448,0.55,1.63,2,72810000_2014-11-08 00:00:00.0_2023-12-31 00:00:00.0,2014-11-08,2023-12-31
72810000,2014-11-08 00:00:00.0,2023-12-31 00:00:00.0,2,3.0,1,1,76.0,141.0,1.0,137.8137,0.51,1.65,2,72810000_2014-11-08 00:00:00.0_2023-12-31 00:00:00.0,2014-11-08,2023-12-31
72810000,2014-11-08 00:00:00.0,2023-12-31 00:00:00.0,3,3.0,1,1,141.0,550.0,1.0,125.5822,0.46,1.58,2,72810000_2014-11-08 00:00:00.0_2023-12-31 00:00:00.0,2014-11-08,2023-12-31
72810000,2024-01-01 00:00:00.0,2026-12-31 00:00:00.0,1,3.0,1,1,50.0,75.0,1.0,179.4448,0.55,1.63,1,72810000_2024-01-01 00:00:00.0_2026-12-31 00:00:00.0,2024-01-01,2026-12-31
72810000,2024-01-01 00:00:00.0,2026-12-31 00:00:00.0,2,3.0,1,1,75.0,141.0,1.0,137.8137,0.51,1.65,1,72810000_2024-01-01 00:00:00.0_2026-12-31 00:00:00.0,2024-01-01,2026-12-31
72810000,2024-01-01 00:00:00.0,2026-12-31 00:00:00.0,3,3.0,1,1,141.0,550.0,1.0,125.5822,0.46,1.58,1,72810000_2024-01-01 00:00:00.0_2026-12-31 00:00:00.0,2024-01-01,2026-12-31
72849000,1985-01-01 00:00:00.0,2015-02-13 00:00:00.0,1,4,1,1,42.0,141.0,1.0,61.1224,0.42,1.785,2,72849000_1985-01-01 00:00:00.0_2015-02-13 00:00:00.0,1985-01-01,2015-02-13
72849000,1985-01-01 00:00:00.0,2015-02-13 00:00:00.0,2,4,1,1,141.0,311.0,1.0,61.1316,0.42,1.8,2,72849000_1985-01-01 00:00:00.0_2015-02-13 00:00:00.0,1985-01-01,2015-02-13
72849000,1985-01-01 00:00:00.0,2015-02-13 00:00:00.0,3,4,1,1,311.0,1023.0,1.0,180.311,1.36,1.25,2,72849000_1985-01-01 00:00:00.0_2015-02-13 00:00:00.0,1985-01-01,2015-02-13
72849000,1985-01-01 00:00:00.0,2015-02-13 00:00:00.0,4,4,1,1,1023.0,1050.0,1.0,69.7892,0.44,1.612,2,72849000_1985-01-01 00:00:00.0_2015-02-13 00:00:00.0,1985-01-01,2015-02-13
72849000,2015-02-14 00:00:00.0,2022-03-24 00:00:00.0,1,3,1,1,40.0,128.0,1.0,55.0298,0.38,1.69,2,72849000_2015-02-14 00:00:00.0_2022-03-24 00:00:00.0,2015-02-14,2022-03-24
72849000,2015-02-14 00:00:00.0,2022-03-24 00:00:00.0,2,3,1,1,128.0,429.0,1.0,61.9864,0.44,1.7,2,72849000_2015-02-14 00:00:00.0_2022-03-24 00:00:00.0,2015-02-14,2022-03-24
72849000,2015-02-14 00:00:00.0,2022-03-24 00:00:00.0,3,3,1,1,429.0,1050.0,1.0,69.7892,0.44,1.612,2,72849000_2015-02-14 00:00:00.0_2022-03-24 00:00:00.0,2015-02-14,2022-03-24
72849000,2022-03-25 00:00:00.0,2023-12-31 00:00:00.0,1,3,1,1,50.0,162.0,1.0,53.9817,0.34,1.895,2,72849000_2022-03-25 00:00:00.0_2023-12-31 00:00:00.0,2022-03-25,2023-12-31
72849000,2022-03-25 00:00:00.0,2023-12-31 00:00:00.0,2,3,1,1,162.0,498.0,1.0,59.7489,0.38,1.7,2,72849000_2022-03-25 00:00:00.0_2023-12-31 00:00:00.0,2022-03-25,2023-12-31
72849000,2022-03-25 00:00:00.0,2023-12-31 00:00:00.0,3,3,1,1,498.0,1050.0,1.0,69.7892,0.44,1.612,2,72849000_2022-03-25 00:00:00.0_2023-12-31 00:00:00.0,2022-03-25,2023-12-31
72849000,2024-01-01 00:00:00.0,2026-12-31 00:00:00.0,1,2,1,1,30.0,200.0,1.0,47.8659,0.29,2.039,1,72849000_2024-01-01 00:00:00.0_2026-12-31 00:00:00.0,2024-01-01,2026-12-31
72849000,2024-01-01 00:00:00.0,2026-12-31 00:00:00.0,2,2,1,1,200.0,1050.0,1.0,69.7892,0.44,1.612,1,72849000_2024-01-01 00:00:00.0_2026-12-31 00:00:00.0,2024-01-01,2026-12-31
73300000,1951-01-01 00:00:00.0,1953-07-04 00:00:00.0,1,2.0,1,1,50.0,121.0,1.0,58.2884,0.43,2.885,2,73300000_1951-01-01 00:00:00.0_1953-07-04 00:00:00.0,1951-01-01,1953-07-04
73300000,1951-01-01 00:00:00.0,1953-07-04 00:00:00.0,2,2.0,1,1,121.0,350.0,1.0,50.0,0.48,1.8,2,73300000_1951-01-01 00:00:00.0_1953-07-04 00:00:00.0,1951-01-01,1953-07-04
73300000,1953-07-05 00:00:00.0,1957-08-11 00:00:00.0,1,2.0,1,1,60.0,119.0,1.0,56.694,0.5,2.0,2,73300000_1953-07-05 00:00:00.0_1957-08-11 00:00:00.0,1953-07-05,1957-08-11
73300000,1953-07-05 00:00:00.0,1957-08-11 00:00:00.0,2,2.0,1,1,119.0,350.0,1.0,50.0,0.48,1.8,2,73300000_1953-07-05 00:00:00.0_1957-08-11 00:00:00.0,1953-07-05,1957-08-11
73300000,1957-08-12 00:00:00.0,1961-12-31 00:00:00.0,1,,1,1,50.0,400.0,1.0,50.0,0.48,1.8,2,73300000_1957-08-12 00:00:00.0_1961-12-31 00:00:00.0,1957-08-12,1961-12-31
73300000,1969-01-01 00:00:00.0,1971-08-07 00:00:00.0,1,2.0,1,1,60.0,116.0,1.0,51.0204,0.46,2.0,2,73300000_1969-01-01 00:00:00.0_1971-08-07 00:00:00.0,1969-01-01,1971-08-07
73300000,1969-01-01 00:00:00.0,1971-08-07 00:00:00.0,2,2.0,1,1,116.0,350.0,1.0,50.0,0.48,1.8,2,73300000_1969-01-01 00:00:00.0_1971-08-07 00:00:00.0,1969-01-01,1971-08-07
73300000,1971-08-08 00:00:00.0,1976-05-29 00:00:00.0,1,3.0,1,1,60.0,89.0,1.0,40.6879,0.35,2.0,2,73300000_1971-08-08 00:00:00.0_1976-05-29 00:00:00.0,1971-08-08,1976-05-29
73300000,1971-08-08 00:00:00.0,1976-05-29 00:00:00.0,2,3.0,1,1,89.0,121.0,1.0,22.8585,0.12,2.509,2,73300000_1971-08-08 00:00:00.0_1976-05-29 00:00:00.0,1971-08-08,1976-05-29
73300000,1971-08-08 00:00:00.0,1976-05-29 00:00:00.0,3,3.0,1,1,121.0,400.0,1.0,50.0,0.48,1.8,2,73300000_1971-08-08 00:00:00.0_1976-05-29 00:00:00.0,1971-08-08,1976-05-29
73300000,1976-05-30 00:00:00.0,1988-05-23 00:00:00.0,1,3.0,1,1,40.0,91.0,1.0,41.8,0.2,3.0,2,73300000_1976-05-30 00:00:00.0_1988-05-23 00:00:00.0,1976-05-30,1988-05-23
73300000,1976-05-30 00:00:00.0,1988-05-23 00:00:00.0,2,3.0,1,1,91.0,209.0,1.0,54.7674,0.47,1.588,2,73300000_1976-05-30 00:00:00.0_1988-05-23 00:00:00.0,1976-05-30,1988-05-23
73300000,1976-05-30 00:00:00.0,1988-05-23 00:00:00.0,3,3.0,1,1,209.0,450.0,1.0,50.0,0.48,1.8,2,73300000_1976-05-30 00:00:00.0_1988-05-23 00:00:00.0,1976-05-30,1988-05-23
73300000,1988-05-24 00:00:00.0,1998-04-16 00:00:00.0,1,3.0,1,1,40.0,95.0,1.0,41.8,0.2,3.0,2,73300000_1988-05-24 00:00:00.0_1998-04-16 00:00:00.0,1988-05-24,1998-04-16
73300000,1988-05-24 00:00:00.0,1998-04-16 00:00:00.0,2,3.0,1,1,95.0,215.0,1.0,65.6409,0.56,1.4,2,73300000_1988-05-24 00:00:00.0_1998-04-16 00:00:00.0,1988-05-24,1998-04-16
73300000,1988-05-24 00:00:00.0,1998-04-16 00:00:00.0,3,3.0,1,1,215.0,400.0,1.0,50.0,0.48,1.8,2,73300000_1988-05-24 00:00:00.0_1998-04-16 00:00:00.0,1988-05-24,1998-04-16
73300000,1998-04-17 00:00:00.0,2004-07-15 00:00:00.0,1,3.0,1,1,50.0,86.0,1.0,50.5,0.34,2.01,2,73300000_1998-04-17 00:00:00.0_2004-07-15 00:00:00.0,1998-04-17,2004-07-15
73300000,1998-04-17 00:00:00.0,2004-07-15 00:00:00.0,2,3.0,1,1,86.0,243.0,1.0,75.1696,0.59,1.3,2,73300000_1998-04-17 00:00:00.0_2004-07-15 00:00:00.0,1998-04-17,2004-07-15
73300000,1998-04-17 00:00:00.0,2004-07-15 00:00:00.0,3,3.0,1,1,243.0,400.0,1.0,50.0,0.48,1.8,2,73300000_1998-04-17 00:00:00.0_2004-07-15 00:00:00.0,1998-04-17,2004-07-15
73300000,2004-07-16 00:00:00.0,2015-01-02 00:00:00.0,1,3.0,1,1,50.0,95.0,1.0,41.8,0.2,3.0,2,73300000_2004-07-16 00:00:00.0_2015-01-02 00:00:00.0,2004-07-16,2015-01-02
73300000,2004-07-16 00:00:00.0,2015-01-02 00:00:00.0,2,3.0,1,1,95.0,215.0,1.0,65.6409,0.56,1.4,2,73300000_2004-07-16 00:00:00.0_2015-01-02 00:00:00.0,2004-07-16,2015-01-02
73300000,2004-07-16 00:00:00.0,2015-01-02 00:00:00.0,3,3.0,1,1,215.0,450.0,1.0,50.0,0.48,1.8,2,73300000_2004-07-16 00:00:00.0_2015-01-02 00:00:00.0,2004-07-16,2015-01-02
73300000,2015-01-03 00:00:00.0,2022-05-02 00:00:00.0,1,4.0,1,1,50.0,80.0,1.0,47.972,0.2,2.927,2,73300000_2015-01-03 00:00:00.0_2022-05-02 00:00:00.0,2015-01-03,2022-05-02
73300000,2015-01-03 00:00:00.0,2022-05-02 00:00:00.0,2,4.0,1,1,80.0,180.0,1.0,66.182,0.55,1.311,2,73300000_2015-01-03 00:00:00.0_2022-05-02 00:00:00.0,2015-01-03,2022-05-02
73300000,2015-01-03 00:00:00.0,2022-05-02 00:00:00.0,3,4.0,1,1,180.0,215.0,1.0,65.6409,0.56,1.4,2,73300000_2015-01-03 00:00:00.0_2022-05-02 00:00:00.0,2015-01-03,2022-05-02
73300000,2015-01-03 00:00:00.0,2022-05-02 00:00:00.0,4,4.0,1,1,215.0,450.0,1.0,50.0,0.48,1.8,2,73300000_2015-01-03 00:00:00.0_2022-05-02 00:00:00.0,2015-01-03,2022-05-02
73300000,2022-05-03 00:00:00.0,2023-12-31 00:00:00.0,1,3.0,1,1,60.0,99.0,1.0,39.766,0.15,2.8,2,73300000_2022-05-03 00:00:00.0_2023-12-31 00:00:00.0,2022-05-03,2023-12-31
73300000,2022-05-03 00:00:00.0,2023-12-31 00:00:00.0,2,3.0,1,1,99.0,207.0,1.0,42.3641,0.27,1.7,2,73300000_2022-05-03 00:00:00.0_2023-12-31 00:00:00.0,2022-05-03,2023-12-31
73300000,2022-05-03 00:00:00.0,2023-12-31 00:00:00.0,3,3.0,1,1,207.0,450.0,1.0,50.0,0.48,1.8,2,73300000_2022-05-03 00:00:00.0_2023-12-31 00:00:00.0,2022-05-03,2023-12-31
73300000,2024-01-01 00:00:00.0,2026-12-31 00:00:00.0,1,4.0,1,1,50.0,80.0,1.0,47.972,0.2,2.927,1,73300000_2024-01-01 00:00:00.0_2026-12-31 00:00:00.0,2024-01-01,2026-12-31
73300000,2024-01-01 00:00:00.0,2026-12-31 00:00:00.0,2,4.0,1,1,80.0,180.0,1.0,66.182,0.55,1.311,1,73300000_2024-01-01 00:00:00.0_2026-12-31 00:00:00.0,2024-01-01,2026-12-31
73300000,2024-01-01 00:00:00.0,2026-12-31 00:00:00.0,3,4.0,1,1,180.0,215.0,1.0,65.6409,0.56,1.4,1,73300000_2024-01-01 00:00:00.0_2026-12-31 00:00:00.0,2024-01-01,2026-12-31
73300000,2024-01-01 00:00:00.0,2026-12-31 00:00:00.0,4,4.0,1,1,215.0,450.0,1.0,50.0,0.48,1.8,1,73300000_2024-01-01 00:00:00.0_2026-12-31 00:00:00.0,2024-01-01,2026-12-31
73350000,1969-09-01 00:00:00.0,1976-11-04 00:00:00.0,1,3,1,1,50.0,132.0,1.0,33.0,0.21,1.88,2,73350000_1969-09-01 00:00:00.0_1976-11-04 00:00:00.0,1969-09-01,1976-11-04
73350000,1969-09-01 00:00:00.0,1976-11-04 00:00:00.0,2,3,1,1,132.0,291.0,1.0,38.764,0.3,1.774,2,73350000_1969-09-01 00:00:00.0_1976-11-04 00:00:00.0,1969-09-01,1976-11-04
73350000,1969-09-01 00:00:00.0,1976-11-04 00:00:00.0,3,3,1,1,291.0,800.0,1.0,42.1546,0.32,1.7,2,73350000_1969-09-01 00:00:00.0_1976-11-04 00:00:00.0,1969-09-01,1976-11-04
73350000,1976-11-05 00:00:00.0,1985-11-04 00:00:00.0,1,3,1,1,40.0,71.0,1.0,44.8325,0.26,1.791,2,73350000_1976-11-05 00:00:00.0_1985-11-04 00:00:00.0,1976-11-05,1985-11-04
73350000,1976-11-05 00:00:00.0,1985-11-04 00:00:00.0,2,3,1,1,71.0,286.0,1.0,42.1216,0.27,1.666,2,73350000_1976-11-05 00:00:00.0_1985-11-04 00:00:00.0,1976-11-05,1985-11-04
73350000,1976-11-05 00:00:00.0,1985-11-04 00:00:00.0,3,3,1,1,286.0,950.0,1.0,42.1546,0.32,1.7,2,73350000_1976-11-05 00:00:00.0_1985-11-04 00:00:00.0,1976-11-05,1985-11-04
73350000,1985-11-05 00:00:00.0,2015-01-02 00:00:00.0,1,2,1,1,30.0,291.0,1.0,38.764,0.3,1.774,2,73350000_1985-11-05 00:00:00.0_2015-01-02 00:00:00.0,1985-11-05,2015-01-02
73350000,1985-11-05 00:00:00.0,2015-01-02 00:00:00.0,2,2,1,1,291.0,1000.0,1.0,42.1546,0.32,1.7,2,73350000_1985-11-05 00:00:00.0_2015-01-02 00:00:00.0,1985-11-05,2015-01-02
73350000,2015-01-03 00:00:00.0,2017-05-31 00:00:00.0,1,4,1,1,40.0,83.0,1.0,21.5953,0.19,1.992,2,73350000_2015-01-03 00:00:00.0_2017-05-31 00:00:00.0,2015-01-03,2017-05-31
73350000,2015-01-03 00:00:00.0,2017-05-31 00:00:00.0,2,4,1,1,83.0,139.0,1.0,41.6306,0.38,1.935,2,73350000_2015-01-03 00:00:00.0_2017-05-31 00:00:00.0,2015-01-03,2017-05-31
73350000,2015-01-03 00:00:00.0,2017-05-31 00:00:00.0,3,4,1,1,139.0,316.0,1.0,36.8873,0.31,1.822,2,73350000_2015-01-03 00:00:00.0_2017-05-31 00:00:00.0,2015-01-03,2017-05-31
73350000,2015-01-03 00:00:00.0,2017-05-31 00:00:00.0,4,4,1,1,316.0,1000.0,1.0,42.1546,0.32,1.7,2,73350000_2015-01-03 00:00:00.0_2017-05-31 00:00:00.0,2015-01-03,2017-05-31
73350000,2017-06-01 00:00:00.0,2022-10-10 00:00:00.0,1,4,1,1,40.0,83.0,1.0,18.351,0.12,1.993,2,73350000_2017-06-01 00:00:00.0_2022-10-10 00:00:00.0,2017-06-01,2022-10-10
73350000,2017-06-01 00:00:00.0,2022-10-10 00:00:00.0,2,4,1,1,83.0,139.0,1.0,47.2492,0.43,1.776,2,73350000_2017-06-01 00:00:00.0_2022-10-10 00:00:00.0,2017-06-01,2022-10-10
73350000,2017-06-01 00:00:00.0,2022-10-10 00:00:00.0,3,4,1,1,139.0,241.0,1.0,38.1953,0.31,1.822,2,73350000_2017-06-01 00:00:00.0_2022-10-10 00:00:00.0,2017-06-01,2022-10-10
73350000,2017-06-01 00:00:00.0,2022-10-10 00:00:00.0,4,4,1,1,241.0,1000.0,1.0,42.1546,0.32,1.7,2,73350000_2017-06-01 00:00:00.0_2022-10-10 00:00:00.0,2017-06-01,2022-10-10
73350000,2022-10-11 00:00:00.0,2023-12-31 00:00:00.0,1,4,1,1,50.0,82.0,1.0,19.5854,0.2,1.7,2,73350000_2022-10-11 00:00:00.0_2023-12-31 00:00:00.0,2022-10-11,2023-12-31
73350000,2022-10-11 00:00:00.0,2023-12-31 00:00:00.0,2,4,1,1,82.0,141.0,1.0,43.1508,0.43,1.7,2,73350000_2022-10-11 00:00:00.0_2023-12-31 00:00:00.0,2022-10-11,2023-12-31
73350000,2022-10-11 00:00:00.0,2023-12-31 00:00:00.0,3,4,1,1,141.0,237.0,1.0,43.2477,0.43,1.803,2,73350000_2022-10-11 00:00:00.0_2023-12-31 00:00:00.0,2022-10-11,2023-12-31
73350000,2022-10-11 00:00:00.0,2023-12-31 00:00:00.0,4,4,1,1,237.0,1000.0,1.0,42.1546,0.32,1.7,2,73350000_2022-10-11 00:00:00.0_2023-12-31 00:00:00.0,2022-10-11,2023-12-31
73350000,2024-01-01 00:00:00.0,2026-12-31 00:00:00.0,1,4,1,1,14.0,83.0,1.0,18.351,0.12,1.993,1,73350000_2024-01-01 00:00:00.0_2026-12-31 00:00:00.0,2024-01-01,2026-12-31
73350000,2024-01-01 00:00:00.0,2026-12-31 00:00:00.0,2,3,1,1,83.0,139.0,1.0,47.2492,0.43,1.776,1,73350000_2024-01-01 00:00:00.0_2026-12-31 00:00:00.0,2024-01-01,2026-12-31
73350000,2024-01-01 00:00:00.0,2026-12-31 00:00:00.0,3,4,1,1,139.0,241.0,1.0,38.1953,0.31,1.822,1,73350000_2024-01-01 00:00:00.0_2026-12-31 00:00:00.0,2024-01-01,2026-12-31
73350000,2024-01-01 00:00:00.0,2026-12-31 00:00:00.0,4,4,1,1,241.0,1000.0,1.0,42.1546,0.32,1.7,1,73350000_2024-01-01 00:00:00.0_2026-12-31 00:00:00.0,2024-01-01,2026-12-31
73600000,1953-04-01 00:00:00.0,1956-08-01 00:00:00.0,1,3,1,1,40.0,149.0,1.0,101.0,0.23,1.942,2,73600000_1953-04-01 00:00:00.0_1956-08-01 00:00:00.0,1953-04-01,1956-08-01
73600000,1953-04-01 00:00:00.0,1956-08-01 00:00:00.0,2,3,1,1,149.0,246.0,1.0,102.7694,0.22,1.8,2,73600000_1953-04-01 00:00:00.0_1956-08-01 00:00:00.0,1953-04-01,1956-08-01
73600000,1953-04-01 00:00:00.0,1956-08-01 00:00:00.0,3,3,1,1,246.0,350.0,1.0,120.2349,0.09,1.5,2,73600000_1953-04-01 00:00:00.0_1956-08-01 00:00:00.0,1953-04-01,1956-08-01
73600000,1956-08-02 00:00:00.0,1965-10-03 00:00:00.0,1,3,1,1,40.0,126.0,1.0,100.8221,0.27,1.942,2,73600000_1956-08-02 00:00:00.0_1965-10-03 00:00:00.0,1956-08-02,1965-10-03
73600000,1956-08-02 00:00:00.0,1965-10-03 00:00:00.0,2,3,1,1,126.0,253.0,1.0,144.2665,0.47,1.6,2,73600000_1956-08-02 00:00:00.0_1965-10-03 00:00:00.0,1956-08-02,1965-10-03
73600000,1956-08-02 00:00:00.0,1965-10-03 00:00:00.0,3,3,1,1,253.0,350.0,1.0,120.2349,0.09,1.5,2,73600000_1956-08-02 00:00:00.0_1965-10-03 00:00:00.0,1956-08-02,1965-10-03
73600000,1967-07-17 00:00:00.0,1983-09-16 00:00:00.0,1,3,1,1,30.0,149.0,1.0,101.0,0.23,1.942,2,73600000_1967-07-17 00:00:00.0_1983-09-16 00:00:00.0,1967-07-17,1983-09-16
73600000,1967-07-17 00:00:00.0,1983-09-16 00:00:00.0,2,3,1,1,149.0,246.0,1.0,102.7694,0.22,1.8,2,73600000_1967-07-17 00:00:00.0_1983-09-16 00:00:00.0,1967-07-17,1983-09-16
73600000,1967-07-17 00:00:00.0,1983-09-16 00:00:00.0,3,3,1,1,246.0,500.0,1.0,120.2349,0.09,1.5,2,73600000_1967-07-17 00:00:00.0_1983-09-16 00:00:00.0,1967-07-17,1983-09-16
73600000,1983-09-17 00:00:00.0,2015-01-02 00:00:00.0,1,4,1,1,30.0,61.0,1.0,101.0,0.23,1.942,2,73600000_1983-09-17 00:00:00.0_2015-01-02 00:00:00.0,1983-09-17,2015-01-02
73600000,1983-09-17 00:00:00.0,2015-01-02 00:00:00.0,2,4,1,1,61.0,81.0,1.0,163.0,0.38,1.594,2,73600000_1983-09-17 00:00:00.0_2015-01-02 00:00:00.0,1983-09-17,2015-01-02
73600000,1983-09-17 00:00:00.0,2015-01-02 00:00:00.0,3,4,1,1,81.0,331.0,1.0,204.5645,0.54,1.2,2,73600000_1983-09-17 00:00:00.0_2015-01-02 00:00:00.0,1983-09-17,2015-01-02
73600000,1983-09-17 00:00:00.0,2015-01-02 00:00:00.0,4,4,1,1,331.0,400.0,1.0,120.2349,0.09,1.5,2,73600000_1983-09-17 00:00:00.0_2015-01-02 00:00:00.0,1983-09-17,2015-01-02
73600000,2015-01-03 00:00:00.0,2023-12-31 00:00:00.0,1,4,1,1,40.0,100.0,1.0,163.7643,0.39,1.733,2,73600000_2015-01-03 00:00:00.0_2023-12-31 00:00:00.0,2015-01-03,2023-12-31
73600000,2015-01-03 00:00:00.0,2023-12-31 00:00:00.0,2,4,1,1,100.0,151.0,1.0,75.2029,0.04,2.0,2,73600000_2015-01-03 00:00:00.0_2023-12-31 00:00:00.0,2015-01-03,2023-12-31
73600000,2015-01-03 00:00:00.0,2023-12-31 00:00:00.0,3,4,1,1,151.0,246.0,1.0,102.7694,0.22,1.8,2,73600000_2015-01-03 00:00:00.0_2023-12-31 00:00:00.0,2015-01-03,2023-12-31
73600000,2015-01-03 00:00:00.0,2023-12-31 00:00:00.0,4,4,1,1,246.0,500.0,1.0,120.2349,0.09,1.5,2,73600000_2015-01-03 00:00:00.0_2023-12-31 00:00:00.0,2015-01-03,2023-12-31
73600000,2024-01-01 00:00:00.0,2026-12-31 00:00:00.0,1,4,1,1,40.0,80.0,1.0,163.7643,0.39,1.733,1,73600000_2024-01-01 00:00:00.0_2026-12-31 00:00:00.0,2024-01-01,2026-12-31
73600000,2024-01-01 00:00:00.0,2026-12-31 00:00:00.0,2,4,1,1,80.0,206.0,1.0,136.3835,0.38,1.57,1,73600000_2024-01-01 00:00:00.0_2026-12-31 00:00:00.0,2024-01-01,2026-12-31
73600000,2024-01-01 00:00:00.0,2026-12-31 00:00:00.0,3,4,1,1,246.0,500.0,1.0,120.2349,0.09,1.5,1,73600000_2024-01-01 00:00:00.0_2026-12-31 00:00:00.0,2024-01-01,2026-12-31
73600000,2024-01-01 00:00:00.0,2026-12-31 00:00:00.0,3,4,1,1,206.0,246.0,1.0,102.7694,0.22,1.8,1,73600000_2024-01-01 00:00:00.0_2026-12-31 00:00:00.0,2024-01-01,2026-12-31
73765000,1976-01-01 00:00:00.0,2000-09-13 00:00:00.0,1,3,1,1,70.0,101.0,1.0,17.5501,0.66,3.0,2,73765000_1976-01-01 00:00:00.0_2000-09-13 00:00:00.0,1976-01-01,2000-09-13
73765000,1976-01-01 00:00:00.0,2000-09-13 00:00:00.0,2,3,1,1,101.0,191.0,1.0,10.1189,0.62,2.78,2,73765000_1976-01-01 00:00:00.0_2000-09-13 00:00:00.0,1976-01-01,2000-09-13
73765000,1976-01-01 00:00:00.0,2000-09-13 00:00:00.0,3,3,1,1,191.0,700.0,1.0,12.2,0.63,2.11,2,73765000_1976-01-01 00:00:00.0_2000-09-13 00:00:00.0,1976-01-01,2000-09-13
73765000,2000-09-14 00:00:00.0,2007-11-13 00:00:00.0,1,2,1,1,70.0,192.0,1.0,11.7255,0.66,2.5,2,73765000_2000-09-14 00:00:00.0_2007-11-13 00:00:00.0,2000-09-14,2007-11-13
73765000,2000-09-14 00:00:00.0,2007-11-13 00:00:00.0,2,2,1,1,192.0,550.0,1.0,12.2,0.63,2.11,2,73765000_2000-09-14 00:00:00.0_2007-11-13 00:00:00.0,2000-09-14,2007-11-13
73765000,2007-11-14 00:00:00.0,2023-12-31 00:00:00.0,1,3,1,1,60.0,105.0,1.0,20.7478,0.71,2.843,2,73765000_2007-11-14 00:00:00.0_2023-12-31 00:00:00.0,2007-11-14,2023-12-31
73765000,2007-11-14 00:00:00.0,2023-12-31 00:00:00.0,2,3,1,1,105.0,191.0,1.0,10.1189,0.62,2.78,2,73765000_2007-11-14 00:00:00.0_2023-12-31 00:00:00.0,2007-11-14,2023-12-31
73765000,2007-11-14 00:00:00.0,2023-12-31 00:00:00.0,3,3,1,1,191.0,700.0,1.0,12.2,0.63,2.11,2,73765000_2007-11-14 00:00:00.0_2023-12-31 00:00:00.0,2007-11-14,2023-12-31
73765000,2024-01-01 00:00:00.0,2026-12-31 00:00:00.0,1,3,1,1,49.0,101.0,1.0,5.3207,0.46,3.788,1,73765000_2024-01-01 00:00:00.0_2026-12-31 00:00:00.0,2024-01-01,2026-12-31
73765000,2024-01-01 00:00:00.0,2026-12-31 00:00:00.0,2,3,1,1,101.0,154.0,1.0,17.0435,0.85,1.871,1,73765000_2024-01-01 00:00:00.0_2026-12-31 00:00:00.0,2024-01-01,2026-12-31
73765000,2024-01-01 00:00:00.0,2026-12-31 00:00:00.0,3,3,1,1,154.0,850.0,1.0,26.8732,1.08,1.48,1,73765000_2024-01-01 00:00:00.0_2026-12-31 00:00:00.0,2024-01-01,2026-12-31
73770000,1979-01-01 00:00:00.0,2000-10-15 00:00:00.0,1,,1,1,30.0,1100.0,1.0,99.22,0.15,1.543,2,73770000_1979-01-01 00:00:00.0_2000-10-15 00:00:00.0,1979-01-01,2000-10-15
73770000,2000-10-16 00:00:00.0,2011-09-08 00:00:00.0,1,2.0,1,1,20.0,500.0,1.0,85.4754,0.05,1.668,2,73770000_2000-10-16 00:00:00.0_2011-09-08 00:00:00.0,2000-10-16,2011-09-08
73770000,2000-10-16 00:00:00.0,2011-09-08 00:00:00.0,2,2.0,1,1,500.0,800.0,1.0,85.4754,-0.59,1.55,2,73770000_2000-10-16 00:00:00.0_2011-09-08 00:00:00.0,2000-10-16,2011-09-08
73770000,2011-09-09 00:00:00.0,2015-07-14 00:00:00.0,1,2.0,1,1,40.0,265.0,1.0,93.748,0.14,1.598,2,73770000_2011-09-09 00:00:00.0_2015-07-14 00:00:00.0,2011-09-09,2015-07-14
73770000,2011-09-09 00:00:00.0,2015-07-14 00:00:00.0,2,2.0,1,1,265.0,1000.0,1.0,99.22,0.15,1.543,2,73770000_2011-09-09 00:00:00.0_2015-07-14 00:00:00.0,2011-09-09,2015-07-14
73770000,2015-07-15 00:00:00.0,2023-12-31 00:00:00.0,1,3.0,1,1,10.0,110.0,1.0,81.2847,0.02,1.837,2,73770000_2015-07-15 00:00:00.0_2023-12-31 00:00:00.0,2015-07-15,2023-12-31
73770000,2015-07-15 00:00:00.0,2023-12-31 00:00:00.0,2,3.0,1,1,110.0,470.0,1.0,106.15,0.18,1.505,2,73770000_2015-07-15 00:00:00.0_2023-12-31 00:00:00.0,2015-07-15,2023-12-31
73770000,2015-07-15 00:00:00.0,2023-12-31 00:00:00.0,3,3.0,1,1,470.0,1200.0,1.0,99.22,0.15,1.543,2,73770000_2015-07-15 00:00:00.0_2023-12-31 00:00:00.0,2015-07-15,2023-12-31
73770000,2024-01-01 00:00:00.0,2026-12-31 00:00:00.0,1,3.0,1,1,5.0,110.0,1.0,81.2847,0.02,1.837,1,73770000_2024-01-01 00:00:00.0_2026-12-31 00:00:00.0,2024-01-01,2026-12-31
73770000,2024-01-01 00:00:00.0,2026-12-31 00:00:00.0,2,3.0,1,1,110.0,470.0,1.0,106.15,0.18,1.505,1,73770000_2024-01-01 00:00:00.0_2026-12-31 00:00:00.0,2024-01-01,2026-12-31
73770000,2024-01-01 00:00:00.0,2026-12-31 00:00:00.0,3,3.0,1,1,470.0,1200.0,1.0,99.22,0.15,1.543,1,73770000_2024-01-01 00:00:00.0_2026-12-31 00:00:00.0,2024-01-01,2026-12-31
73900000,1953-01-01 00:00:00.0,1954-07-14 00:00:00.0,1,3.0,1,1,40.0,99.0,1.0,30.4024,0.29,1.5,2,73900000_1953-01-01 00:00:00.0_1954-07-14 00:00:00.0,1953-01-01,1954-07-14
73900000,1953-01-01 00:00:00.0,1954-07-14 00:00:00.0,2,3.0,1,1,99.0,161.0,1.0,42.381,0.42,1.54,2,73900000_1953-01-01 00:00:00.0_1954-07-14 00:00:00.0,1953-01-01,1954-07-14
73900000,1953-01-01 00:00:00.0,1954-07-14 00:00:00.0,3,3.0,1,1,161.0,400.0,1.0,32.2883,0.21,1.6,2,73900000_1953-01-01 00:00:00.0_1954-07-14 00:00:00.0,1953-01-01,1954-07-14
73900000,1954-07-15 00:00:00.0,1954-07-28 00:00:00.0,1,,1,1,130.0,350.0,1.0,49.7485,0.94,1.5,2,73900000_1954-07-15 00:00:00.0_1954-07-28 00:00:00.0,1954-07-15,1954-07-28
73900000,1954-07-29 00:00:00.0,1959-05-27 00:00:00.0,1,4.0,1,1,30.0,67.0,1.0,29.7843,0.24,2.7,2,73900000_1954-07-29 00:00:00.0_1959-05-27 00:00:00.0,1954-07-29,1959-05-27
73900000,1954-07-29 00:00:00.0,1959-05-27 00:00:00.0,2,4.0,1,1,67.0,110.0,1.0,40.92,0.48,1.557,2,73900000_1954-07-29 00:00:00.0_1959-05-27 00:00:00.0,1954-07-29,1959-05-27
73900000,1954-07-29 00:00:00.0,1959-05-27 00:00:00.0,3,4.0,1,1,110.0,382.0,1.0,34.3723,0.4,1.6,2,73900000_1954-07-29 00:00:00.0_1959-05-27 00:00:00.0,1954-07-29,1959-05-27
73900000,1954-07-29 00:00:00.0,1959-05-27 00:00:00.0,4,4.0,1,1,382.0,450.0,1.0,34.4,0.64,1.7,2,73900000_1954-07-29 00:00:00.0_1959-05-27 00:00:00.0,1954-07-29,1959-05-27
73900000,1959-05-28 00:00:00.0,1975-12-08 00:00:00.0,1,3.0,1,1,40.0,130.0,1.0,25.2,0.37,1.9,2,73900000_1959-05-28 00:00:00.0_1975-12-08 00:00:00.0,1959-05-28,1975-12-08
73900000,1959-05-28 00:00:00.0,1975-12-08 00:00:00.0,2,3.0,1,1,130.0,214.0,1.0,24.9537,0.37,1.769,2,73900000_1959-05-28 00:00:00.0_1975-12-08 00:00:00.0,1959-05-28,1975-12-08
73900000,1959-05-28 00:00:00.0,1975-12-08 00:00:00.0,3,3.0,1,1,214.0,550.0,1.0,34.4,0.64,1.7,2,73900000_1959-05-28 00:00:00.0_1975-12-08 00:00:00.0,1959-05-28,1975-12-08
73900000,1975-12-09 00:00:00.0,1977-11-11 00:00:00.0,1,2.0,1,1,50.0,214.0,1.0,24.9537,0.37,1.769,2,73900000_1975-12-09 00:00:00.0_1977-11-11 00:00:00.0,1975-12-09,1977-11-11
73900000,1975-12-09 00:00:00.0,1977-11-11 00:00:00.0,2,2.0,1,1,214.0,500.0,1.0,34.4,0.64,1.7,2,73900000_1975-12-09 00:00:00.0_1977-11-11 00:00:00.0,1975-12-09,1977-11-11
73900000,1977-11-12 00:00:00.0,1978-07-18 00:00:00.0,1,3.0,1,1,40.0,67.0,1.0,16.0,0.31,1.6,2,73900000_1977-11-12 00:00:00.0_1978-07-18 00:00:00.0,1977-11-12,1978-07-18
73900000,1977-11-12 00:00:00.0,1978-07-18 00:00:00.0,2,3.0,1,1,67.0,110.0,1.0,40.92,0.48,1.557,2,73900000_1977-11-12 00:00:00.0_1978-07-18 00:00:00.0,1977-11-12,1978-07-18
73900000,1977-11-12 00:00:00.0,1978-07-18 00:00:00.0,3,3.0,1,1,110.0,200.0,1.0,34.3723,0.4,1.6,2,73900000_1977-11-12 00:00:00.0_1978-07-18 00:00:00.0,1977-11-12,1978-07-18
73900000,1978-07-19 00:00:00.0,2000-06-19 00:00:00.0,1,2.0,1,1,40.0,214.0,1.0,24.9537,0.37,1.769,2,73900000_1978-07-19 00:00:00.0_2000-06-19 00:00:00.0,1978-07-19,2000-06-19
73900000,1978-07-19 00:00:00.0,2000-06-19 00:00:00.0,2,2.0,1,1,214.0,600.0,1.0,34.4,0.64,1.7,2,73900000_1978-07-19 00:00:00.0_2000-06-19 00:00:00.0,1978-07-19,2000-06-19
73900000,2000-06-20 00:00:00.0,2003-12-31 00:00:00.0,1,3.0,1,1,40.0,76.0,1.0,32.64,0.17,3.0,2,73900000_2000-06-20 00:00:00.0_2003-12-31 00:00:00.0,2000-06-20,2003-12-31
73900000,2000-06-20 00:00:00.0,2003-12-31 00:00:00.0,2,3.0,1,1,76.0,382.0,1.0,34.3723,0.4,1.6,2,73900000_2000-06-20 00:00:00.0_2003-12-31 00:00:00.0,2000-06-20,2003-12-31
73900000,2000-06-20 00:00:00.0,2003-12-31 00:00:00.0,3,3.0,1,1,382.0,450.0,1.0,34.4,0.64,1.7,2,73900000_2000-06-20 00:00:00.0_2003-12-31 00:00:00.0,2000-06-20,2003-12-31
73900000,2004-01-01 00:00:00.0,2006-11-18 00:00:00.0,1,3.0,1,1,40.0,87.0,1.0,28.3214,0.11,3.0,2,73900000_2004-01-01 00:00:00.0_2006-11-18 00:00:00.0,2004-01-01,2006-11-18
73900000,2004-01-01 00:00:00.0,2006-11-18 00:00:00.0,2,3.0,1,1,87.0,161.0,1.0,42.381,0.42,1.54,2,73900000_2004-01-01 00:00:00.0_2006-11-18 00:00:00.0,2004-01-01,2006-11-18
73900000,2004-01-01 00:00:00.0,2006-11-18 00:00:00.0,3,3.0,1,1,161.0,400.0,1.0,32.2883,0.21,1.6,2,73900000_2004-01-01 00:00:00.0_2006-11-18 00:00:00.0,2004-01-01,2006-11-18
73900000,2006-11-19 00:00:00.0,2011-03-29 00:00:00.0,1,3.0,1,1,40.0,76.0,1.0,32.64,0.17,3.0,2,73900000_2006-11-19 00:00:00.0_2011-03-29 00:00:00.0,2006-11-19,2011-03-29
73900000,2006-11-19 00:00:00.0,2011-03-29 00:00:00.0,2,3.0,1,1,76.0,382.0,1.0,34.3723,0.4,1.6,2,73900000_2006-11-19 00:00:00.0_2011-03-29 00:00:00.0,2006-11-19,2011-03-29
73900000,2006-11-19 00:00:00.0,2011-03-29 00:00:00.0,3,3.0,1,1,382.0,450.0,1.0,34.4,0.64,1.7,2,73900000_2006-11-19 00:00:00.0_2011-03-29 00:00:00.0,2006-11-19,2011-03-29
73900000,2011-03-30 00:00:00.0,2015-07-14 00:00:00.0,1,4.0,1,1,30.0,67.0,1.0,29.7843,0.24,2.7,2,73900000_2011-03-30 00:00:00.0_2015-07-14 00:00:00.0,2011-03-30,2015-07-14
73900000,2011-03-30 00:00:00.0,2015-07-14 00:00:00.0,2,4.0,1,1,67.0,110.0,1.0,40.92,0.48,1.557,2,73900000_2011-03-30 00:00:00.0_2015-07-14 00:00:00.0,2011-03-30,2015-07-14
73900000,2011-03-30 00:00:00.0,2015-07-14 00:00:00.0,3,4.0,1,1,110.0,382.0,1.0,34.3723,0.4,1.6,2,73900000_2011-03-30 00:00:00.0_2015-07-14 00:00:00.0,2011-03-30,2015-07-14
73900000,2011-03-30 00:00:00.0,2015-07-14 00:00:00.0,4,4.0,1,1,382.0,900.0,1.0,34.4,0.64,1.7,2,73900000_2011-03-30 00:00:00.0_2015-07-14 00:00:00.0,2011-03-30,2015-07-14
73900000,2015-07-15 00:00:00.0,2023-12-31 00:00:00.0,1,4.0,1,1,20.0,70.0,1.0,33.9484,0.15,3.449,2,73900000_2015-07-15 00:00:00.0_2023-12-31 00:00:00.0,2015-07-15,2023-12-31
73900000,2015-07-15 00:00:00.0,2023-12-31 00:00:00.0,2,4.0,1,1,70.0,120.0,1.0,43.367,0.53,1.302,2,73900000_2015-07-15 00:00:00.0_2023-12-31 00:00:00.0,2015-07-15,2023-12-31
73900000,2015-07-15 00:00:00.0,2023-12-31 00:00:00.0,3,4.0,1,1,120.0,382.0,1.0,47.793,0.56,1.386,2,73900000_2015-07-15 00:00:00.0_2023-12-31 00:00:00.0,2015-07-15,2023-12-31
73900000,2015-07-15 00:00:00.0,2023-12-31 00:00:00.0,4,4.0,1,1,382.0,900.0,1.0,34.4,0.64,1.7,2,73900000_2015-07-15 00:00:00.0_2023-12-31 00:00:00.0,2015-07-15,2023-12-31
73900000,2024-01-01 00:00:00.0,2026-12-31 00:00:00.0,1,4.0,1,1,25.0,70.0,1.0,33.9484,0.15,3.449,1,73900000_2024-01-01 00:00:00.0_2026-12-31 00:00:00.0,2024-01-01,2026-12-31
73900000,2024-01-01 00:00:00.0,2026-12-31 00:00:00.0,2,4.0,1,1,70.0,120.0,1.0,43.367,0.53,1.302,1,73900000_2024-01-01 00:00:00.0_2026-12-31 00:00:00.0,2024-01-01,2026-12-31
73900000,2024-01-01 00:00:00.0,2026-12-31 00:00:00.0,3,4.0,1,1,120.0,382.0,1.0,47.793,0.56,1.386,1,73900000_2024-01-01 00:00:00.0_2026-12-31 00:00:00.0,2024-01-01,2026-12-31
73900000,2024-01-01 00:00:00.0,2026-12-31 00:00:00.0,4,4.0,1,1,382.0,900.0,1.0,34.4,0.64,1.7,1,73900000_2024-01-01 00:00:00.0_2026-12-31 00:00:00.0,2024-01-01,2026-12-31
73960000,1972-03-01 00:00:00.0,1973-06-25 00:00:00.0,1,3,1,1,130.0,185.0,1.0,202.7003,0.94,1.83,2,73960000_1972-03-01 00:00:00.0_1973-06-25 00:00:00.0,1972-03-01,1973-06-25
73960000,1972-03-01 00:00:00.0,1973-06-25 00:00:00.0,2,3,1,1,185.0,343.0,1.0,381.5458,1.31,1.3,2,73960000_1972-03-01 00:00:00.0_1973-06-25 00:00:00.0,1972-03-01,1973-06-25
73960000,1972-03-01 00:00:00.0,1973-06-25 00:00:00.0,3,3,1,1,343.0,750.0,1.0,295.9724,1.17,1.51,2,73960000_1972-03-01 00:00:00.0_1973-06-25 00:00:00.0,1972-03-01,1973-06-25
73960000,1973-06-26 00:00:00.0,1974-09-20 00:00:00.0,1,2,1,1,130.0,294.0,1.0,199.0908,1.0,1.9,2,73960000_1973-06-26 00:00:00.0_1974-09-20 00:00:00.0,1973-06-26,1974-09-20
73960000,1973-06-26 00:00:00.0,1974-09-20 00:00:00.0,2,2,1,1,294.0,450.0,1.0,295.9724,1.17,1.51,2,73960000_1973-06-26 00:00:00.0_1974-09-20 00:00:00.0,1973-06-26,1974-09-20
73960000,1974-09-21 00:00:00.0,1989-09-15 00:00:00.0,1,2,1,1,110.0,234.0,1.0,202.7003,0.94,1.83,2,73960000_1974-09-21 00:00:00.0_1989-09-15 00:00:00.0,1974-09-21,1989-09-15
73960000,1974-09-21 00:00:00.0,1989-09-15 00:00:00.0,2,2,1,1,234.0,850.0,1.0,295.9724,1.17,1.51,2,73960000_1974-09-21 00:00:00.0_1989-09-15 00:00:00.0,1974-09-21,1989-09-15
73960000,1989-09-16 00:00:00.0,1995-05-26 00:00:00.0,1,3,1,1,120.0,190.0,1.0,202.7003,0.93,1.83,2,73960000_1989-09-16 00:00:00.0_1995-05-26 00:00:00.0,1989-09-16,1995-05-26
73960000,1989-09-16 00:00:00.0,1995-05-26 00:00:00.0,2,3,1,1,190.0,343.0,1.0,381.5458,1.31,1.3,2,73960000_1989-09-16 00:00:00.0_1995-05-26 00:00:00.0,1989-09-16,1995-05-26
73960000,1989-09-16 00:00:00.0,1995-05-26 00:00:00.0,3,3,1,1,343.0,800.0,1.0,295.9724,1.17,1.51,2,73960000_1989-09-16 00:00:00.0_1995-05-26 00:00:00.0,1989-09-16,1995-05-26
73960000,1995-05-27 00:00:00.0,2000-10-14 00:00:00.0,1,2,1,1,120.0,251.0,1.0,216.2024,0.99,1.806,2,73960000_1995-05-27 00:00:00.0_2000-10-14 00:00:00.0,1995-05-27,2000-10-14
73960000,1995-05-27 00:00:00.0,2000-10-14 00:00:00.0,2,2,1,1,251.0,700.0,1.0,295.9724,1.17,1.51,2,73960000_1995-05-27 00:00:00.0_2000-10-14 00:00:00.0,1995-05-27,2000-10-14
73960000,2000-10-15 00:00:00.0,2005-06-16 00:00:00.0,1,3,1,1,120.0,181.0,1.0,216.0,0.98,1.806,2,73960000_2000-10-15 00:00:00.0_2005-06-16 00:00:00.0,2000-10-15,2005-06-16
73960000,2000-10-15 00:00:00.0,2005-06-16 00:00:00.0,2,3,1,1,181.0,343.0,1.0,381.5458,1.31,1.3,2,73960000_2000-10-15 00:00:00.0_2005-06-16 00:00:00.0,2000-10-15,2005-06-16
73960000,2000-10-15 00:00:00.0,2005-06-16 00:00:00.0,3,3,1,1,343.0,550.0,1.0,295.9724,1.17,1.51,2,73960000_2000-10-15 00:00:00.0_2005-06-16 00:00:00.0,2000-10-15,2005-06-16
73960000,2005-06-17 00:00:00.0,2008-10-05 00:00:00.0,1,3,1,1,120.0,269.0,1.0,210.0,0.91,1.83,2,73960000_2005-06-17 00:00:00.0_2008-10-05 00:00:00.0,2005-06-17,2008-10-05
73960000,2005-06-17 00:00:00.0,2008-10-05 00:00:00.0,2,3,1,1,269.0,360.0,1.0,217.7679,0.8,1.6,2,73960000_2005-06-17 00:00:00.0_2008-10-05 00:00:00.0,2005-06-17,2008-10-05
73960000,2005-06-17 00:00:00.0,2008-10-05 00:00:00.0,3,3,1,1,360.0,650.0,1.0,295.9724,1.17,1.51,2,73960000_2005-06-17 00:00:00.0_2008-10-05 00:00:00.0,2005-06-17,2008-10-05
73960000,2008-10-06 00:00:00.0,2015-01-02 00:00:00.0,1,2,1,1,110.0,241.0,1.0,204.9,0.95,1.83,2,73960000_2008-10-06 00:00:00.0_2015-01-02 00:00:00.0,2008-10-06,2015-01-02
73960000,2008-10-06 00:00:00.0,2015-01-02 00:00:00.0,2,2,1,1,241.0,800.0,1.0,295.9724,1.17,1.51,2,73960000_2008-10-06 00:00:00.0_2015-01-02 00:00:00.0,2008-10-06,2015-01-02
73960000,2015-01-03 00:00:00.0,2017-11-04 00:00:00.0,1,3,1,1,120.0,184.0,1.0,240.8253,1.03,1.87,2,73960000_2015-01-03 00:00:00.0_2017-11-04 00:00:00.0,2015-01-03,2017-11-04
73960000,2015-01-03 00:00:00.0,2017-11-04 00:00:00.0,2,3,1,1,184.0,416.0,1.0,360.8836,1.28,1.376,2,73960000_2015-01-03 00:00:00.0_2017-11-04 00:00:00.0,2015-01-03,2017-11-04
73960000,2015-01-03 00:00:00.0,2017-11-04 00:00:00.0,3,3,1,1,416.0,950.0,1.0,295.9724,1.17,1.51,2,73960000_2015-01-03 00:00:00.0_2017-11-04 00:00:00.0,2015-01-03,2017-11-04
73960000,2017-11-05 00:00:00.0,2022-03-24 00:00:00.0,1,3,1,1,109.0,265.0,1.0,226.0917,1.0,1.8,2,73960000_2017-11-05 00:00:00.0_2022-03-24 00:00:00.0,2017-11-05,2022-03-24
73960000,2017-11-05 00:00:00.0,2022-03-24 00:00:00.0,2,3,1,1,265.0,416.0,1.0,360.8836,1.28,1.376,2,73960000_2017-11-05 00:00:00.0_2022-03-24 00:00:00.0,2017-11-05,2022-03-24
73960000,2017-11-05 00:00:00.0,2022-03-24 00:00:00.0,3,3,1,1,416.0,950.0,1.0,295.9724,1.17,1.51,2,73960000_2017-11-05 00:00:00.0_2022-03-24 00:00:00.0,2017-11-05,2022-03-24
73960000,2022-03-25 00:00:00.0,2023-12-31 00:00:00.0,1,3,1,1,120.0,267.0,1.0,236.9613,1.04,1.79,2,73960000_2022-03-25 00:00:00.0_2023-12-31 00:00:00.0,2022-03-25,2023-12-31
73960000,2022-03-25 00:00:00.0,2023-12-31 00:00:00.0,2,3,1,1,267.0,416.0,1.0,360.8836,1.28,1.376,2,73960000_2022-03-25 00:00:00.0_2023-12-31 00:00:00.0,2022-03-25,2023-12-31
73960000,2022-03-25 00:00:00.0,2023-12-31 00:00:00.0,3,3,1,1,416.0,950.0,1.0,295.9724,1.17,1.51,2,73960000_2022-03-25 00:00:00.0_2023-12-31 00:00:00.0,2022-03-25,2023-12-31
73960000,2024-01-01 00:00:00.0,2026-12-31 00:00:00.0,1,3,1,1,105.0,195.0,1.0,233.4999,1.01,1.869,1,73960000_2024-01-01 00:00:00.0_2026-12-31 00:00:00.0,2024-01-01,2026-12-31
73960000,2024-01-01 00:00:00.0,2026-12-31 00:00:00.0,2,3,1,1,195.0,396.0,1.0,360.8836,1.28,1.376,1,73960000_2024-01-01 00:00:00.0_2026-12-31 00:00:00.0,2024-01-01,2026-12-31
73960000,2024-01-01 00:00:00.0,2026-12-31 00:00:00.0,3,3,1,1,396.0,810.0,1.0,295.9724,1.17,1.51,1,73960000_2024-01-01 00:00:00.0_2026-12-31 00:00:00.0,2024-01-01,2026-12-31
74100000,1948-08-03 00:00:00.0,1951-10-15 00:00:00.0,1,4,1,1,110.0,162.0,1.0,508.9753,0.67,2.455,2,74100000_1948-08-03 00:00:00.0_1951-10-15 00:00:00.0,1948-08-03,1951-10-15
74100000,1948-08-03 00:00:00.0,1951-10-15 00:00:00.0,2,4,1,1,162.0,392.0,1.0,672.9103,0.87,1.43,2,74100000_1948-08-03 00:00:00.0_1951-10-15 00:00:00.0,1948-08-03,1951-10-15
74100000,1948-08-03 00:00:00.0,1951-10-15 00:00:00.0,3,4,1,1,392.0,456.0,1.0,730.7575,0.72,1.3,2,74100000_1948-08-03 00:00:00.0_1951-10-15 00:00:00.0,1948-08-03,1951-10-15
74100000,1948-08-03 00:00:00.0,1951-10-15 00:00:00.0,4,4,1,1,456.0,1800.0,1.0,180.746,-0.71,1.893,2,74100000_1948-08-03 00:00:00.0_1951-10-15 00:00:00.0,1948-08-03,1951-10-15
74100000,1951-10-16 00:00:00.0,1953-09-19 00:00:00.0,1,3,1,1,110.0,390.0,1.0,537.3282,0.65,1.537,2,74100000_1951-10-16 00:00:00.0_1953-09-19 00:00:00.0,1951-10-16,1953-09-19
74100000,1951-10-16 00:00:00.0,1953-09-19 00:00:00.0,2,3,1,1,390.0,456.0,1.0,730.7575,0.72,1.3,2,74100000_1951-10-16 00:00:00.0_1953-09-19 00:00:00.0,1951-10-16,1953-09-19
74100000,1951-10-16 00:00:00.0,1953-09-19 00:00:00.0,3,3,1,1,456.0,1800.0,1.0,180.746,-0.71,1.893,2,74100000_1951-10-16 00:00:00.0_1953-09-19 00:00:00.0,1951-10-16,1953-09-19
74100000,1971-07-05 00:00:00.0,1980-07-31 00:00:00.0,1,4,1,1,80.0,262.0,1.0,263.5476,0.15,2.1,2,74100000_1971-07-05 00:00:00.0_1980-07-31 00:00:00.0,1971-07-05,1980-07-31
74100000,1971-07-05 00:00:00.0,1980-07-31 00:00:00.0,2,4,1,1,262.0,309.0,1.0,605.6734,0.48,1.4,2,74100000_1971-07-05 00:00:00.0_1980-07-31 00:00:00.0,1971-07-05,1980-07-31
74100000,1971-07-05 00:00:00.0,1980-07-31 00:00:00.0,3,4,1,1,309.0,956.0,1.0,918.4537,1.05,1.3,2,74100000_1971-07-05 00:00:00.0_1980-07-31 00:00:00.0,1971-07-05,1980-07-31
74100000,1971-07-05 00:00:00.0,1980-07-31 00:00:00.0,4,4,1,1,956.0,1800.0,1.0,180.746,-0.71,1.893,2,74100000_1971-07-05 00:00:00.0_1980-07-31 00:00:00.0,1971-07-05,1980-07-31
74100000,1980-08-01 00:00:00.0,1992-05-28 00:00:00.0,1,4,1,1,80.0,211.0,1.0,247.2455,0.09,2.25,2,74100000_1980-08-01 00:00:00.0_1992-05-28 00:00:00.0,1980-08-01,1992-05-28
74100000,1980-08-01 00:00:00.0,1992-05-28 00:00:00.0,2,4,1,1,211.0,309.0,1.0,605.6734,0.48,1.4,2,74100000_1980-08-01 00:00:00.0_1992-05-28 00:00:00.0,1980-08-01,1992-05-28
74100000,1980-08-01 00:00:00.0,1992-05-28 00:00:00.0,3,4,1,1,309.0,956.0,1.0,918.4537,1.05,1.3,2,74100000_1980-08-01 00:00:00.0_1992-05-28 00:00:00.0,1980-08-01,1992-05-28
74100000,1980-08-01 00:00:00.0,1992-05-28 00:00:00.0,4,4,1,1,956.0,1800.0,1.0,180.746,-0.71,1.893,2,74100000_1980-08-01 00:00:00.0_1992-05-28 00:00:00.0,1980-08-01,1992-05-28
74100000,1992-05-29 00:00:00.0,2005-10-18 00:00:00.0,1,3,1,1,80.0,252.0,1.0,278.1604,0.16,2.05,2,74100000_1992-05-29 00:00:00.0_2005-10-18 00:00:00.0,1992-05-29,2005-10-18
74100000,1992-05-29 00:00:00.0,2005-10-18 00:00:00.0,2,3,1,1,252.0,1030.0,1.0,408.4412,0.17,1.609,2,74100000_1992-05-29 00:00:00.0_2005-10-18 00:00:00.0,1992-05-29,2005-10-18
74100000,1992-05-29 00:00:00.0,2005-10-18 00:00:00.0,3,3,1,1,1030.0,1800.0,1.0,180.746,-0.71,1.893,2,74100000_1992-05-29 00:00:00.0_2005-10-18 00:00:00.0,1992-05-29,2005-10-18
74100000,2005-10-19 00:00:00.0,2012-10-29 00:00:00.0,1,4,1,1,80.0,209.0,1.0,247.2455,0.09,2.25,2,74100000_2005-10-19 00:00:00.0_2012-10-29 00:00:00.0,2005-10-19,2012-10-29
74100000,2005-10-19 00:00:00.0,2012-10-29 00:00:00.0,2,4,1,1,209.0,278.0,1.0,247.2089,-0.09,2.0,2,74100000_2005-10-19 00:00:00.0_2012-10-29 00:00:00.0,2005-10-19,2012-10-29
74100000,2005-10-19 00:00:00.0,2012-10-29 00:00:00.0,3,4,1,1,278.0,1049.0,1.0,1065.066,1.1,1.25,2,74100000_2005-10-19 00:00:00.0_2012-10-29 00:00:00.0,2005-10-19,2012-10-29
74100000,2005-10-19 00:00:00.0,2012-10-29 00:00:00.0,4,4,1,1,1049.0,1800.0,1.0,180.746,-0.71,1.893,2,74100000_2005-10-19 00:00:00.0_2012-10-29 00:00:00.0,2005-10-19,2012-10-29
74100000,2012-10-30 00:00:00.0,2023-12-31 00:00:00.0,1,3,1,1,80.0,249.0,1.0,290.6657,0.19,2.021,2,74100000_2012-10-30 00:00:00.0_2023-12-31 00:00:00.0,2012-10-30,2023-12-31
74100000,2012-10-30 00:00:00.0,2023-12-31 00:00:00.0,2,3,1,1,249.0,457.0,1.0,628.2628,0.54,1.366,2,74100000_2012-10-30 00:00:00.0_2023-12-31 00:00:00.0,2012-10-30,2023-12-31
74100000,2012-10-30 00:00:00.0,2023-12-31 00:00:00.0,3,3,1,1,457.0,1800.0,1.0,180.746,-0.71,1.893,2,74100000_2012-10-30 00:00:00.0_2023-12-31 00:00:00.0,2012-10-30,2023-12-31
74100000,2024-01-01 00:00:00.0,2026-12-31 00:00:00.0,1,3,1,1,80.0,249.0,1.0,290.6657,0.19,2.021,1,74100000_2024-01-01 00:00:00.0_2026-12-31 00:00:00.0,2024-01-01,2026-12-31
74100000,2024-01-01 00:00:00.0,2026-12-31 00:00:00.0,2,3,1,1,249.0,457.0,1.0,628.2628,0.54,1.366,1,74100000_2024-01-01 00:00:00.0_2026-12-31 00:00:00.0,2024-01-01,2026-12-31
74100000,2024-01-01 00:00:00.0,2026-12-31 00:00:00.0,3,3,1,1,457.0,1800.0,1.0,180.746,-0.71,1.893,1,74100000_2024-01-01 00:00:00.0_2026-12-31 00:00:00.0,2024-01-01,2026-12-31
66400390,2015-08-01 00:00:00.0,2016-11-13 00:00:00.0,1,2,1,1,40.0,135.0,1.0,35.2622,0.19,1.9,1,66400390_2015-08-01 00:00:00.0_2016-11-13 00:00:00.0,2015-08-01,2016-11-13
66400390,2015-08-01 00:00:00.0,2016-11-13 00:00:00.0,2,2,1,1,135.0,700.0,1.0,93.277,0.75,1.35,1,66400390_2015-08-01 00:00:00.0_2016-11-13 00:00:00.0,2015-08-01,2016-11-13
66400390,2016-11-14 00:00:00.0,2019-04-12 00:00:00.0,1,2,1,1,40.0,129.0,1.0,42.9212,0.09,1.7,1,66400390_2016-11-14 00:00:00.0_2019-04-12 00:00:00.0,2016-11-14,2019-04-12
66400390,2016-11-14 00:00:00.0,2019-04-12 00:00:00.0,2,2,1,1,129.0,700.0,1.0,95.6323,0.6,1.32,1,66400390_2016-11-14 00:00:00.0_2019-04-12 00:00:00.0,2016-11-14,2019-04-12
66400390,2019-04-13 00:00:00.0,2023-12-31 00:00:00.0,1,2,1,1,30.0,166.0,1.0,44.9077,-0.02,1.6,1,66400390_2019-04-13 00:00:00.0_2023-12-31 00:00:00.0,2019-04-13,2023-12-31
66400390,2019-04-13 00:00:00.0,2023-12-31 00:00:00.0,2,2,1,1,166.0,700.0,1.0,95.6323,0.6,1.32,1,66400390_2019-04-13 00:00:00.0_2023-12-31 00:00:00.0,2019-04-13,2023-12-31
71385400,2017-11-12 00:00:00.0,2019-06-13 00:00:00.0,1,4,1,1,180.0,227.0,1.0,100.5852,1.77,1.7,1,71385400_2017-11-12 00:00:00.0_2019-06-13 00:00:00.0,2017-11-12,2019-06-13
71385400,2017-11-12 00:00:00.0,2019-06-13 00:00:00.0,2,4,1,1,227.0,246.0,1.0,286.5471,1.96,1.9,1,71385400_2017-11-12 00:00:00.0_2019-06-13 00:00:00.0,2017-11-12,2019-06-13
71385400,2017-11-12 00:00:00.0,2019-06-13 00:00:00.0,3,4,1,1,246.0,307.0,1.0,164.5781,1.96,1.1,1,71385400_2017-11-12 00:00:00.0_2019-06-13 00:00:00.0,2017-11-12,2019-06-13
71385400,2017-11-12 00:00:00.0,2019-06-13 00:00:00.0,4,4,1,1,307.0,550.0,1.0,77.9983,1.13,1.3,1,71385400_2017-11-12 00:00:00.0_2019-06-13 00:00:00.0,2017-11-12,2019-06-13
71385400,2019-06-14 00:00:00.0,2020-09-14 00:00:00.0,1,4,1,1,210.0,233.0,1.0,73.9685,1.97,1.9,1,71385400_2019-06-14 00:00:00.0_2020-09-14 00:00:00.0,2019-06-14,2020-09-14
71385400,2019-06-14 00:00:00.0,2020-09-14 00:00:00.0,2,4,1,1,233.0,250.0,1.0,450.7462,2.27,1.295,1,71385400_2019-06-14 00:00:00.0_2020-09-14 00:00:00.0,2019-06-14,2020-09-14
71385400,2019-06-14 00:00:00.0,2020-09-14 00:00:00.0,3,4,1,1,250.0,325.0,1.0,174.5,2.08,1.1,1,71385400_2019-06-14 00:00:00.0_2020-09-14 00:00:00.0,2019-06-14,2020-09-14
71385400,2019-06-14 00:00:00.0,2020-09-14 00:00:00.0,4,4,1,1,325.0,550.0,1.0,77.9983,1.13,1.3,1,71385400_2019-06-14 00:00:00.0_2020-09-14 00:00:00.0,2019-06-14,2020-09-14
71385400,2020-09-15 00:00:00.0,2022-03-16 00:00:00.0,1,4,1,1,210.0,233.0,1.0,73.9685,1.88,1.9,1,71385400_2020-09-15 00:00:00.0_2022-03-16 00:00:00.0,2020-09-15,2022-03-16
71385400,2020-09-15 00:00:00.0,2022-03-16 00:00:00.0,2,4,1,1,233.0,251.0,1.0,455.6387,2.25,1.295,1,71385400_2020-09-15 00:00:00.0_2022-03-16 00:00:00.0,2020-09-15,2022-03-16
71385400,2020-09-15 00:00:00.0,2022-03-16 00:00:00.0,3,4,1,1,251.0,308.0,1.0,174.5,2.02,1.1,1,71385400_2020-09-15 00:00:00.0_2022-03-16 00:00:00.0,2020-09-15,2022-03-16
71385400,2020-09-15 00:00:00.0,2022-03-16 00:00:00.0,4,4,1,1,308.0,750.0,1.0,77.9983,1.13,1.3,1,71385400_2020-09-15 00:00:00.0_2022-03-16 00:00:00.0,2020-09-15,2022-03-16
71385400,2022-03-17 00:00:00.0,2022-12-31 00:00:00.0,1,3,1,1,210.0,269.0,1.0,545.6965,2.31,1.9,1,71385400_2022-03-17 00:00:00.0_2022-12-31 00:00:00.0,2022-03-17,2022-12-31
71385400,2022-03-17 00:00:00.0,2022-12-31 00:00:00.0,2,3,1,1,269.0,467.0,1.0,70.8336,1.52,1.295,1,71385400_2022-03-17 00:00:00.0_2022-12-31 00:00:00.0,2022-03-17,2022-12-31
71385400,2022-03-17 00:00:00.0,2022-12-31 00:00:00.0,3,3,1,1,467.0,750.0,1.0,100.9235,2.28,1.3,1,71385400_2022-03-17 00:00:00.0_2022-12-31 00:00:00.0,2022-03-17,2022-12-31
71386500,2016-03-01 00:00:00.0,2017-10-13 00:00:00.0,1,,1,1,100.0,750.0,1.0,63.0885,0.47,1.43,1,71386500_2016-03-01 00:00:00.0_2017-10-13 00:00:00.0,2016-03-01,2017-10-13
71386500,2017-10-14 00:00:00.0,2022-12-31 00:00:00.0,1,2.0,1,1,190.0,356.0,1.0,39.4863,1.81,1.885,1,71386500_2017-10-14 00:00:00.0_2022-12-31 00:00:00.0,2017-10-14,2022-12-31
71386500,2017-10-14 00:00:00.0,2022-12-31 00:00:00.0,2,2.0,1,1,356.0,750.0,1.0,99.7787,2.46,1.347,1,71386500_2017-10-14 00:00:00.0_2022-12-31 00:00:00.0,2017-10-14,2022-12-31
71890500,2015-05-01 00:00:00.0,2022-12-31 00:00:00.0,1,2,1,1,53.0,95.0,1.0,8.163,0.53,1.912,2,71890500_2015-05-01 00:00:00.0_2022-12-31 00:00:00.0,2015-05-01,2022-12-31
71890500,2015-05-01 00:00:00.0,2022-12-31 00:00:00.0,2,2,1,1,95.0,365.0,5.0,8.772,0.53,1.985,2,71890500_2015-05-01 00:00:00.0_2022-12-31 00:00:00.0,2015-05-01,2022-12-31
72080000,2015-09-07 00:00:00.0,2024-12-31 00:00:00.0,1,1,1,1,54.0,580.0,10.0,41.3194,0.54,1.509,1,72080000_2015-09-07 00:00:00.0_2024-12-31 00:00:00.0,2015-09-07,2024-12-31
73203000,2018-10-01 00:00:00.0,2024-12-31 00:00:00.0,1,2,1,1,11.0,88.0,10.0,56.36,0.11,1.959,1,73203000_2018-10-01 00:00:00.0_2024-12-31 00:00:00.0,2018-10-01,2024-12-31
73203000,2018-10-01 00:00:00.0,2024-12-31 00:00:00.0,2,2,1,1,88.0,850.0,10.0,18.013,-0.59,1.602,1,73203000_2018-10-01 00:00:00.0_2024-12-31 00:00:00.0,2018-10-01,2024-12-31
73204000,2018-10-01 00:00:00.0,2023-12-31 00:00:00.0,1,1,1,1,348.0,895.0,10.0,15.121,2.58,1.679,1,73204000_2018-10-01 00:00:00.0_2023-12-31 00:00:00.0,2018-10-01,2023-12-31
73204000,2018-10-01 00:00:00.0,2023-12-31 00:00:00.0,1,1,1,1,190.0,348.0,10.0,5.8984,1.9,1.665,1,73204000_2018-10-01 00:00:00.0_2023-12-31 00:00:00.0,2018-10-01,2023-12-31
73330250,2015-09-01 00:00:00.0,2020-12-31 00:00:00.0,1,1,1,1,82.0,146.0,10.0,27.236,0.82,1.873,2,73330250_2015-09-01 00:00:00.0_2020-12-31 00:00:00.0,2015-09-01,2020-12-31
73330250,2015-09-01 00:00:00.0,2020-12-31 00:00:00.0,2,1,1,1,146.0,274.0,10.0,39.977,1.0,1.57,2,73330250_2015-09-01 00:00:00.0_2020-12-31 00:00:00.0,2015-09-01,2020-12-31
73330250,2015-09-01 00:00:00.0,2020-12-31 00:00:00.0,3,1,1,1,274.0,600.0,10.0,71.184,1.5,1.363,2,73330250_2015-09-01 00:00:00.0_2020-12-31 00:00:00.0,2015-09-01,2020-12-31
73340000,2012-01-01 00:00:00.0,2016-01-30 00:00:00.0,1,2,1,1,-20.0,180.0,5.0,20.9691,-0.43,2.559,1,73340000_2012-01-01 00:00:00.0_2016-01-30 00:00:00.0,2012-01-01,2016-01-30
73340000,2012-01-01 00:00:00.0,2016-01-30 00:00:00.0,2,2,1,1,180.0,800.0,5.0,9.7724,-1.5,2.358,1,73340000_2012-01-01 00:00:00.0_2016-01-30 00:00:00.0,2012-01-01,2016-01-30
73340000,2016-01-31 00:00:00.0,2023-12-31 00:00:00.0,1,2,1,1,97.0,280.0,5.0,47.306,0.97,1.9211,1,73340000_2016-01-31 00:00:00.0_2023-12-31 00:00:00.0,2016-01-31,2023-12-31
73340000,2016-01-31 00:00:00.0,2023-12-31 00:00:00.0,2,2,1,1,280.0,850.0,5.0,54.329,0.97,1.687,1,73340000_2016-01-31 00:00:00.0_2023-12-31 00:00:00.0,2016-01-31,2023-12-31
73552000,2013-06-06 00:00:00.0,2023-12-31 00:00:00.0,1,1,1,1,235.0,380.0,10.0,3.811,-0.24,2.322,1,73552000_2013-06-06 00:00:00.0_2023-12-31 00:00:00.0,2013-06-06,2023-12-31
73552000,2013-06-06 00:00:00.0,2023-12-31 00:00:00.0,1,1,1,1,95.0,235.0,10.0,18.9463,0.72,1.241,1,73552000_2013-06-06 00:00:00.0_2023-12-31 00:00:00.0,2013-06-06,2023-12-31
73552000,2013-06-06 00:00:00.0,2023-12-31 00:00:00.0,1,1,1,1,50.0,95.0,10.0,13.4452,0.46,2.074,1,73552000_2013-06-06 00:00:00.0_2023-12-31 00:00:00.0,2013-06-06,2023-12-31
73553000,2013-06-06 00:00:00.0,2023-12-31 00:00:00.0,1,2,1,1,105.0,200.0,10.0,39.918,1.05,1.793,1,73553000_2013-06-06 00:00:00.0_2023-12-31 00:00:00.0,2013-06-06,2023-12-31
73553000,2013-06-06 00:00:00.0,2023-12-31 00:00:00.0,2,2,1,1,200.0,380.0,10.0,18.437,0.54,1.711,1,73553000_2013-06-06 00:00:00.0_2023-12-31 00:00:00.0,2013-06-06,2023-12-31
73560000,2007-11-01 00:00:00.0,2023-12-31 00:00:00.0,1,3,1,1,14.0,58.0,5.0,151.53,0.14,3.9912,1,73560000_2007-11-01 00:00:00.0_2023-12-31 00:00:00.0,2007-11-01,2023-12-31
73560000,2007-11-01 00:00:00.0,2023-12-31 00:00:00.0,2,3,1,1,58.0,100.0,5.0,130.04,0.42,1.7095,1,73560000_2007-11-01 00:00:00.0_2023-12-31 00:00:00.0,2007-11-01,2023-12-31
73560000,2007-11-01 00:00:00.0,2023-12-31 00:00:00.0,3,3,1,1,100.0,420.0,5.0,51.847,0.01,1.767,1,73560000_2007-11-01 00:00:00.0_2023-12-31 00:00:00.0,2007-11-01,2023-12-31
73570000,2007-11-27 00:00:00.0,2023-12-31 00:00:00.0,1,3,1,1,2.0,80.0,10.0,15.89,-0.25,2.9784,1,73570000_2007-11-27 00:00:00.0_2023-12-31 00:00:00.0,2007-11-27,2023-12-31
73570000,2007-11-27 00:00:00.0,2023-12-31 00:00:00.0,2,3,1,1,80.0,250.0,10.0,51.021,0.26,1.603,1,73570000_2007-11-27 00:00:00.0_2023-12-31 00:00:00.0,2007-11-27,2023-12-31
73570000,2007-11-27 00:00:00.0,2023-12-31 00:00:00.0,3,3,1,1,250.0,490.0,10.0,39.994,0.0,1.675,1,73570000_2007-11-27 00:00:00.0_2023-12-31 00:00:00.0,2007-11-27,2023-12-31
73600700,2013-04-21 00:00:00.0,2020-12-31 00:00:00.0,1,,1,1,120.0,350.0,,185.1861,1.15,1.867,2,73600700_2013-04-21 00:00:00.0_2020-12-31 00:00:00.0,2013-04-21,2020-12-31
73691000,2013-07-01 00:00:00.0,2020-12-31 00:00:00.0,1,1,1,1,-20.0,162.0,1.0,16.928,-0.12,1.8646,1,73691000_2013-07-01 00:00:00.0_2020-12-31 00:00:00.0,2013-07-01,2020-12-31
73691000,2013-07-01 00:00:00.0,2020-12-31 00:00:00.0,2,1,1,1,162.0,1070.0,1.0,2.6459,-2.6,2.003,1,73691000_2013-07-01 00:00:00.0_2020-12-31 00:00:00.0,2013-07-01,2020-12-31
74295000,1976-01-01 00:00:00.0,1977-12-06 00:00:00.0,1,4,1,1,50.0,73.0,1.0,23.2,0.23,3.0,2,74295000_1976-01-01 00:00:00.0_1977-12-06 00:00:00.0,1976-01-01,1977-12-06
74295000,1976-01-01 00:00:00.0,1977-12-06 00:00:00.0,2,4,1,1,73.0,152.0,1.0,32.0,0.47,1.782,2,74295000_1976-01-01 00:00:00.0_1977-12-06 00:00:00.0,1976-01-01,1977-12-06
74295000,1976-01-01 00:00:00.0,1977-12-06 00:00:00.0,3,4,1,1,152.0,234.0,1.0,33.1115,0.48,1.3,2,74295000_1976-01-01 00:00:00.0_1977-12-06 00:00:00.0,1976-01-01,1977-12-06
74295000,1976-01-01 00:00:00.0,1977-12-06 00:00:00.0,4,4,1,1,234.0,700.0,1.0,25.9595,0.39,1.573,2,74295000_1976-01-01 00:00:00.0_1977-12-06 00:00:00.0,1976-01-01,1977-12-06
74295000,1977-12-07 00:00:00.0,1981-12-06 00:00:00.0,1,3,1,1,50.0,91.0,1.0,27.8235,0.28,3.0,2,74295000_1977-12-07 00:00:00.0_1981-12-06 00:00:00.0,1977-12-07,1981-12-06
74295000,1977-12-07 00:00:00.0,1981-12-06 00:00:00.0,2,3,1,1,91.0,131.0,1.0,30.4,0.45,1.902,2,74295000_1977-12-07 00:00:00.0_1981-12-06 00:00:00.0,1977-12-07,1981-12-06
74295000,1977-12-07 00:00:00.0,1981-12-06 00:00:00.0,3,3,1,1,131.0,400.0,1.0,25.9595,0.39,1.573,2,74295000_1977-12-07 00:00:00.0_1981-12-06 00:00:00.0,1977-12-07,1981-12-06
74295000,1981-12-07 00:00:00.0,1995-04-19 00:00:00.0,1,4,1,1,40.0,65.0,1.0,25.0,0.26,3.0,2,74295000_1981-12-07 00:00:00.0_1995-04-19 00:00:00.0,1981-12-07,1995-04-19
74295000,1981-12-07 00:00:00.0,1995-04-19 00:00:00.0,2,4,1,1,65.0,152.0,1.0,32.0,0.47,1.782,2,74295000_1981-12-07 00:00:00.0_1995-04-19 00:00:00.0,1981-12-07,1995-04-19
74295000,1981-12-07 00:00:00.0,1995-04-19 00:00:00.0,3,4,1,1,152.0,234.0,1.0,33.1115,0.48,1.3,2,74295000_1981-12-07 00:00:00.0_1995-04-19 00:00:00.0,1981-12-07,1995-04-19
74295000,1981-12-07 00:00:00.0,1995-04-19 00:00:00.0,4,4,1,1,234.0,700.0,1.0,25.9595,0.39,1.573,2,74295000_1981-12-07 00:00:00.0_1995-04-19 00:00:00.0,1981-12-07,1995-04-19
74295000,1995-04-20 00:00:00.0,2000-07-09 00:00:00.0,1,3,1,1,50.0,72.0,1.0,18.0425,0.25,3.0,2,74295000_1995-04-20 00:00:00.0_2000-07-09 00:00:00.0,1995-04-20,2000-07-09
74295000,1995-04-20 00:00:00.0,2000-07-09 00:00:00.0,2,3,1,1,72.0,140.0,1.0,30.5167,0.47,2.013,2,74295000_1995-04-20 00:00:00.0_2000-07-09 00:00:00.0,1995-04-20,2000-07-09
74295000,1995-04-20 00:00:00.0,2000-07-09 00:00:00.0,3,3,1,1,140.0,450.0,1.0,25.9595,0.39,1.573,2,74295000_1995-04-20 00:00:00.0_2000-07-09 00:00:00.0,1995-04-20,2000-07-09
74295000,2000-07-10 00:00:00.0,2022-03-24 00:00:00.0,1,3,1,1,40.0,69.0,1.0,9.6,0.31,2.241,2,74295000_2000-07-10 00:00:00.0_2022-03-24 00:00:00.0,2000-07-10,2022-03-24
74295000,2000-07-10 00:00:00.0,2022-03-24 00:00:00.0,2,3,1,1,69.0,144.0,1.0,33.445,0.53,1.861,2,74295000_2000-07-10 00:00:00.0_2022-03-24 00:00:00.0,2000-07-10,2022-03-24
74295000,2000-07-10 00:00:00.0,2022-03-24 00:00:00.0,3,3,1,1,144.0,700.0,1.0,25.9595,0.39,1.573,2,74295000_2000-07-10 00:00:00.0_2022-03-24 00:00:00.0,2000-07-10,2022-03-24
74295000,2022-03-25 00:00:00.0,2023-12-31 00:00:00.0,1,3,1,1,50.0,72.0,1.0,18.0425,0.25,3.0,2,74295000_2022-03-25 00:00:00.0_2023-12-31 00:00:00.0,2022-03-25,2023-12-31
74295000,2022-03-25 00:00:00.0,2023-12-31 00:00:00.0,2,3,1,1,72.0,140.0,1.0,30.5167,0.47,2.013,2,74295000_2022-03-25 00:00:00.0_2023-12-31 00:00:00.0,2022-03-25,2023-12-31
74295000,2022-03-25 00:00:00.0,2023-12-31 00:00:00.0,3,3,1,1,140.0,700.0,1.0,25.9595,0.39,1.573,2,74295000_2022-03-25 00:00:00.0_2023-12-31 00:00:00.0,2022-03-25,2023-12-31
74295000,2024-01-01 00:00:00.0,2026-12-31 00:00:00.0,1,3,1,1,6.0,63.0,,6.0792,0.06,3.972,1,74295000_2024-01-01 00:00:00.0_2026-12-31 00:00:00.0,2024-01-01,2026-12-31
74295000,2024-01-01 00:00:00.0,2026-12-31 00:00:00.0,2,3,1,1,63.0,145.0,,31.3612,0.5,1.898,1,74295000_2024-01-01 00:00:00.0_2026-12-31 00:00:00.0,2024-01-01,2026-12-31
74295000,2024-01-01 00:00:00.0,2026-12-31 00:00:00.0,3,3,1,1,145.0,610.0,,25.9595,0.39,1.573,1,74295000_2024-01-01 00:00:00.0_2026-12-31 00:00:00.0,2024-01-01,2026-12-31
74300000,2000-05-01 00:00:00.0,2005-10-28 00:00:00.0,1,3,1,1,50.0,135.0,1.0,43.0859,0.29,2.748,2,74300000_2000-05-01 00:00:00.0_2005-10-28 00:00:00.0,2000-05-01,2005-10-28
74300000,2000-05-01 00:00:00.0,2005-10-28 00:00:00.0,2,3,1,1,135.0,314.0,1.0,86.0202,0.71,1.2,2,74300000_2000-05-01 00:00:00.0_2005-10-28 00:00:00.0,2000-05-01,2005-10-28
74300000,2000-05-01 00:00:00.0,2005-10-28 00:00:00.0,3,3,1,1,314.0,1250.0,1.0,54.8083,0.5,1.562,2,74300000_2000-05-01 00:00:00.0_2005-10-28 00:00:00.0,2000-05-01,2005-10-28
74300000,2005-10-29 00:00:00.0,2010-05-19 00:00:00.0,1,3,1,1,50.0,96.0,1.0,47.4565,0.37,2.4,2,74300000_2005-10-29 00:00:00.0_2010-05-19 00:00:00.0,2005-10-29,2010-05-19
74300000,2005-10-29 00:00:00.0,2010-05-19 00:00:00.0,2,3,1,1,96.0,126.0,1.0,66.0048,0.55,1.79,2,74300000_2005-10-29 00:00:00.0_2010-05-19 00:00:00.0,2005-10-29,2010-05-19
74300000,2005-10-29 00:00:00.0,2010-05-19 00:00:00.0,3,3,1,1,126.0,1250.0,1.0,54.8083,0.5,1.562,2,74300000_2005-10-29 00:00:00.0_2010-05-19 00:00:00.0,2005-10-29,2010-05-19
74300000,2010-05-20 00:00:00.0,2015-01-01 00:00:00.0,1,3,1,1,50.0,113.0,1.0,48.75,0.36,2.7,2,74300000_2010-05-20 00:00:00.0_2015-01-01 00:00:00.0,2010-05-20,2015-01-01
74300000,2010-05-20 00:00:00.0,2015-01-01 00:00:00.0,2,3,1,1,113.0,171.0,1.0,63.0523,0.6,1.516,2,74300000_2010-05-20 00:00:00.0_2015-01-01 00:00:00.0,2010-05-20,2015-01-01
74300000,2010-05-20 00:00:00.0,2015-01-01 00:00:00.0,3,3,1,1,171.0,1250.0,1.0,54.8083,0.5,1.562,2,74300000_2010-05-20 00:00:00.0_2015-01-01 00:00:00.0,2010-05-20,2015-01-01
74300000,2015-01-02 00:00:00.0,2019-05-12 00:00:00.0,1,3,1,1,40.0,97.0,1.0,50.5569,0.39,2.73,2,74300000_2015-01-02 00:00:00.0_2019-05-12 00:00:00.0,2015-01-02,2019-05-12
74300000,2015-01-02 00:00:00.0,2019-05-12 00:00:00.0,2,3,1,1,97.0,174.0,1.0,64.8364,0.63,1.61,2,74300000_2015-01-02 00:00:00.0_2019-05-12 00:00:00.0,2015-01-02,2019-05-12
74300000,2015-01-02 00:00:00.0,2019-05-12 00:00:00.0,3,3,1,1,174.0,1250.0,1.0,54.8083,0.5,1.562,2,74300000_2015-01-02 00:00:00.0_2019-05-12 00:00:00.0,2015-01-02,2019-05-12
74300000,2019-05-13 00:00:00.0,2023-12-31 00:00:00.0,1,4,1,1,30.0,81.0,1.0,43.9521,0.34,2.95,2,74300000_2019-05-13 00:00:00.0_2023-12-31 00:00:00.0,2019-05-13,2023-12-31
74300000,2019-05-13 00:00:00.0,2023-12-31 00:00:00.0,2,4,1,1,81.0,97.0,1.0,50.5569,0.39,2.73,2,74300000_2019-05-13 00:00:00.0_2023-12-31 00:00:00.0,2019-05-13,2023-12-31
74300000,2019-05-13 00:00:00.0,2023-12-31 00:00:00.0,3,4,1,1,97.0,174.0,1.0,64.8364,0.63,1.61,2,74300000_2019-05-13 00:00:00.0_2023-12-31 00:00:00.0,2019-05-13,2023-12-31
74300000,2019-05-13 00:00:00.0,2023-12-31 00:00:00.0,4,4,1,1,174.0,1250.0,1.0,54.8083,0.5,1.562,2,74300000_2019-05-13 00:00:00.0_2023-12-31 00:00:00.0,2019-05-13,2023-12-31
74300000,2024-01-01 00:00:00.0,2026-12-31 00:00:00.0,1,3,1,1,37.0,98.0,1.0,41.5275,0.52,1.58,1,74300000_2024-01-01 00:00:00.0_2026-12-31 00:00:00.0,2024-01-01,2026-12-31
74300000,2024-01-01 00:00:00.0,2026-12-31 00:00:00.0,2,3,1,1,98.0,213.0,1.0,54.8712,0.57,1.692,1,74300000_2024-01-01 00:00:00.0_2026-12-31 00:00:00.0,2024-01-01,2026-12-31
74300000,2024-01-01 00:00:00.0,2026-12-31 00:00:00.0,3,3,1,1,213.0,1140.0,1.0,54.8083,0.5,1.562,1,74300000_2024-01-01 00:00:00.0_2026-12-31 00:00:00.0,2024-01-01,2026-12-31
74314970,2015-05-01 00:00:00.0,2024-12-31 00:00:00.0,1,2,1,1,30.0,123.0,10.0,19.259,0.3,3.694,1,74314970_2015-05-01 00:00:00.0_2024-12-31 00:00:00.0,2015-05-01,2024-12-31
74314970,2015-05-01 00:00:00.0,2024-12-31 00:00:00.0,2,2,1,1,123.0,1020.0,10.0,48.4193,0.84,1.258,1,74314970_2015-05-01 00:00:00.0_2024-12-31 00:00:00.0,2015-05-01,2024-12-31
74329000,2015-03-01 00:00:00.0,2023-12-31 00:00:00.0,1,2,1,1,10.0,502.0,1.0,668.4071,-0.1,1.41,2,74329000_2015-03-01 00:00:00.0_2023-12-31 00:00:00.0,2015-03-01,2023-12-31
74329000,2015-03-01 00:00:00.0,2023-12-31 00:00:00.0,2,2,1,1,502.0,1400.0,1.0,750.4458,0.5,1.45,2,74329000_2015-03-01 00:00:00.0_2023-12-31 00:00:00.0,2015-03-01,2023-12-31
74329000,2024-01-01 00:00:00.0,2026-12-31 00:00:00.0,1,3,1,1,8.0,200.0,,474.5406,-0.28,1.718,1,74329000_2024-01-01 00:00:00.0_2026-12-31 00:00:00.0,2024-01-01,2026-12-31
74329000,2024-01-01 00:00:00.0,2026-12-31 00:00:00.0,2,3,1,1,200.0,650.0,,473.709,-0.49,1.554,1,74329000_2024-01-01 00:00:00.0_2026-12-31 00:00:00.0,2024-01-01,2026-12-31
74329000,2024-01-01 00:00:00.0,2026-12-31 00:00:00.0,3,3,1,1,650.0,1400.0,,474.301,0.01,1.615,1,74329000_2024-01-01 00:00:00.0_2026-12-31 00:00:00.0,2024-01-01,2026-12-31
74467000,2010-12-17 00:00:00.0,2023-12-31 00:00:00.0,1,2,1,1,44.0,156.0,1.0,40.5425,0.44,1.8,1,74467000_2010-12-17 00:00:00.0_2023-12-31 00:00:00.0,2010-12-17,2023-12-31
74467000,2010-12-17 00:00:00.0,2023-12-31 00:00:00.0,2,2,1,1,157.0,430.0,1.0,74.1961,0.75,1.9,1,74467000_2010-12-17 00:00:00.0_2023-12-31 00:00:00.0,2010-12-17,2023-12-31
74500000,1986-01-01 00:00:00.0,1989-12-31 00:00:00.0,1,2,1,1,0.0,448.0,1.0,297.4145,-0.76,1.556,2,74500000_1986-01-01 00:00:00.0_1989-12-31 00:00:00.0,1986-01-01,1989-12-31
74500000,1986-01-01 00:00:00.0,1989-12-31 00:00:00.0,2,2,1,1,448.0,1650.0,1.0,297.4145,-1.82,1.4,2,74500000_1986-01-01 00:00:00.0_1989-12-31 00:00:00.0,1986-01-01,1989-12-31
74500000,2013-01-01 00:00:00.0,2023-12-31 00:00:00.0,1,3,1,1,-40.0,496.0,1.0,236.3946,-0.89,1.69,2,74500000_2013-01-01 00:00:00.0_2023-12-31 00:00:00.0,2013-01-01,2023-12-31
74500000,2013-01-01 00:00:00.0,2023-12-31 00:00:00.0,2,3,1,1,496.0,1651.0,1.0,338.7205,-2.03,1.35,2,74500000_2013-01-01 00:00:00.0_2023-12-31 00:00:00.0,2013-01-01,2023-12-31
74500000,2013-01-01 00:00:00.0,2023-12-31 00:00:00.0,3,3,1,1,1651.0,3150.0,1.0,297.4145,-1.82,1.4,2,74500000_2013-01-01 00:00:00.0_2023-12-31 00:00:00.0,2013-01-01,2023-12-31
74500000,2024-01-01 00:00:00.0,2026-12-31 00:00:00.0,1,3,1,1,-50.0,420.0,,166.1605,-1.21,1.837,1,74500000_2024-01-01 00:00:00.0_2026-12-31 00:00:00.0,2024-01-01,2026-12-31
74550000,2015-05-15 00:00:00.0,2024-12-31 00:00:00.0,1,2,1,1,5.0,188.0,5.0,56.806,0.07,1.889,1,74550000_2015-05-15 00:00:00.0_2024-12-31 00:00:00.0,2015-05-15,2024-12-31
74550000,2015-05-15 00:00:00.0,2024-12-31 00:00:00.0,2,2,1,1,188.0,355.0,5.0,39.8368,-0.41,1.791,1,74550000_2015-05-15 00:00:00.0_2024-12-31 00:00:00.0,2015-05-15,2024-12-31
74720000,2018-12-01 00:00:00.0,2023-12-31 00:00:00.0,1,2,1,1,100.0,1012.0,1.0,498.762,0.49,1.495,2,74720000_2018-12-01 00:00:00.0_2023-12-31 00:00:00.0,2018-12-01,2023-12-31
74720000,2018-12-01 00:00:00.0,2023-12-31 00:00:00.0,2,2,1,1,1012.0,1700.0,1.0,156.0105,-1.49,1.855,2,74720000_2018-12-01 00:00:00.0_2023-12-31 00:00:00.0,2018-12-01,2023-12-31
74720000,2024-01-01 00:00:00.0,2026-12-31 00:00:00.0,1,1,1,1,100.0,1950.0,1.0,433.6873,0.4,1.55,1,74720000_2024-01-01 00:00:00.0_2026-12-31 00:00:00.0,2024-01-01,2026-12-31
74800000,1983-01-01 00:00:00.0,1990-12-31 00:00:00.0,1,3,1,1,10.0,153.0,1.0,1027.6512,-0.25,1.2,2,74800000_1983-01-01 00:00:00.0_1990-12-31 00:00:00.0,1983-01-01,1990-12-31
74800000,1983-01-01 00:00:00.0,1990-12-31 00:00:00.0,2,3,1,1,153.0,463.0,1.0,1683.028,0.35,1.2,2,74800000_1983-01-01 00:00:00.0_1990-12-31 00:00:00.0,1983-01-01,1990-12-31
74800000,1983-01-01 00:00:00.0,1990-12-31 00:00:00.0,3,3,1,1,463.0,1850.0,1.0,724.2797,-2.17,1.35,2,74800000_1983-01-01 00:00:00.0_1990-12-31 00:00:00.0,1983-01-01,1990-12-31
74800000,2012-01-01 00:00:00.0,2023-12-31 00:00:00.0,1,3,1,1,10.0,147.0,1.0,764.8812,-0.3,1.658,2,74800000_2012-01-01 00:00:00.0_2023-12-31 00:00:00.0,2012-01-01,2023-12-31
74800000,2012-01-01 00:00:00.0,2023-12-31 00:00:00.0,2,3,1,1,147.0,499.0,1.0,1547.4809,0.25,1.22,2,74800000_2012-01-01 00:00:00.0_2023-12-31 00:00:00.0,2012-01-01,2023-12-31
74800000,2012-01-01 00:00:00.0,2023-12-31 00:00:00.0,3,3,1,1,499.0,1850.0,1.0,724.2797,-2.17,1.35,2,74800000_2012-01-01 00:00:00.0_2023-12-31 00:00:00.0,2012-01-01,2023-12-31
75181000,2012-04-01 00:00:00.0,2017-06-09 00:00:00.0,1,2,1,1,40.0,193.0,1.0,55.2293,0.32,1.68,1,75181000_2012-04-01 00:00:00.0_2017-06-09 00:00:00.0,2012-04-01,2017-06-09
75181000,2012-04-01 00:00:00.0,2017-06-09 00:00:00.0,2,2,1,1,193.0,1000.0,1.0,51.85,0.0,1.31,1,75181000_2012-04-01 00:00:00.0_2017-06-09 00:00:00.0,2012-04-01,2017-06-09
75181000,2017-06-10 00:00:00.0,2021-10-15 00:00:00.0,1,2,1,1,40.0,195.0,1.0,61.9589,0.31,1.41,1,75181000_2017-06-10 00:00:00.0_2021-10-15 00:00:00.0,2017-06-10,2021-10-15
75181000,2017-06-10 00:00:00.0,2021-10-15 00:00:00.0,2,2,1,1,195.0,1000.0,1.0,51.85,0.0,1.31,1,75181000_2017-06-10 00:00:00.0_2021-10-15 00:00:00.0,2017-06-10,2021-10-15
75181000,2021-10-16 00:00:00.0,2023-12-31 00:00:00.0,1,2,1,1,40.0,211.0,1.0,57.0,0.37,1.6,1,75181000_2021-10-16 00:00:00.0_2023-12-31 00:00:00.0,2021-10-16,2023-12-31
75181000,2021-10-16 00:00:00.0,2023-12-31 00:00:00.0,2,2,1,1,211.0,1000.0,1.0,51.85,0.0,1.31,1,75181000_2021-10-16 00:00:00.0_2023-12-31 00:00:00.0,2021-10-16,2023-12-31
75230000,1941-11-01 00:00:00.0,1945-07-27 00:00:00.0,1,3.0,1,1,30.0,68.0,1.0,73.387,0.06,1.803,2,75230000_1941-11-01 00:00:00.0_1945-07-27 00:00:00.0,1941-11-01,1945-07-27
75230000,1941-11-01 00:00:00.0,1945-07-27 00:00:00.0,2,3.0,1,1,68.0,292.0,1.0,48.0,-0.13,2.08,2,75230000_1941-11-01 00:00:00.0_1945-07-27 00:00:00.0,1941-11-01,1945-07-27
75230000,1941-11-01 00:00:00.0,1945-07-27 00:00:00.0,3,3.0,1,1,292.0,400.0,1.0,73.387,0.06,1.803,2,75230000_1941-11-01 00:00:00.0_1945-07-27 00:00:00.0,1941-11-01,1945-07-27
75230000,1945-07-28 00:00:00.0,1956-10-17 00:00:00.0,1,,1,1,40.0,550.0,1.0,73.387,0.06,1.803,2,75230000_1945-07-28 00:00:00.0_1956-10-17 00:00:00.0,1945-07-28,1956-10-17
75230000,1956-10-18 00:00:00.0,1965-12-22 00:00:00.0,1,3.0,1,1,60.0,64.0,1.0,50.7171,-0.01,2.006,2,75230000_1956-10-18 00:00:00.0_1965-12-22 00:00:00.0,1956-10-18,1965-12-22
75230000,1956-10-18 00:00:00.0,1965-12-22 00:00:00.0,2,3.0,1,1,64.0,192.0,1.0,55.6318,0.02,2.0,2,75230000_1956-10-18 00:00:00.0_1965-12-22 00:00:00.0,1956-10-18,1965-12-22
75230000,1956-10-18 00:00:00.0,1965-12-22 00:00:00.0,3,3.0,1,1,192.0,500.0,1.0,115.9967,0.51,1.6,2,75230000_1956-10-18 00:00:00.0_1965-12-22 00:00:00.0,1956-10-18,1965-12-22
75230000,1965-12-23 00:00:00.0,2007-11-02 00:00:00.0,1,2.0,1,1,60.0,624.0,1.0,50.7171,-0.01,2.006,2,75230000_1965-12-23 00:00:00.0_2007-11-02 00:00:00.0,1965-12-23,2007-11-02
75230000,1965-12-23 00:00:00.0,2007-11-02 00:00:00.0,2,2.0,1,1,624.0,1200.0,1.0,133.6432,0.81,1.6,2,75230000_1965-12-23 00:00:00.0_2007-11-02 00:00:00.0,1965-12-23,2007-11-02
75230000,2007-11-03 00:00:00.0,2015-12-25 00:00:00.0,1,4.0,1,1,60.0,388.0,1.0,62.0,0.17,1.9,2,75230000_2007-11-03 00:00:00.0_2015-12-25 00:00:00.0,2007-11-03,2015-12-25
75230000,2007-11-03 00:00:00.0,2015-12-25 00:00:00.0,2,4.0,1,1,388.0,505.0,1.0,145.0053,1.09,1.6,2,75230000_2007-11-03 00:00:00.0_2015-12-25 00:00:00.0,2007-11-03,2015-12-25
75230000,2007-11-03 00:00:00.0,2015-12-25 00:00:00.0,3,4.0,1,1,505.0,624.0,1.0,50.7171,-0.01,2.006,2,75230000_2007-11-03 00:00:00.0_2015-12-25 00:00:00.0,2007-11-03,2015-12-25
75230000,2007-11-03 00:00:00.0,2015-12-25 00:00:00.0,4,4.0,1,1,624.0,1200.0,1.0,133.6432,0.81,1.6,2,75230000_2007-11-03 00:00:00.0_2015-12-25 00:00:00.0,2007-11-03,2015-12-25
75230000,2015-12-26 00:00:00.0,2020-07-10 00:00:00.0,1,4.0,1,1,70.0,337.0,1.0,92.7855,0.38,1.589,2,75230000_2015-12-26 00:00:00.0_2020-07-10 00:00:00.0,2015-12-26,2020-07-10
75230000,2015-12-26 00:00:00.0,2020-07-10 00:00:00.0,2,4.0,1,1,337.0,510.0,1.0,40.6171,-0.2,2.017,2,75230000_2015-12-26 00:00:00.0_2020-07-10 00:00:00.0,2015-12-26,2020-07-10
75230000,2015-12-26 00:00:00.0,2020-07-10 00:00:00.0,3,4.0,1,1,510.0,672.0,1.0,22.9444,0.02,2.421,2,75230000_2015-12-26 00:00:00.0_2020-07-10 00:00:00.0,2015-12-26,2020-07-10
75230000,2015-12-26 00:00:00.0,2020-07-10 00:00:00.0,4,4.0,1,1,672.0,1200.0,1.0,133.6793,0.81,1.6,2,75230000_2015-12-26 00:00:00.0_2020-07-10 00:00:00.0,2015-12-26,2020-07-10
75230000,2020-07-11 00:00:00.0,2023-12-31 00:00:00.0,1,5.0,1,1,60.0,181.0,1.0,88.3818,0.38,1.67,2,75230000_2020-07-11 00:00:00.0_2023-12-31 00:00:00.0,2020-07-11,2023-12-31
75230000,2020-07-11 00:00:00.0,2023-12-31 00:00:00.0,2,5.0,1,1,181.0,242.0,1.0,92.0,0.39,1.589,2,75230000_2020-07-11 00:00:00.0_2023-12-31 00:00:00.0,2020-07-11,2023-12-31
75230000,2020-07-11 00:00:00.0,2023-12-31 00:00:00.0,3,5.0,1,1,242.0,510.0,1.0,40.6149,-0.2,2.017,2,75230000_2020-07-11 00:00:00.0_2023-12-31 00:00:00.0,2020-07-11,2023-12-31
75230000,2020-07-11 00:00:00.0,2023-12-31 00:00:00.0,4,5.0,1,1,510.0,672.0,1.0,22.9439,0.02,2.421,2,75230000_2020-07-11 00:00:00.0_2023-12-31 00:00:00.0,2020-07-11,2023-12-31
75230000,2020-07-11 00:00:00.0,2023-12-31 00:00:00.0,5,5.0,1,1,672.0,1200.0,1.0,133.6793,0.81,1.6,2,75230000_2020-07-11 00:00:00.0_2023-12-31 00:00:00.0,2020-07-11,2023-12-31
75230000,2024-01-01 00:00:00.0,2026-12-31 00:00:00.0,1,5.0,1,1,60.0,181.0,1.0,88.3818,0.38,1.67,1,75230000_2024-01-01 00:00:00.0_2026-12-31 00:00:00.0,2024-01-01,2026-12-31
75230000,2024-01-01 00:00:00.0,2026-12-31 00:00:00.0,2,5.0,1,1,181.0,242.0,1.0,92.0,0.39,1.589,1,75230000_2024-01-01 00:00:00.0_2026-12-31 00:00:00.0,2024-01-01,2026-12-31
75230000,2024-01-01 00:00:00.0,2026-12-31 00:00:00.0,3,5.0,1,1,242.0,510.0,1.0,40.6149,-0.2,2.017,1,75230000_2024-01-01 00:00:00.0_2026-12-31 00:00:00.0,2024-01-01,2026-12-31
75230000,2024-01-01 00:00:00.0,2026-12-31 00:00:00.0,4,5.0,1,1,510.0,672.0,1.0,22.9439,0.02,2.421,1,75230000_2024-01-01 00:00:00.0_2026-12-31 00:00:00.0,2024-01-01,2026-12-31
75230000,2024-01-01 00:00:00.0,2026-12-31 00:00:00.0,5,5.0,1,1,672.0,1200.0,1.0,133.6793,0.81,1.6,1,75230000_2024-01-01 00:00:00.0_2026-12-31 00:00:00.0,2024-01-01,2026-12-31
75290000,2003-03-01 00:00:00.0,2023-12-31 00:00:00.0,1,2,1,1,20.0,80.0,5.0,93.3419,0.17,1.588,2,75290000_2003-03-01 00:00:00.0_2023-12-31 00:00:00.0,2003-03-01,2023-12-31
75290000,2003-03-01 00:00:00.0,2023-12-31 00:00:00.0,2,2,1,1,80.0,600.0,5.0,94.1182,0.25,1.223,2,75290000_2003-03-01 00:00:00.0_2023-12-31 00:00:00.0,2003-03-01,2023-12-31
75500000,1941-11-01 00:00:00.0,1946-05-21 00:00:00.0,1,4,1,1,30.0,104.0,1.0,30.0,0.03,1.6,2,75500000_1941-11-01 00:00:00.0_1946-05-21 00:00:00.0,1941-11-01,1946-05-21
75500000,1941-11-01 00:00:00.0,1946-05-21 00:00:00.0,2,4,1,1,104.0,320.0,1.0,49.7,0.35,1.314,2,75500000_1941-11-01 00:00:00.0_1946-05-21 00:00:00.0,1941-11-01,1946-05-21
75500000,1941-11-01 00:00:00.0,1946-05-21 00:00:00.0,3,4,1,1,320.0,789.0,1.0,40.5706,0.31,1.488,2,75500000_1941-11-01 00:00:00.0_1946-05-21 00:00:00.0,1941-11-01,1946-05-21
75500000,1941-11-01 00:00:00.0,1946-05-21 00:00:00.0,4,4,1,1,789.0,900.0,1.0,31.6,0.2,1.6,2,75500000_1941-11-01 00:00:00.0_1946-05-21 00:00:00.0,1941-11-01,1946-05-21
75500000,1946-05-22 00:00:00.0,1958-12-18 00:00:00.0,1,4,1,1,10.0,101.0,1.0,27.0,-0.02,1.95,2,75500000_1946-05-22 00:00:00.0_1958-12-18 00:00:00.0,1946-05-22,1958-12-18
75500000,1946-05-22 00:00:00.0,1958-12-18 00:00:00.0,2,4,1,1,101.0,455.0,1.0,31.0,0.06,1.58,2,75500000_1946-05-22 00:00:00.0_1958-12-18 00:00:00.0,1946-05-22,1958-12-18
75500000,1946-05-22 00:00:00.0,1958-12-18 00:00:00.0,3,4,1,1,455.0,907.0,1.0,31.65,0.2,1.6,2,75500000_1946-05-22 00:00:00.0_1958-12-18 00:00:00.0,1946-05-22,1958-12-18
75500000,1946-05-22 00:00:00.0,1958-12-18 00:00:00.0,4,4,1,1,907.0,1200.0,1.0,83.5511,4.23,1.6,2,75500000_1946-05-22 00:00:00.0_1958-12-18 00:00:00.0,1946-05-22,1958-12-18
75500000,1958-12-19 00:00:00.0,1977-06-28 00:00:00.0,1,4,1,1,60.0,121.0,1.0,55.0,0.56,1.3,2,75500000_1958-12-19 00:00:00.0_1977-06-28 00:00:00.0,1958-12-19,1977-06-28
75500000,1958-12-19 00:00:00.0,1977-06-28 00:00:00.0,2,4,1,1,121.0,556.0,1.0,29.0,0.16,1.56,2,75500000_1958-12-19 00:00:00.0_1977-06-28 00:00:00.0,1958-12-19,1977-06-28
75500000,1958-12-19 00:00:00.0,1977-06-28 00:00:00.0,3,4,1,1,556.0,906.0,1.0,38.4854,1.22,1.6,2,75500000_1958-12-19 00:00:00.0_1977-06-28 00:00:00.0,1958-12-19,1977-06-28
75500000,1958-12-19 00:00:00.0,1977-06-28 00:00:00.0,4,4,1,1,906.0,1250.0,1.0,83.5511,4.23,1.6,2,75500000_1958-12-19 00:00:00.0_1977-06-28 00:00:00.0,1958-12-19,1977-06-28
75500000,1977-06-29 00:00:00.0,1981-02-03 00:00:00.0,1,4,1,1,70.0,120.0,1.0,37.0,0.35,1.2,2,75500000_1977-06-29 00:00:00.0_1981-02-03 00:00:00.0,1977-06-29,1981-02-03
75500000,1977-06-29 00:00:00.0,1981-02-03 00:00:00.0,2,4,1,1,120.0,594.0,1.0,30.5,0.2,1.6,2,75500000_1977-06-29 00:00:00.0_1981-02-03 00:00:00.0,1977-06-29,1981-02-03
75500000,1977-06-29 00:00:00.0,1981-02-03 00:00:00.0,3,4,1,1,594.0,906.0,1.0,33.7338,0.55,1.6,2,75500000_1977-06-29 00:00:00.0_1981-02-03 00:00:00.0,1977-06-29,1981-02-03
75500000,1977-06-29 00:00:00.0,1981-02-03 00:00:00.0,4,4,1,1,906.0,1050.0,1.0,83.5511,4.23,1.6,2,75500000_1977-06-29 00:00:00.0_1981-02-03 00:00:00.0,1977-06-29,1981-02-03
75500000,1981-02-04 00:00:00.0,1992-05-12 00:00:00.0,1,2,1,1,60.0,907.0,1.0,31.65,0.2,1.6,2,75500000_1981-02-04 00:00:00.0_1992-05-12 00:00:00.0,1981-02-04,1992-05-12
75500000,1981-02-04 00:00:00.0,1992-05-12 00:00:00.0,2,2,1,1,907.0,1150.0,1.0,83.5511,4.23,1.6,2,75500000_1981-02-04 00:00:00.0_1992-05-12 00:00:00.0,1981-02-04,1992-05-12
75500000,1992-05-13 00:00:00.0,1996-02-09 00:00:00.0,1,3,1,1,80.0,241.0,1.0,47.0,0.56,1.3,2,75500000_1992-05-13 00:00:00.0_1996-02-09 00:00:00.0,1992-05-13,1996-02-09
75500000,1992-05-13 00:00:00.0,1996-02-09 00:00:00.0,2,3,1,1,241.0,906.0,1.0,32.3983,0.33,1.6,2,75500000_1992-05-13 00:00:00.0_1996-02-09 00:00:00.0,1992-05-13,1996-02-09
75500000,1992-05-13 00:00:00.0,1996-02-09 00:00:00.0,3,3,1,1,906.0,1000.0,1.0,83.5511,4.23,1.6,2,75500000_1992-05-13 00:00:00.0_1996-02-09 00:00:00.0,1992-05-13,1996-02-09
75500000,1996-02-10 00:00:00.0,1997-06-20 00:00:00.0,1,2,1,1,80.0,154.0,1.0,7.3148,-0.67,3.0,2,75500000_1996-02-10 00:00:00.0_1997-06-20 00:00:00.0,1996-02-10,1997-06-20
75500000,1996-02-10 00:00:00.0,1997-06-20 00:00:00.0,2,2,1,1,154.0,800.0,1.0,28.7003,-0.34,1.6,2,75500000_1996-02-10 00:00:00.0_1997-06-20 00:00:00.0,1996-02-10,1997-06-20
75500000,1997-06-21 00:00:00.0,1999-11-04 00:00:00.0,1,3,1,1,80.0,182.0,1.0,36.1101,0.24,1.601,2,75500000_1997-06-21 00:00:00.0_1999-11-04 00:00:00.0,1997-06-21,1999-11-04
75500000,1997-06-21 00:00:00.0,1999-11-04 00:00:00.0,2,3,1,1,182.0,907.0,1.0,40.56,0.31,1.495,2,75500000_1997-06-21 00:00:00.0_1999-11-04 00:00:00.0,1997-06-21,1999-11-04
75500000,1997-06-21 00:00:00.0,1999-11-04 00:00:00.0,3,3,1,1,907.0,1200.0,1.0,83.5511,4.23,1.6,2,75500000_1997-06-21 00:00:00.0_1999-11-04 00:00:00.0,1997-06-21,1999-11-04
75500000,1999-11-05 00:00:00.0,2003-10-31 00:00:00.0,1,3,1,1,70.0,561.0,1.0,41.4599,0.37,1.478,2,75500000_1999-11-05 00:00:00.0_2003-10-31 00:00:00.0,1999-11-05,2003-10-31
75500000,1999-11-05 00:00:00.0,2003-10-31 00:00:00.0,2,3,1,1,561.0,906.0,1.0,30.8109,0.05,1.6,2,75500000_1999-11-05 00:00:00.0_2003-10-31 00:00:00.0,1999-11-05,2003-10-31
75500000,1999-11-05 00:00:00.0,2003-10-31 00:00:00.0,3,3,1,1,906.0,1100.0,1.0,83.5511,4.23,1.6,2,75500000_1999-11-05 00:00:00.0_2003-10-31 00:00:00.0,1999-11-05,2003-10-31
75500000,2003-11-01 00:00:00.0,2008-10-20 00:00:00.0,1,3,1,1,60.0,93.0,1.0,34.3028,0.22,1.6,2,75500000_2003-11-01 00:00:00.0_2008-10-20 00:00:00.0,2003-11-01,2008-10-20
75500000,2003-11-01 00:00:00.0,2008-10-20 00:00:00.0,2,3,1,1,93.0,907.0,1.0,40.562,0.31,1.495,2,75500000_2003-11-01 00:00:00.0_2008-10-20 00:00:00.0,2003-11-01,2008-10-20
75500000,2003-11-01 00:00:00.0,2008-10-20 00:00:00.0,3,3,1,1,907.0,1050.0,1.0,83.5511,4.23,1.6,2,75500000_2003-11-01 00:00:00.0_2008-10-20 00:00:00.0,2003-11-01,2008-10-20
75500000,2008-10-21 00:00:00.0,2011-04-22 00:00:00.0,1,2,1,1,70.0,907.0,1.0,31.65,0.2,1.6,2,75500000_2008-10-21 00:00:00.0_2011-04-22 00:00:00.0,2008-10-21,2011-04-22
75500000,2008-10-21 00:00:00.0,2011-04-22 00:00:00.0,2,2,1,1,907.0,1050.0,1.0,83.5511,4.23,1.6,2,75500000_2008-10-21 00:00:00.0_2011-04-22 00:00:00.0,2008-10-21,2011-04-22
75500000,2011-04-23 00:00:00.0,2011-10-01 00:00:00.0,1,2,1,1,120.0,320.0,1.0,49.7,0.35,1.314,2,75500000_2011-04-23 00:00:00.0_2011-10-01 00:00:00.0,2011-04-23,2011-10-01
75500000,2011-04-23 00:00:00.0,2011-10-01 00:00:00.0,2,2,1,1,320.0,750.0,1.0,40.5706,0.31,1.488,2,75500000_2011-04-23 00:00:00.0_2011-10-01 00:00:00.0,2011-04-23,2011-10-01
75500000,2011-10-02 00:00:00.0,2012-09-20 00:00:00.0,1,2,1,1,70.0,132.0,1.0,39.6,0.35,1.405,2,75500000_2011-10-02 00:00:00.0_2012-09-20 00:00:00.0,2011-10-02,2012-09-20
75500000,2011-10-02 00:00:00.0,2012-09-20 00:00:00.0,2,2,1,1,132.0,450.0,1.0,31.65,0.2,1.6,2,75500000_2011-10-02 00:00:00.0_2012-09-20 00:00:00.0,2011-10-02,2012-09-20
75500000,2012-09-21 00:00:00.0,2019-07-26 00:00:00.0,1,4,1,1,90.0,209.0,1.0,35.2591,0.18,1.511,2,75500000_2012-09-21 00:00:00.0_2019-07-26 00:00:00.0,2012-09-21,2019-07-26
75500000,2012-09-21 00:00:00.0,2019-07-26 00:00:00.0,2,4,1,1,209.0,459.0,1.0,50.5681,0.51,1.35,2,75500000_2012-09-21 00:00:00.0_2019-07-26 00:00:00.0,2012-09-21,2019-07-26
75500000,2012-09-21 00:00:00.0,2019-07-26 00:00:00.0,3,4,1,1,459.0,907.0,1.0,31.65,0.2,1.6,2,75500000_2012-09-21 00:00:00.0_2019-07-26 00:00:00.0,2012-09-21,2019-07-26
75500000,2012-09-21 00:00:00.0,2019-07-26 00:00:00.0,4,4,1,1,907.0,1300.0,1.0,83.5511,4.23,1.6,2,75500000_2012-09-21 00:00:00.0_2019-07-26 00:00:00.0,2012-09-21,2019-07-26
75500000,2019-07-27 00:00:00.0,2023-12-31 00:00:00.0,1,4,1,1,50.0,101.0,1.0,56.588,0.45,1.25,2,75500000_2019-07-27 00:00:00.0_2023-12-31 00:00:00.0,2019-07-27,2023-12-31
75500000,2019-07-27 00:00:00.0,2023-12-31 00:00:00.0,2,4,1,1,101.0,454.0,1.0,33.9382,0.14,1.538,2,75500000_2019-07-27 00:00:00.0_2023-12-31 00:00:00.0,2019-07-27,2023-12-31
75500000,2019-07-27 00:00:00.0,2023-12-31 00:00:00.0,3,4,1,1,454.0,907.0,1.0,31.65,0.2,1.6,2,75500000_2019-07-27 00:00:00.0_2023-12-31 00:00:00.0,2019-07-27,2023-12-31
75500000,2019-07-27 00:00:00.0,2023-12-31 00:00:00.0,4,4,1,1,907.0,1300.0,1.0,83.5511,4.23,1.6,2,75500000_2019-07-27 00:00:00.0_2023-12-31 00:00:00.0,2019-07-27,2023-12-31
75500000,2024-01-01 00:00:00.0,2026-12-31 00:00:00.0,1,4,1,1,50.0,104.0,1.0,56.588,0.45,1.25,1,75500000_2024-01-01 00:00:00.0_2026-12-31 00:00:00.0,2024-01-01,2026-12-31
75500000,2024-01-01 00:00:00.0,2026-12-31 00:00:00.0,2,4,1,1,104.0,454.0,1.0,25.19,-0.05,1.739,1,75500000_2024-01-01 00:00:00.0_2026-12-31 00:00:00.0,2024-01-01,2026-12-31
75500000,2024-01-01 00:00:00.0,2026-12-31 00:00:00.0,3,4,1,1,454.0,907.0,1.0,30.635,-0.16,1.586,1,75500000_2024-01-01 00:00:00.0_2026-12-31 00:00:00.0,2024-01-01,2026-12-31
75500000,2024-01-01 00:00:00.0,2026-12-31 00:00:00.0,4,4,1,1,907.0,1290.0,1.0,83.29,4.23,1.601,1,75500000_2024-01-01 00:00:00.0_2026-12-31 00:00:00.0,2024-01-01,2026-12-31
75550000,1983-01-01 00:00:00.0,1993-12-31 00:00:00.0,1,4,1,1,-60.0,61.0,1.0,196.9395,-2.25,1.603,2,75550000_1983-01-01 00:00:00.0_1993-12-31 00:00:00.0,1983-01-01,1993-12-31
75550000,1983-01-01 00:00:00.0,1993-12-31 00:00:00.0,2,4,1,1,61.0,497.0,1.0,500.4744,-1.15,1.33,2,75550000_1983-01-01 00:00:00.0_1993-12-31 00:00:00.0,1983-01-01,1993-12-31
75550000,1983-01-01 00:00:00.0,1993-12-31 00:00:00.0,3,4,1,1,497.0,862.0,1.0,335.0,-3.05,1.35,2,75550000_1983-01-01 00:00:00.0_1993-12-31 00:00:00.0,1983-01-01,1993-12-31
75550000,1983-01-01 00:00:00.0,1993-12-31 00:00:00.0,4,4,1,1,862.0,2350.0,1.0,732.4396,0.7,1.225,2,75550000_1983-01-01 00:00:00.0_1993-12-31 00:00:00.0,1983-01-01,1993-12-31
75550000,2007-12-01 00:00:00.0,2011-08-31 00:00:00.0,1,4,1,1,-50.0,40.0,1.0,200.7471,-1.93,1.786,2,75550000_2007-12-01 00:00:00.0_2011-08-31 00:00:00.0,2007-12-01,2011-08-31
75550000,2007-12-01 00:00:00.0,2011-08-31 00:00:00.0,2,4,1,1,40.0,417.0,1.0,697.1156,-0.85,1.2,2,75550000_2007-12-01 00:00:00.0_2011-08-31 00:00:00.0,2007-12-01,2011-08-31
75550000,2007-12-01 00:00:00.0,2011-08-31 00:00:00.0,3,4,1,1,417.0,862.0,1.0,335.0,-3.05,1.35,2,75550000_2007-12-01 00:00:00.0_2011-08-31 00:00:00.0,2007-12-01,2011-08-31
75550000,2007-12-01 00:00:00.0,2011-08-31 00:00:00.0,4,4,1,1,862.0,2350.0,1.0,732.4396,0.7,1.225,2,75550000_2007-12-01 00:00:00.0_2011-08-31 00:00:00.0,2007-12-01,2011-08-31
75550000,2011-09-01 00:00:00.0,2019-06-07 00:00:00.0,1,4,1,1,-50.0,60.0,1.0,200.7471,-1.93,1.786,2,75550000_2011-09-01 00:00:00.0_2019-06-07 00:00:00.0,2011-09-01,2019-06-07
75550000,2011-09-01 00:00:00.0,2019-06-07 00:00:00.0,2,4,1,1,60.0,288.0,1.0,500.4744,-1.15,1.33,2,75550000_2011-09-01 00:00:00.0_2019-06-07 00:00:00.0,2011-09-01,2019-06-07
75550000,2011-09-01 00:00:00.0,2019-06-07 00:00:00.0,3,4,1,1,288.0,696.0,1.0,448.2195,-1.9,1.255,2,75550000_2011-09-01 00:00:00.0_2019-06-07 00:00:00.0,2011-09-01,2019-06-07
75550000,2011-09-01 00:00:00.0,2019-06-07 00:00:00.0,4,4,1,1,696.0,2350.0,1.0,732.4396,0.7,1.225,2,75550000_2011-09-01 00:00:00.0_2019-06-07 00:00:00.0,2011-09-01,2019-06-07
75550000,2019-06-08 00:00:00.0,2023-12-31 00:00:00.0,1,5,1,1,-60.0,107.0,1.0,399.2501,-1.52,1.45,2,75550000_2019-06-08 00:00:00.0_2023-12-31 00:00:00.0,2019-06-08,2023-12-31
75550000,2019-06-08 00:00:00.0,2023-12-31 00:00:00.0,2,5,1,1,107.0,312.0,1.0,363.2325,-1.75,1.422,2,75550000_2019-06-08 00:00:00.0_2023-12-31 00:00:00.0,2019-06-08,2023-12-31
75550000,2019-06-08 00:00:00.0,2023-12-31 00:00:00.0,3,5,1,1,312.0,497.0,1.0,500.4744,-1.15,1.33,2,75550000_2019-06-08 00:00:00.0_2023-12-31 00:00:00.0,2019-06-08,2023-12-31
75550000,2019-06-08 00:00:00.0,2023-12-31 00:00:00.0,4,5,1,1,497.0,862.0,1.0,335.0,-3.05,1.35,2,75550000_2019-06-08 00:00:00.0_2023-12-31 00:00:00.0,2019-06-08,2023-12-31
75550000,2019-06-08 00:00:00.0,2023-12-31 00:00:00.0,5,5,1,1,862.0,2350.0,1.0,732.4396,0.7,1.225,2,75550000_2019-06-08 00:00:00.0_2023-12-31 00:00:00.0,2019-06-08,2023-12-31
75550000,2024-01-01 00:00:00.0,2026-12-31 00:00:00.0,1,5,1,1,-60.0,107.0,1.0,399.2501,-1.52,1.45,1,75550000_2024-01-01 00:00:00.0_2026-12-31 00:00:00.0,2024-01-01,2026-12-31
75550000,2024-01-01 00:00:00.0,2026-12-31 00:00:00.0,2,5,1,1,107.0,312.0,1.0,363.2325,-1.75,1.422,1,75550000_2024-01-01 00:00:00.0_2026-12-31 00:00:00.0,2024-01-01,2026-12-31
75550000,2024-01-01 00:00:00.0,2026-12-31 00:00:00.0,3,5,1,1,312.0,497.0,1.0,500.4744,-1.15,1.33,1,75550000_2024-01-01 00:00:00.0_2026-12-31 00:00:00.0,2024-01-01,2026-12-31
75550000,2024-01-01 00:00:00.0,2026-12-31 00:00:00.0,4,5,1,1,497.0,862.0,1.0,335.0,-3.05,1.35,1,75550000_2024-01-01 00:00:00.0_2026-12-31 00:00:00.0,2024-01-01,2026-12-31
75550000,2024-01-01 00:00:00.0,2026-12-31 00:00:00.0,5,5,1,1,862.0,2350.0,1.0,732.4396,0.7,1.225,1,75550000_2024-01-01 00:00:00.0_2026-12-31 00:00:00.0,2024-01-01,2026-12-31
75780000,1985-10-01 00:00:00.0,1989-12-31 00:00:00.0,1,4,1,1,20.0,101.0,1.0,5.2459,-4.11,3.0,2,75780000_1985-10-01 00:00:00.0_1989-12-31 00:00:00.0,1985-10-01,1989-12-31
75780000,1985-10-01 00:00:00.0,1989-12-31 00:00:00.0,2,4,1,1,101.0,565.0,1.0,304.2708,-0.68,1.6,2,75780000_1985-10-01 00:00:00.0_1989-12-31 00:00:00.0,1985-10-01,1989-12-31
75780000,1985-10-01 00:00:00.0,1989-12-31 00:00:00.0,3,4,1,1,565.0,991.0,1.0,475.6316,0.02,1.45,2,75780000_1985-10-01 00:00:00.0_1989-12-31 00:00:00.0,1985-10-01,1989-12-31
75780000,1985-10-01 00:00:00.0,1989-12-31 00:00:00.0,4,4,1,1,991.0,1600.0,1.0,1051.0345,4.08,1.435,2,75780000_1985-10-01 00:00:00.0_1989-12-31 00:00:00.0,1985-10-01,1989-12-31
75780000,2007-12-01 00:00:00.0,2012-07-09 00:00:00.0,1,4,1,1,20.0,83.0,1.0,65.505,-2.95,1.6,2,75780000_2007-12-01 00:00:00.0_2012-07-09 00:00:00.0,2007-12-01,2012-07-09
75780000,2007-12-01 00:00:00.0,2012-07-09 00:00:00.0,2,4,1,1,83.0,481.0,1.0,157.6899,-1.1,1.9,2,75780000_2007-12-01 00:00:00.0_2012-07-09 00:00:00.0,2007-12-01,2012-07-09
75780000,2007-12-01 00:00:00.0,2012-07-09 00:00:00.0,3,4,1,1,481.0,991.0,1.0,475.6316,0.02,1.45,2,75780000_2007-12-01 00:00:00.0_2012-07-09 00:00:00.0,2007-12-01,2012-07-09
75780000,2007-12-01 00:00:00.0,2012-07-09 00:00:00.0,4,4,1,1,991.0,1600.0,1.0,1051.0345,4.08,1.435,2,75780000_2007-12-01 00:00:00.0_2012-07-09 00:00:00.0,2007-12-01,2012-07-09
75780000,2012-07-10 00:00:00.0,2023-12-31 00:00:00.0,1,4,1,1,20.0,93.0,1.0,45.66,-2.87,1.965,2,75780000_2012-07-10 00:00:00.0_2023-12-31 00:00:00.0,2012-07-10,2023-12-31
75780000,2012-07-10 00:00:00.0,2023-12-31 00:00:00.0,2,4,1,1,93.0,398.0,1.0,224.9648,-0.91,1.689,2,75780000_2012-07-10 00:00:00.0_2023-12-31 00:00:00.0,2012-07-10,2023-12-31
75780000,2012-07-10 00:00:00.0,2023-12-31 00:00:00.0,3,4,1,1,398.0,935.0,1.0,82.8384,-2.27,2.008,2,75780000_2012-07-10 00:00:00.0_2023-12-31 00:00:00.0,2012-07-10,2023-12-31
75780000,2012-07-10 00:00:00.0,2023-12-31 00:00:00.0,4,4,1,1,935.0,1600.0,1.0,1051.0345,4.08,1.435,2,75780000_2012-07-10 00:00:00.0_2023-12-31 00:00:00.0,2012-07-10,2023-12-31
75780000,2024-01-01 00:00:00.0,2026-12-31 00:00:00.0,1,4,1,1,20.0,269.0,1.0,234.4263,-0.93,1.654,1,75780000_2024-01-01 00:00:00.0_2026-12-31 00:00:00.0,2024-01-01,2026-12-31
75780000,2024-01-01 00:00:00.0,2026-12-31 00:00:00.0,2,4,1,1,269.0,538.0,1.0,298.3696,-0.71,1.542,1,75780000_2024-01-01 00:00:00.0_2026-12-31 00:00:00.0,2024-01-01,2026-12-31
75780000,2024-01-01 00:00:00.0,2026-12-31 00:00:00.0,3,4,1,1,538.0,933.0,1.0,133.3559,-1.46,1.868,1,75780000_2024-01-01 00:00:00.0_2026-12-31 00:00:00.0,2024-01-01,2026-12-31
75780000,2024-01-01 00:00:00.0,2026-12-31 00:00:00.0,4,4,1,1,933.0,1600.0,1.0,1051.0345,4.08,1.435,1,75780000_2024-01-01 00:00:00.0_2026-12-31 00:00:00.0,2024-01-01,2026-12-31
75900000,1983-01-01 00:00:00.0,1988-04-28 00:00:00.0,1,2,1,1,-40.0,802.0,1.0,253.0,-1.65,1.576,2,75900000_1983-01-01 00:00:00.0_1988-04-28 00:00:00.0,1983-01-01,1988-04-28
75900000,1983-01-01 00:00:00.0,1988-04-28 00:00:00.0,2,2,1,1,802.0,1450.0,1.0,492.0875,1.85,1.6,2,75900000_1983-01-01 00:00:00.0_1988-04-28 00:00:00.0,1983-01-01,1988-04-28
75900000,1988-04-29 00:00:00.0,1989-02-10 00:00:00.0,1,2,1,1,0.0,330.0,1.0,289.8767,-0.97,1.6,2,75900000_1988-04-29 00:00:00.0_1989-02-10 00:00:00.0,1988-04-29,1989-02-10
75900000,1988-04-29 00:00:00.0,1989-02-10 00:00:00.0,2,2,1,1,330.0,700.0,1.0,440.0,-0.98,1.31,2,75900000_1988-04-29 00:00:00.0_1989-02-10 00:00:00.0,1988-04-29,1989-02-10
75900000,1989-02-11 00:00:00.0,1989-12-31 00:00:00.0,1,3,1,1,-40.0,450.0,1.0,236.4015,-1.8,1.6,2,75900000_1989-02-11 00:00:00.0_1989-12-31 00:00:00.0,1989-02-11,1989-12-31
75900000,1989-02-11 00:00:00.0,1989-12-31 00:00:00.0,2,3,1,1,450.0,806.0,1.0,366.4868,-0.29,1.6,2,75900000_1989-02-11 00:00:00.0_1989-12-31 00:00:00.0,1989-02-11,1989-12-31
75900000,1989-02-11 00:00:00.0,1989-12-31 00:00:00.0,3,3,1,1,806.0,1400.0,1.0,405.3527,0.22,1.6,2,75900000_1989-02-11 00:00:00.0_1989-12-31 00:00:00.0,1989-02-11,1989-12-31
75900000,2007-12-01 00:00:00.0,2020-07-11 00:00:00.0,1,3,1,1,-40.0,479.0,1.0,216.22,-1.62,1.64,2,75900000_2007-12-01 00:00:00.0_2020-07-11 00:00:00.0,2007-12-01,2020-07-11
75900000,2007-12-01 00:00:00.0,2020-07-11 00:00:00.0,2,3,1,1,479.0,895.0,1.0,11.9565,-5.98,2.5,2,75900000_2007-12-01 00:00:00.0_2020-07-11 00:00:00.0,2007-12-01,2020-07-11
75900000,2007-12-01 00:00:00.0,2020-07-11 00:00:00.0,3,3,1,1,895.0,1450.0,1.0,150.9598,0.6,1.99,2,75900000_2007-12-01 00:00:00.0_2020-07-11 00:00:00.0,2007-12-01,2020-07-11
75900000,2020-07-12 00:00:00.0,2023-12-31 00:00:00.0,1,4,1,1,-40.0,53.0,1.0,106.1479,-2.65,1.7,2,75900000_2020-07-12 00:00:00.0_2023-12-31 00:00:00.0,2020-07-12,2023-12-31
75900000,2020-07-12 00:00:00.0,2023-12-31 00:00:00.0,2,4,1,1,53.0,479.0,1.0,216.22,-1.62,1.64,2,75900000_2020-07-12 00:00:00.0_2023-12-31 00:00:00.0,2020-07-12,2023-12-31
75900000,2020-07-12 00:00:00.0,2023-12-31 00:00:00.0,3,4,1,1,479.0,895.0,1.0,11.9565,-5.98,2.5,2,75900000_2020-07-12 00:00:00.0_2023-12-31 00:00:00.0,2020-07-12,2023-12-31
75900000,2020-07-12 00:00:00.0,2023-12-31 00:00:00.0,4,4,1,1,895.0,1450.0,1.0,150.9598,0.6,1.99,2,75900000_2020-07-12 00:00:00.0_2023-12-31 00:00:00.0,2020-07-12,2023-12-31
75900000,2024-01-01 00:00:00.0,2026-12-31 00:00:00.0,1,3,1,1,-40.0,479.0,1.0,216.22,-1.62,1.64,1,75900000_2024-01-01 00:00:00.0_2026-12-31 00:00:00.0,2024-01-01,2026-12-31
75900000,2024-01-01 00:00:00.0,2026-12-31 00:00:00.0,2,3,1,1,479.0,895.0,1.0,11.9565,-5.98,2.5,1,75900000_2024-01-01 00:00:00.0_2026-12-31 00:00:00.0,2024-01-01,2026-12-31
75900000,2024-01-01 00:00:00.0,2026-12-31 00:00:00.0,3,3,1,1,895.0,1450.0,1.0,150.9598,0.6,1.99,1,75900000_2024-01-01 00:00:00.0_2026-12-31 00:00:00.0,2024-01-01,2026-12-31
76251000,2000-04-01 00:00:00.0,2001-05-31 00:00:00.0,1,2,1,1,380.0,811.0,1.0,1.85,3.54,2.531,2,76251000_2000-04-01 00:00:00.0_2001-05-31 00:00:00.0,2000-04-01,2001-05-31
76251000,2000-04-01 00:00:00.0,2001-05-31 00:00:00.0,2,2,1,1,811.0,1150.0,1.0,25.6628,5.97,1.6,2,76251000_2000-04-01 00:00:00.0_2001-05-31 00:00:00.0,2000-04-01,2001-05-31
76251000,2001-06-01 00:00:00.0,2002-04-18 00:00:00.0,1,4,1,1,420.0,530.0,1.0,3.672,3.63,2.176,2,76251000_2001-06-01 00:00:00.0_2002-04-18 00:00:00.0,2001-06-01,2002-04-18
76251000,2001-06-01 00:00:00.0,2002-04-18 00:00:00.0,2,4,1,1,530.0,917.0,1.0,13.574,4.41,1.6,2,76251000_2001-06-01 00:00:00.0_2002-04-18 00:00:00.0,2001-06-01,2002-04-18
76251000,2001-06-01 00:00:00.0,2002-04-18 00:00:00.0,3,4,1,1,917.0,1151.0,1.0,25.6628,5.97,1.6,2,76251000_2001-06-01 00:00:00.0_2002-04-18 00:00:00.0,2001-06-01,2002-04-18
76251000,2001-06-01 00:00:00.0,2002-04-18 00:00:00.0,4,4,1,1,1151.0,1250.0,1.0,81.2761,8.81,1.6,2,76251000_2001-06-01 00:00:00.0_2002-04-18 00:00:00.0,2001-06-01,2002-04-18
76251000,2002-04-19 00:00:00.0,2002-09-11 00:00:00.0,1,2,1,1,580.0,1116.0,1.0,0.7229,3.0,2.9,2,76251000_2002-04-19 00:00:00.0_2002-09-11 00:00:00.0,2002-04-19,2002-09-11
76251000,2002-04-19 00:00:00.0,2002-09-11 00:00:00.0,2,2,1,1,1116.0,1250.0,1.0,81.2761,8.81,1.6,2,76251000_2002-04-19 00:00:00.0_2002-09-11 00:00:00.0,2002-04-19,2002-09-11
76251000,2002-09-12 00:00:00.0,2004-04-22 00:00:00.0,1,4,1,1,420.0,694.0,1.0,4.274,3.76,1.953,2,76251000_2002-09-12 00:00:00.0_2004-04-22 00:00:00.0,2002-09-12,2004-04-22
76251000,2002-09-12 00:00:00.0,2004-04-22 00:00:00.0,2,4,1,1,694.0,811.0,1.0,1.85,3.54,2.531,2,76251000_2002-09-12 00:00:00.0_2004-04-22 00:00:00.0,2002-09-12,2004-04-22
76251000,2002-09-12 00:00:00.0,2004-04-22 00:00:00.0,3,4,1,1,811.0,1151.0,1.0,25.6628,5.97,1.6,2,76251000_2002-09-12 00:00:00.0_2004-04-22 00:00:00.0,2002-09-12,2004-04-22
76251000,2002-09-12 00:00:00.0,2004-04-22 00:00:00.0,4,4,1,1,1151.0,1250.0,1.0,81.2761,8.81,1.6,2,76251000_2002-09-12 00:00:00.0_2004-04-22 00:00:00.0,2002-09-12,2004-04-22
76251000,2004-04-23 00:00:00.0,2005-10-11 00:00:00.0,1,4,1,1,380.0,463.0,1.0,1.85,3.54,2.531,2,76251000_2004-04-23 00:00:00.0_2005-10-11 00:00:00.0,2004-04-23,2005-10-11
76251000,2004-04-23 00:00:00.0,2005-10-11 00:00:00.0,2,4,1,1,463.0,497.0,1.0,2.9738,3.78,1.6,2,76251000_2004-04-23 00:00:00.0_2005-10-11 00:00:00.0,2004-04-23,2005-10-11
76251000,2004-04-23 00:00:00.0,2005-10-11 00:00:00.0,3,4,1,1,497.0,1090.0,1.0,2.3,3.72,2.405,2,76251000_2004-04-23 00:00:00.0_2005-10-11 00:00:00.0,2004-04-23,2005-10-11
76251000,2004-04-23 00:00:00.0,2005-10-11 00:00:00.0,4,4,1,1,1090.0,1100.0,1.0,81.2761,8.81,1.6,2,76251000_2004-04-23 00:00:00.0_2005-10-11 00:00:00.0,2004-04-23,2005-10-11
76251000,2005-10-12 00:00:00.0,2008-07-28 00:00:00.0,1,4,1,1,340.0,419.0,1.0,1.428,3.23,2.8,2,76251000_2005-10-12 00:00:00.0_2008-07-28 00:00:00.0,2005-10-12,2008-07-28
76251000,2005-10-12 00:00:00.0,2008-07-28 00:00:00.0,2,4,1,1,419.0,450.0,1.0,2.72,3.42,2.9,2,76251000_2005-10-12 00:00:00.0_2008-07-28 00:00:00.0,2005-10-12,2008-07-28
76251000,2005-10-12 00:00:00.0,2008-07-28 00:00:00.0,3,4,1,1,450.0,476.0,1.0,1.13,3.04,2.9,2,76251000_2005-10-12 00:00:00.0_2008-07-28 00:00:00.0,2005-10-12,2008-07-28
76251000,2005-10-12 00:00:00.0,2008-07-28 00:00:00.0,4,4,1,1,476.0,950.0,1.0,4.9105,3.71,2.156,2,76251000_2005-10-12 00:00:00.0_2008-07-28 00:00:00.0,2005-10-12,2008-07-28
76251000,2008-07-29 00:00:00.0,2011-04-04 00:00:00.0,1,4,1,1,300.0,405.0,1.0,0.5081,2.73,3.0,2,76251000_2008-07-29 00:00:00.0_2011-04-04 00:00:00.0,2008-07-29,2011-04-04
76251000,2008-07-29 00:00:00.0,2011-04-04 00:00:00.0,2,4,1,1,405.0,476.0,1.0,1.13,3.04,2.9,2,76251000_2008-07-29 00:00:00.0_2011-04-04 00:00:00.0,2008-07-29,2011-04-04
76251000,2008-07-29 00:00:00.0,2011-04-04 00:00:00.0,3,4,1,1,476.0,1162.0,1.0,4.907,3.71,2.156,2,76251000_2008-07-29 00:00:00.0_2011-04-04 00:00:00.0,2008-07-29,2011-04-04
76251000,2008-07-29 00:00:00.0,2011-04-04 00:00:00.0,4,4,1,1,1162.0,1250.0,1.0,81.2761,8.81,1.6,2,76251000_2008-07-29 00:00:00.0_2011-04-04 00:00:00.0,2008-07-29,2011-04-04
76251000,2011-04-05 00:00:00.0,2011-08-08 00:00:00.0,1,2,1,1,410.0,444.0,1.0,1.183,3.48,2.686,2,76251000_2011-04-05 00:00:00.0_2011-08-08 00:00:00.0,2011-04-05,2011-08-08
76251000,2011-04-05 00:00:00.0,2011-08-08 00:00:00.0,2,2,1,1,444.0,800.0,1.0,2.3,3.72,2.4,2,76251000_2011-04-05 00:00:00.0_2011-08-08 00:00:00.0,2011-04-05,2011-08-08
76251000,2011-08-09 00:00:00.0,2014-01-03 00:00:00.0,1,6,1,1,300.0,398.0,1.0,1.85,3.54,2.531,2,76251000_2011-08-09 00:00:00.0_2014-01-03 00:00:00.0,2011-08-09,2014-01-03
76251000,2011-08-09 00:00:00.0,2014-01-03 00:00:00.0,2,6,1,1,398.0,476.0,1.0,4.274,3.76,1.9,2,76251000_2011-08-09 00:00:00.0_2014-01-03 00:00:00.0,2011-08-09,2014-01-03
76251000,2011-08-09 00:00:00.0,2014-01-03 00:00:00.0,3,6,1,1,476.0,790.0,1.0,4.274,3.76,1.8,2,76251000_2011-08-09 00:00:00.0_2014-01-03 00:00:00.0,2011-08-09,2014-01-03
76251000,2011-08-09 00:00:00.0,2014-01-03 00:00:00.0,4,6,1,1,790.0,876.0,1.0,4.1954,3.35,1.7,2,76251000_2011-08-09 00:00:00.0_2014-01-03 00:00:00.0,2011-08-09,2014-01-03
76251000,2011-08-09 00:00:00.0,2014-01-03 00:00:00.0,5,6,1,1,876.0,1077.0,1.0,22.0598,6.72,1.7,2,76251000_2011-08-09 00:00:00.0_2014-01-03 00:00:00.0,2011-08-09,2014-01-03
76251000,2011-08-09 00:00:00.0,2014-01-03 00:00:00.0,6,6,1,1,1077.0,1250.0,1.0,81.2761,8.81,1.6,2,76251000_2011-08-09 00:00:00.0_2014-01-03 00:00:00.0,2011-08-09,2014-01-03
76251000,2014-01-04 00:00:00.0,2021-09-10 00:00:00.0,1,5,1,1,360.0,420.0,1.0,4.8636,3.49,1.75,2,76251000_2014-01-04 00:00:00.0_2021-09-10 00:00:00.0,2014-01-04,2021-09-10
76251000,2014-01-04 00:00:00.0,2021-09-10 00:00:00.0,2,5,1,1,420.0,517.0,1.0,3.953,3.39,1.87,2,76251000_2014-01-04 00:00:00.0_2021-09-10 00:00:00.0,2014-01-04,2021-09-10
76251000,2014-01-04 00:00:00.0,2021-09-10 00:00:00.0,3,5,1,1,517.0,876.0,1.0,4.1954,3.35,1.7,2,76251000_2014-01-04 00:00:00.0_2021-09-10 00:00:00.0,2014-01-04,2021-09-10
76251000,2014-01-04 00:00:00.0,2021-09-10 00:00:00.0,4,5,1,1,876.0,1077.0,1.0,22.0598,6.72,1.7,2,76251000_2014-01-04 00:00:00.0_2021-09-10 00:00:00.0,2014-01-04,2021-09-10
76251000,2014-01-04 00:00:00.0,2021-09-10 00:00:00.0,5,5,1,1,1077.0,1250.0,1.0,81.2761,8.81,1.6,2,76251000_2014-01-04 00:00:00.0_2021-09-10 00:00:00.0,2014-01-04,2021-09-10
76251000,2021-09-11 00:00:00.0,2023-05-10 00:00:00.0,1,5,1,1,340.0,420.0,1.0,3.3524,3.33,1.7,2,76251000_2021-09-11 00:00:00.0_2023-05-10 00:00:00.0,2021-09-11,2023-05-10
76251000,2021-09-11 00:00:00.0,2023-05-10 00:00:00.0,2,5,1,1,420.0,517.0,1.0,3.953,3.39,1.87,2,76251000_2021-09-11 00:00:00.0_2023-05-10 00:00:00.0,2021-09-11,2023-05-10
76251000,2021-09-11 00:00:00.0,2023-05-10 00:00:00.0,3,5,1,1,517.0,876.0,1.0,4.1954,3.35,1.7,2,76251000_2021-09-11 00:00:00.0_2023-05-10 00:00:00.0,2021-09-11,2023-05-10
76251000,2021-09-11 00:00:00.0,2023-05-10 00:00:00.0,4,5,1,1,876.0,1077.0,1.0,22.0598,6.72,1.7,2,76251000_2021-09-11 00:00:00.0_2023-05-10 00:00:00.0,2021-09-11,2023-05-10
76251000,2021-09-11 00:00:00.0,2023-05-10 00:00:00.0,5,5,1,1,1077.0,1250.0,1.0,81.2761,8.81,1.6,2,76251000_2021-09-11 00:00:00.0_2023-05-10 00:00:00.0,2021-09-11,2023-05-10
76251000,2023-05-11 00:00:00.0,2023-12-31 00:00:00.0,1,4,1,1,400.0,451.0,1.0,5.229,3.66,1.2,2,76251000_2023-05-11 00:00:00.0_2023-12-31 00:00:00.0,2023-05-11,2023-12-31
76251000,2023-05-11 00:00:00.0,2023-12-31 00:00:00.0,2,4,1,1,451.0,881.0,1.0,3.2473,3.33,1.7,2,76251000_2023-05-11 00:00:00.0_2023-12-31 00:00:00.0,2023-05-11,2023-12-31
76251000,2023-05-11 00:00:00.0,2023-12-31 00:00:00.0,3,4,1,1,881.0,1076.0,1.0,28.245,7.27,1.7,2,76251000_2023-05-11 00:00:00.0_2023-12-31 00:00:00.0,2023-05-11,2023-12-31
76251000,2023-05-11 00:00:00.0,2023-12-31 00:00:00.0,4,4,1,1,1076.0,1250.0,1.0,81.2761,8.81,1.6,2,76251000_2023-05-11 00:00:00.0_2023-12-31 00:00:00.0,2023-05-11,2023-12-31
76251000,2024-01-01 00:00:00.0,2026-12-31 00:00:00.0,1,7,1,1,290.0,370.0,1.0,0.0455,2.54,1.871,1,76251000_2024-01-01 00:00:00.0_2026-12-31 00:00:00.0,2024-01-01,2026-12-31
76251000,2024-01-01 00:00:00.0,2026-12-31 00:00:00.0,2,7,1,1,370.0,371.0,1.0,150.7132,3.69,1.7,1,76251000_2024-01-01 00:00:00.0_2026-12-31 00:00:00.0,2024-01-01,2026-12-31
76251000,2024-01-01 00:00:00.0,2026-12-31 00:00:00.0,3,7,1,1,371.0,418.0,1.0,4.4626,3.62,1.3,1,76251000_2024-01-01 00:00:00.0_2026-12-31 00:00:00.0,2024-01-01,2026-12-31
76251000,2024-01-01 00:00:00.0,2026-12-31 00:00:00.0,4,7,1,1,418.0,480.0,1.0,6.8143,3.71,1.559,1,76251000_2024-01-01 00:00:00.0_2026-12-31 00:00:00.0,2024-01-01,2026-12-31
76251000,2024-01-01 00:00:00.0,2026-12-31 00:00:00.0,5,7,1,1,480.0,796.0,1.0,7.5991,3.78,1.303,1,76251000_2024-01-01 00:00:00.0_2026-12-31 00:00:00.0,2024-01-01,2026-12-31
76251000,2024-01-01 00:00:00.0,2026-12-31 00:00:00.0,6,7,1,1,796.0,1034.0,1.0,6.5572,5.29,2.048,1,76251000_2024-01-01 00:00:00.0_2026-12-31 00:00:00.0,2024-01-01,2026-12-31
76251000,2024-01-01 00:00:00.0,2026-12-31 00:00:00.0,7,7,1,1,1034.0,1300.0,1.0,88.3626,8.88,1.891,1,76251000_2024-01-01 00:00:00.0_2026-12-31 00:00:00.0,2024-01-01,2026-12-31
76300000,1967-05-01 00:00:00.0,1976-08-11 00:00:00.0,1,2,1,1,30.0,612.0,1.0,27.0335,0.15,1.776,2,76300000_1967-05-01 00:00:00.0_1976-08-11 00:00:00.0,1967-05-01,1976-08-11
76300000,1967-05-01 00:00:00.0,1976-08-11 00:00:00.0,2,2,1,1,612.0,800.0,1.0,81.0107,2.46,1.6,2,76300000_1967-05-01 00:00:00.0_1976-08-11 00:00:00.0,1967-05-01,1976-08-11
76300000,1976-08-12 00:00:00.0,1984-01-23 00:00:00.0,1,4,1,1,10.0,167.0,1.0,20.6601,-0.09,2.14,2,76300000_1976-08-12 00:00:00.0_1984-01-23 00:00:00.0,1976-08-12,1984-01-23
76300000,1976-08-12 00:00:00.0,1984-01-23 00:00:00.0,2,4,1,1,167.0,291.0,1.0,54.4001,0.52,1.6,2,76300000_1976-08-12 00:00:00.0_1984-01-23 00:00:00.0,1976-08-12,1984-01-23
76300000,1976-08-12 00:00:00.0,1984-01-23 00:00:00.0,3,4,1,1,291.0,744.0,1.0,53.3934,0.49,1.6,2,76300000_1976-08-12 00:00:00.0_1984-01-23 00:00:00.0,1976-08-12,1984-01-23
76300000,1976-08-12 00:00:00.0,1984-01-23 00:00:00.0,4,4,1,1,744.0,750.0,1.0,58.5626,0.88,1.6,2,76300000_1976-08-12 00:00:00.0_1984-01-23 00:00:00.0,1976-08-12,1984-01-23
76300000,1984-01-24 00:00:00.0,1991-04-15 00:00:00.0,1,4,1,1,0.0,106.0,1.0,24.7005,-0.03,1.804,2,76300000_1984-01-24 00:00:00.0_1991-04-15 00:00:00.0,1984-01-24,1991-04-15
76300000,1984-01-24 00:00:00.0,1991-04-15 00:00:00.0,2,4,1,1,106.0,262.0,1.0,77.8814,0.62,1.2,2,76300000_1984-01-24 00:00:00.0_1991-04-15 00:00:00.0,1984-01-24,1991-04-15
76300000,1984-01-24 00:00:00.0,1991-04-15 00:00:00.0,3,4,1,1,262.0,744.0,1.0,53.3934,0.49,1.6,2,76300000_1984-01-24 00:00:00.0_1991-04-15 00:00:00.0,1984-01-24,1991-04-15
76300000,1984-01-24 00:00:00.0,1991-04-15 00:00:00.0,4,4,1,1,744.0,800.0,1.0,58.5626,0.88,1.6,2,76300000_1984-01-24 00:00:00.0_1991-04-15 00:00:00.0,1984-01-24,1991-04-15
76300000,1991-04-16 00:00:00.0,1998-09-17 00:00:00.0,1,3,1,1,-40.0,283.0,1.0,19.083,-0.42,2.036,2,76300000_1991-04-16 00:00:00.0_1998-09-17 00:00:00.0,1991-04-16,1998-09-17
76300000,1991-04-16 00:00:00.0,1998-09-17 00:00:00.0,2,3,1,1,283.0,603.0,1.0,1.1594,-2.83,3.0,2,76300000_1991-04-16 00:00:00.0_1998-09-17 00:00:00.0,1991-04-16,1998-09-17
76300000,1991-04-16 00:00:00.0,1998-09-17 00:00:00.0,3,3,1,1,603.0,950.0,1.0,58.5626,0.88,1.6,2,76300000_1991-04-16 00:00:00.0_1998-09-17 00:00:00.0,1991-04-16,1998-09-17
76300000,1998-09-18 00:00:00.0,1999-10-20 00:00:00.0,1,4,1,1,10.0,64.0,1.0,14.6071,-0.39,3.0,2,76300000_1998-09-18 00:00:00.0_1999-10-20 00:00:00.0,1998-09-18,1999-10-20
76300000,1998-09-18 00:00:00.0,1999-10-20 00:00:00.0,2,4,1,1,64.0,201.0,1.0,5.198,-0.81,3.0,2,76300000_1998-09-18 00:00:00.0_1999-10-20 00:00:00.0,1998-09-18,1999-10-20
76300000,1998-09-18 00:00:00.0,1999-10-20 00:00:00.0,3,4,1,1,201.0,283.0,1.0,19.083,-0.42,2.036,2,76300000_1998-09-18 00:00:00.0_1999-10-20 00:00:00.0,1998-09-18,1999-10-20
76300000,1998-09-18 00:00:00.0,1999-10-20 00:00:00.0,4,4,1,1,283.0,400.0,1.0,1.1594,-2.83,3.0,2,76300000_1998-09-18 00:00:00.0_1999-10-20 00:00:00.0,1998-09-18,1999-10-20
76300000,1999-10-21 00:00:00.0,2007-06-11 00:00:00.0,1,3,1,1,-10.0,211.0,1.0,34.8578,-0.14,2.019,2,76300000_1999-10-21 00:00:00.0_2007-06-11 00:00:00.0,1999-10-21,2007-06-11
76300000,1999-10-21 00:00:00.0,2007-06-11 00:00:00.0,2,3,1,1,211.0,611.0,1.0,41.3524,-0.39,1.6,2,76300000_1999-10-21 00:00:00.0_2007-06-11 00:00:00.0,1999-10-21,2007-06-11
76300000,1999-10-21 00:00:00.0,2007-06-11 00:00:00.0,3,3,1,1,611.0,850.0,1.0,58.5626,0.88,1.6,2,76300000_1999-10-21 00:00:00.0_2007-06-11 00:00:00.0,1999-10-21,2007-06-11
76300000,2007-06-12 00:00:00.0,2015-01-06 00:00:00.0,1,4,1,1,-30.0,10.0,1.0,19.083,-0.42,2.036,2,76300000_2007-06-12 00:00:00.0_2015-01-06 00:00:00.0,2007-06-12,2015-01-06
76300000,2007-06-12 00:00:00.0,2015-01-06 00:00:00.0,2,4,1,1,10.0,484.0,1.0,21.0963,-0.39,2.007,2,76300000_2007-06-12 00:00:00.0_2015-01-06 00:00:00.0,2007-06-12,2015-01-06
76300000,2007-06-12 00:00:00.0,2015-01-06 00:00:00.0,3,4,1,1,484.0,611.0,1.0,41.3524,-0.39,1.6,2,76300000_2007-06-12 00:00:00.0_2015-01-06 00:00:00.0,2007-06-12,2015-01-06
76300000,2007-06-12 00:00:00.0,2015-01-06 00:00:00.0,4,4,1,1,611.0,1000.0,1.0,58.5626,0.88,1.6,2,76300000_2007-06-12 00:00:00.0_2015-01-06 00:00:00.0,2007-06-12,2015-01-06
76300000,2015-01-07 00:00:00.0,2018-05-08 00:00:00.0,1,5,1,1,-20.0,42.0,1.0,33.9336,-0.46,2.466,2,76300000_2015-01-07 00:00:00.0_2018-05-08 00:00:00.0,2015-01-07,2018-05-08
76300000,2015-01-07 00:00:00.0,2018-05-08 00:00:00.0,2,5,1,1,42.0,130.0,1.0,53.1326,-0.14,1.317,2,76300000_2015-01-07 00:00:00.0_2018-05-08 00:00:00.0,2015-01-07,2018-05-08
76300000,2015-01-07 00:00:00.0,2018-05-08 00:00:00.0,3,5,1,1,130.0,396.0,1.0,30.6452,-0.43,1.88,2,76300000_2015-01-07 00:00:00.0_2018-05-08 00:00:00.0,2015-01-07,2018-05-08
76300000,2015-01-07 00:00:00.0,2018-05-08 00:00:00.0,4,5,1,1,396.0,786.0,1.0,24.5732,-1.41,1.786,2,76300000_2015-01-07 00:00:00.0_2018-05-08 00:00:00.0,2015-01-07,2018-05-08
76300000,2015-01-07 00:00:00.0,2018-05-08 00:00:00.0,5,5,1,1,786.0,1000.0,1.0,58.5626,0.88,1.6,2,76300000_2015-01-07 00:00:00.0_2018-05-08 00:00:00.0,2015-01-07,2018-05-08
76300000,2018-05-09 00:00:00.0,2021-01-20 00:00:00.0,1,6,1,1,-50.0,27.0,1.0,11.7935,-0.91,2.327,2,76300000_2018-05-09 00:00:00.0_2021-01-20 00:00:00.0,2018-05-09,2021-01-20
76300000,2018-05-09 00:00:00.0,2021-01-20 00:00:00.0,2,6,1,1,27.0,91.0,1.0,68.0816,-0.15,1.563,2,76300000_2018-05-09 00:00:00.0_2021-01-20 00:00:00.0,2018-05-09,2021-01-20
76300000,2018-05-09 00:00:00.0,2021-01-20 00:00:00.0,3,6,1,1,91.0,132.0,1.0,41.9191,-0.5,1.671,2,76300000_2018-05-09 00:00:00.0_2021-01-20 00:00:00.0,2018-05-09,2021-01-20
76300000,2018-05-09 00:00:00.0,2021-01-20 00:00:00.0,4,6,1,1,132.0,395.0,1.0,78.7578,0.0,1.335,2,76300000_2018-05-09 00:00:00.0_2021-01-20 00:00:00.0,2018-05-09,2021-01-20
76300000,2018-05-09 00:00:00.0,2021-01-20 00:00:00.0,5,6,1,1,395.0,786.0,1.0,24.5732,-1.41,1.786,2,76300000_2018-05-09 00:00:00.0_2021-01-20 00:00:00.0,2018-05-09,2021-01-20
76300000,2018-05-09 00:00:00.0,2021-01-20 00:00:00.0,6,6,1,1,786.0,1000.0,1.0,58.5626,0.88,1.6,2,76300000_2018-05-09 00:00:00.0_2021-01-20 00:00:00.0,2018-05-09,2021-01-20
76300000,2021-01-21 00:00:00.0,2023-05-08 00:00:00.0,1,6,1,1,-50.0,24.0,1.0,12.2701,-0.91,2.327,2,76300000_2021-01-21 00:00:00.0_2023-05-08 00:00:00.0,2021-01-21,2023-05-08
76300000,2021-01-21 00:00:00.0,2023-05-08 00:00:00.0,2,6,1,1,24.0,91.0,1.0,75.2029,-0.15,1.563,2,76300000_2021-01-21 00:00:00.0_2023-05-08 00:00:00.0,2021-01-21,2023-05-08
76300000,2021-01-21 00:00:00.0,2023-05-08 00:00:00.0,3,6,1,1,91.0,130.0,1.0,46.2566,-0.5,1.671,2,76300000_2021-01-21 00:00:00.0_2023-05-08 00:00:00.0,2021-01-21,2023-05-08
76300000,2021-01-21 00:00:00.0,2023-05-08 00:00:00.0,4,6,1,1,130.0,400.0,1.0,61.6108,-0.27,1.542,2,76300000_2021-01-21 00:00:00.0_2023-05-08 00:00:00.0,2021-01-21,2023-05-08
76300000,2021-01-21 00:00:00.0,2023-05-08 00:00:00.0,5,6,1,1,400.0,786.0,1.0,35.4901,-1.75,1.595,2,76300000_2021-01-21 00:00:00.0_2023-05-08 00:00:00.0,2021-01-21,2023-05-08
76300000,2021-01-21 00:00:00.0,2023-05-08 00:00:00.0,6,6,1,1,786.0,1000.0,1.0,58.5626,0.88,1.6,2,76300000_2021-01-21 00:00:00.0_2023-05-08 00:00:00.0,2021-01-21,2023-05-08
76300000,2023-05-09 00:00:00.0,2023-12-31 00:00:00.0,1,5,1,1,-10.0,42.0,1.0,33.9336,-0.46,2.466,2,76300000_2023-05-09 00:00:00.0_2023-12-31 00:00:00.0,2023-05-09,2023-12-31
76300000,2023-05-09 00:00:00.0,2023-12-31 00:00:00.0,2,5,1,1,42.0,130.0,1.0,53.1326,-0.14,1.317,2,76300000_2023-05-09 00:00:00.0_2023-12-31 00:00:00.0,2023-05-09,2023-12-31
76300000,2023-05-09 00:00:00.0,2023-12-31 00:00:00.0,3,5,1,1,130.0,396.0,1.0,30.6452,-0.43,1.88,2,76300000_2023-05-09 00:00:00.0_2023-12-31 00:00:00.0,2023-05-09,2023-12-31
76300000,2023-05-09 00:00:00.0,2023-12-31 00:00:00.0,4,5,1,1,396.0,786.0,1.0,24.5732,-1.41,1.786,2,76300000_2023-05-09 00:00:00.0_2023-12-31 00:00:00.0,2023-05-09,2023-12-31
76300000,2023-05-09 00:00:00.0,2023-12-31 00:00:00.0,5,5,1,1,786.0,1000.0,1.0,58.5626,0.88,1.6,2,76300000_2023-05-09 00:00:00.0_2023-12-31 00:00:00.0,2023-05-09,2023-12-31
76300000,2024-01-01 00:00:00.0,2026-12-31 00:00:00.0,1,6,1,1,-50.0,23.0,1.0,12.2701,-0.91,2.327,1,76300000_2024-01-01 00:00:00.0_2026-12-31 00:00:00.0,2024-01-01,2026-12-31
76300000,2024-01-01 00:00:00.0,2026-12-31 00:00:00.0,2,6,1,1,23.0,90.0,1.0,75.2029,-0.15,1.563,1,76300000_2024-01-01 00:00:00.0_2026-12-31 00:00:00.0,2024-01-01,2026-12-31
76300000,2024-01-01 00:00:00.0,2026-12-31 00:00:00.0,3,6,1,1,90.0,130.0,1.0,46.2566,-0.5,1.671,1,76300000_2024-01-01 00:00:00.0_2026-12-31 00:00:00.0,2024-01-01,2026-12-31
76300000,2024-01-01 00:00:00.0,2026-12-31 00:00:00.0,4,6,1,1,130.0,400.0,1.0,61.6108,-0.27,1.542,1,76300000_2024-01-01 00:00:00.0_2026-12-31 00:00:00.0,2024-01-01,2026-12-31
76300000,2024-01-01 00:00:00.0,2026-12-31 00:00:00.0,5,6,1,1,400.0,785.0,1.0,35.4901,-1.75,1.595,1,76300000_2024-01-01 00:00:00.0_2026-12-31 00:00:00.0,2024-01-01,2026-12-31
76300000,2024-01-01 00:00:00.0,2026-12-31 00:00:00.0,6,6,1,1,785.0,1100.0,1.0,58.5626,0.88,1.6,1,76300000_2024-01-01 00:00:00.0_2026-12-31 00:00:00.0,2024-01-01,2026-12-31
76310000,1967-06-01 00:00:00.0,1968-11-18 00:00:00.0,1,2.0,1,1,110.0,672.0,1.0,32.2953,0.8,2.29,2,76310000_1967-06-01 00:00:00.0_1968-11-18 00:00:00.0,1967-06-01,1968-11-18
76310000,1967-06-01 00:00:00.0,1968-11-18 00:00:00.0,2,2.0,1,1,672.0,700.0,1.0,68.9,1.05,1.91,2,76310000_1967-06-01 00:00:00.0_1968-11-18 00:00:00.0,1967-06-01,1968-11-18
76310000,1968-11-19 00:00:00.0,1970-10-17 00:00:00.0,1,2.0,1,1,90.0,311.0,1.0,53.119,0.68,2.03,2,76310000_1968-11-19 00:00:00.0_1970-10-17 00:00:00.0,1968-11-19,1970-10-17
76310000,1968-11-19 00:00:00.0,1970-10-17 00:00:00.0,2,2.0,1,1,311.0,650.0,1.0,45.3652,0.51,2.051,2,76310000_1968-11-19 00:00:00.0_1970-10-17 00:00:00.0,1968-11-19,1970-10-17
76310000,1970-10-18 00:00:00.0,1971-02-03 00:00:00.0,1,3.0,1,1,100.0,123.0,1.0,62.8094,0.63,2.7,2,76310000_1970-10-18 00:00:00.0_1971-02-03 00:00:00.0,1970-10-18,1971-02-03
76310000,1970-10-18 00:00:00.0,1971-02-03 00:00:00.0,2,3.0,1,1,123.0,311.0,1.0,53.119,0.68,2.03,2,76310000_1970-10-18 00:00:00.0_1971-02-03 00:00:00.0,1970-10-18,1971-02-03
76310000,1970-10-18 00:00:00.0,1971-02-03 00:00:00.0,3,3.0,1,1,311.0,400.0,1.0,45.3652,0.51,2.051,2,76310000_1970-10-18 00:00:00.0_1971-02-03 00:00:00.0,1970-10-18,1971-02-03
76310000,1971-02-04 00:00:00.0,1971-05-23 00:00:00.0,1,2.0,1,1,120.0,252.0,1.0,47.8822,0.77,2.0,2,76310000_1971-02-04 00:00:00.0_1971-05-23 00:00:00.0,1971-02-04,1971-05-23
76310000,1971-02-04 00:00:00.0,1971-05-23 00:00:00.0,2,2.0,1,1,252.0,500.0,1.0,62.1586,0.97,1.96,2,76310000_1971-02-04 00:00:00.0_1971-05-23 00:00:00.0,1971-02-04,1971-05-23
76310000,1971-05-24 00:00:00.0,1971-08-30 00:00:00.0,1,3.0,1,1,120.0,171.0,1.0,75.565,0.86,1.8,2,76310000_1971-05-24 00:00:00.0_1971-08-30 00:00:00.0,1971-05-24,1971-08-30
76310000,1971-05-24 00:00:00.0,1971-08-30 00:00:00.0,2,3.0,1,1,171.0,311.0,1.0,53.119,0.68,2.03,2,76310000_1971-05-24 00:00:00.0_1971-08-30 00:00:00.0,1971-05-24,1971-08-30
76310000,1971-05-24 00:00:00.0,1971-08-30 00:00:00.0,3,3.0,1,1,311.0,400.0,1.0,45.3652,0.51,2.051,2,76310000_1971-05-24 00:00:00.0_1971-08-30 00:00:00.0,1971-05-24,1971-08-30
76310000,1971-08-31 00:00:00.0,1972-06-08 00:00:00.0,1,,1,1,80.0,350.0,1.0,68.9864,0.68,1.774,2,76310000_1971-08-31 00:00:00.0_1972-06-08 00:00:00.0,1971-08-31,1972-06-08
76310000,1972-06-09 00:00:00.0,1972-11-30 00:00:00.0,1,2.0,1,1,190.0,725.0,1.0,62.1586,0.97,1.96,2,76310000_1972-06-09 00:00:00.0_1972-11-30 00:00:00.0,1972-06-09,1972-11-30
76310000,1972-06-09 00:00:00.0,1972-11-30 00:00:00.0,2,2.0,1,1,725.0,800.0,1.0,221.6487,2.96,1.6,2,76310000_1972-06-09 00:00:00.0_1972-11-30 00:00:00.0,1972-06-09,1972-11-30
76310000,1972-12-01 00:00:00.0,1973-03-17 00:00:00.0,1,2.0,1,1,140.0,610.0,1.0,40.14,0.91,2.109,2,76310000_1972-12-01 00:00:00.0_1973-03-17 00:00:00.0,1972-12-01,1973-03-17
76310000,1972-12-01 00:00:00.0,1973-03-17 00:00:00.0,2,2.0,1,1,610.0,800.0,1.0,245.0,3.27,1.601,2,76310000_1972-12-01 00:00:00.0_1973-03-17 00:00:00.0,1972-12-01,1973-03-17
76310000,1973-03-18 00:00:00.0,1974-02-03 00:00:00.0,1,3.0,1,1,110.0,217.0,1.0,49.2787,0.87,2.1,2,76310000_1973-03-18 00:00:00.0_1974-02-03 00:00:00.0,1973-03-18,1974-02-03
76310000,1973-03-18 00:00:00.0,1974-02-03 00:00:00.0,2,3.0,1,1,217.0,706.0,1.0,68.9,1.05,1.91,2,76310000_1973-03-18 00:00:00.0_1974-02-03 00:00:00.0,1973-03-18,1974-02-03
76310000,1973-03-18 00:00:00.0,1974-02-03 00:00:00.0,3,3.0,1,1,706.0,750.0,1.0,221.6487,2.96,1.6,2,76310000_1973-03-18 00:00:00.0_1974-02-03 00:00:00.0,1973-03-18,1974-02-03
76310000,1974-02-04 00:00:00.0,1974-11-28 00:00:00.0,1,2.0,1,1,110.0,215.0,1.0,71.8744,0.86,1.825,2,76310000_1974-02-04 00:00:00.0_1974-11-28 00:00:00.0,1974-02-04,1974-11-28
76310000,1974-02-04 00:00:00.0,1974-11-28 00:00:00.0,2,2.0,1,1,215.0,500.0,1.0,48.0156,0.62,2.041,2,76310000_1974-02-04 00:00:00.0_1974-11-28 00:00:00.0,1974-02-04,1974-11-28
76310000,1974-11-29 00:00:00.0,1976-10-31 00:00:00.0,1,2.0,1,1,90.0,177.0,1.0,44.4166,0.54,2.4,2,76310000_1974-11-29 00:00:00.0_1976-10-31 00:00:00.0,1974-11-29,1976-10-31
76310000,1974-11-29 00:00:00.0,1976-10-31 00:00:00.0,2,2.0,1,1,177.0,650.0,1.0,45.3652,0.51,2.051,2,76310000_1974-11-29 00:00:00.0_1976-10-31 00:00:00.0,1974-11-29,1976-10-31
76310000,1976-11-01 00:00:00.0,1977-07-24 00:00:00.0,1,,1,1,120.0,700.0,1.0,45.3652,0.51,2.051,2,76310000_1976-11-01 00:00:00.0_1977-07-24 00:00:00.0,1976-11-01,1977-07-24
76310000,1977-07-25 00:00:00.0,1978-05-24 00:00:00.0,1,2.0,1,1,100.0,488.0,1.0,51.5984,0.78,2.026,2,76310000_1977-07-25 00:00:00.0_1978-05-24 00:00:00.0,1977-07-25,1978-05-24
76310000,1977-07-25 00:00:00.0,1978-05-24 00:00:00.0,2,2.0,1,1,488.0,700.0,1.0,62.1586,0.97,1.96,2,76310000_1977-07-25 00:00:00.0_1978-05-24 00:00:00.0,1977-07-25,1978-05-24
76310000,1978-05-25 00:00:00.0,1980-04-20 00:00:00.0,1,3.0,1,1,90.0,199.0,1.0,35.6676,0.44,2.159,2,76310000_1978-05-25 00:00:00.0_1980-04-20 00:00:00.0,1978-05-25,1980-04-20
76310000,1978-05-25 00:00:00.0,1980-04-20 00:00:00.0,2,3.0,1,1,199.0,311.0,1.0,53.119,0.68,2.03,2,76310000_1978-05-25 00:00:00.0_1980-04-20 00:00:00.0,1978-05-25,1980-04-20
76310000,1978-05-25 00:00:00.0,1980-04-20 00:00:00.0,3,3.0,1,1,311.0,650.0,1.0,45.3652,0.51,2.051,2,76310000_1978-05-25 00:00:00.0_1980-04-20 00:00:00.0,1978-05-25,1980-04-20
76310000,1980-04-21 00:00:00.0,1984-01-23 00:00:00.0,1,4.0,1,1,70.0,86.0,1.0,17.0678,0.62,1.6,2,76310000_1980-04-21 00:00:00.0_1984-01-23 00:00:00.0,1980-04-21,1984-01-23
76310000,1980-04-21 00:00:00.0,1984-01-23 00:00:00.0,2,4.0,1,1,86.0,99.0,1.0,50.7153,0.64,2.205,2,76310000_1980-04-21 00:00:00.0_1984-01-23 00:00:00.0,1980-04-21,1984-01-23
76310000,1980-04-21 00:00:00.0,1984-01-23 00:00:00.0,3,4.0,1,1,99.0,725.0,1.0,71.4251,0.75,1.852,2,76310000_1980-04-21 00:00:00.0_1984-01-23 00:00:00.0,1980-04-21,1984-01-23
76310000,1980-04-21 00:00:00.0,1984-01-23 00:00:00.0,4,4.0,1,1,725.0,750.0,1.0,201.9465,2.69,1.6,2,76310000_1980-04-21 00:00:00.0_1984-01-23 00:00:00.0,1980-04-21,1984-01-23
76310000,1984-01-24 00:00:00.0,1986-10-31 00:00:00.0,1,2.0,1,1,80.0,744.0,1.0,63.7742,0.63,1.9,2,76310000_1984-01-24 00:00:00.0_1986-10-31 00:00:00.0,1984-01-24,1986-10-31
76310000,1984-01-24 00:00:00.0,1986-10-31 00:00:00.0,2,2.0,1,1,744.0,800.0,1.0,221.6487,2.96,1.6,2,76310000_1984-01-24 00:00:00.0_1986-10-31 00:00:00.0,1984-01-24,1986-10-31
76310000,1986-11-01 00:00:00.0,1987-04-08 00:00:00.0,1,3.0,1,1,120.0,202.0,1.0,62.2001,0.92,1.956,2,76310000_1986-11-01 00:00:00.0_1987-04-08 00:00:00.0,1986-11-01,1987-04-08
76310000,1986-11-01 00:00:00.0,1987-04-08 00:00:00.0,2,3.0,1,1,202.0,252.0,1.0,47.8822,0.77,2.0,2,76310000_1986-11-01 00:00:00.0_1987-04-08 00:00:00.0,1986-11-01,1987-04-08
76310000,1986-11-01 00:00:00.0,1987-04-08 00:00:00.0,3,3.0,1,1,252.0,700.0,1.0,62.1586,0.97,1.96,2,76310000_1986-11-01 00:00:00.0_1987-04-08 00:00:00.0,1986-11-01,1987-04-08
76310000,1987-04-09 00:00:00.0,1988-09-24 00:00:00.0,1,3.0,1,1,110.0,535.0,1.0,70.3389,0.82,1.881,2,76310000_1987-04-09 00:00:00.0_1988-09-24 00:00:00.0,1987-04-09,1988-09-24
76310000,1987-04-09 00:00:00.0,1988-09-24 00:00:00.0,2,3.0,1,1,535.0,725.0,1.0,71.4251,0.75,1.852,2,76310000_1987-04-09 00:00:00.0_1988-09-24 00:00:00.0,1987-04-09,1988-09-24
76310000,1987-04-09 00:00:00.0,1988-09-24 00:00:00.0,3,3.0,1,1,725.0,750.0,1.0,201.9465,2.69,1.6,2,76310000_1987-04-09 00:00:00.0_1988-09-24 00:00:00.0,1987-04-09,1988-09-24
76310000,1988-09-25 00:00:00.0,1990-10-24 00:00:00.0,1,4.0,1,1,60.0,84.0,1.0,15.7778,0.57,2.1,2,76310000_1988-09-25 00:00:00.0_1990-10-24 00:00:00.0,1988-09-25,1990-10-24
76310000,1988-09-25 00:00:00.0,1990-10-24 00:00:00.0,2,4.0,1,1,84.0,117.0,1.0,62.8094,0.62,2.7,2,76310000_1988-09-25 00:00:00.0_1990-10-24 00:00:00.0,1988-09-25,1990-10-24
76310000,1988-09-25 00:00:00.0,1990-10-24 00:00:00.0,3,4.0,1,1,117.0,311.0,1.0,53.119,0.68,2.03,2,76310000_1988-09-25 00:00:00.0_1990-10-24 00:00:00.0,1988-09-25,1990-10-24
76310000,1988-09-25 00:00:00.0,1990-10-24 00:00:00.0,4,4.0,1,1,311.0,600.0,1.0,45.3652,0.51,2.051,2,76310000_1988-09-25 00:00:00.0_1990-10-24 00:00:00.0,1988-09-25,1990-10-24
76310000,1990-10-25 00:00:00.0,1994-10-19 00:00:00.0,1,3.0,1,1,70.0,161.0,1.0,63.7742,0.63,1.908,2,76310000_1990-10-25 00:00:00.0_1994-10-19 00:00:00.0,1990-10-25,1994-10-19
76310000,1990-10-25 00:00:00.0,1994-10-19 00:00:00.0,2,3.0,1,1,161.0,743.0,1.0,63.7742,0.63,1.9,2,76310000_1990-10-25 00:00:00.0_1994-10-19 00:00:00.0,1990-10-25,1994-10-19
76310000,1990-10-25 00:00:00.0,1994-10-19 00:00:00.0,3,3.0,1,1,743.0,1000.0,1.0,229.2063,3.05,1.6,2,76310000_1990-10-25 00:00:00.0_1994-10-19 00:00:00.0,1990-10-25,1994-10-19
76310000,1994-10-20 00:00:00.0,1997-12-22 00:00:00.0,1,3.0,1,1,30.0,79.0,1.0,55.1038,0.33,1.8,2,76310000_1994-10-20 00:00:00.0_1997-12-22 00:00:00.0,1994-10-20,1997-12-22
76310000,1994-10-20 00:00:00.0,1997-12-22 00:00:00.0,2,3.0,1,1,79.0,601.0,1.0,62.5,0.35,1.856,2,76310000_1994-10-20 00:00:00.0_1997-12-22 00:00:00.0,1994-10-20,1997-12-22
76310000,1994-10-20 00:00:00.0,1997-12-22 00:00:00.0,3,3.0,1,1,601.0,650.0,1.0,63.7742,0.63,1.9,2,76310000_1994-10-20 00:00:00.0_1997-12-22 00:00:00.0,1994-10-20,1997-12-22
76310000,1997-12-23 00:00:00.0,1999-04-10 00:00:00.0,1,3.0,1,1,70.0,535.0,1.0,74.1879,0.62,1.8,2,76310000_1997-12-23 00:00:00.0_1999-04-10 00:00:00.0,1997-12-23,1999-04-10
76310000,1997-12-23 00:00:00.0,1999-04-10 00:00:00.0,2,3.0,1,1,535.0,743.0,1.0,63.7742,0.63,1.9,2,76310000_1997-12-23 00:00:00.0_1999-04-10 00:00:00.0,1997-12-23,1999-04-10
76310000,1997-12-23 00:00:00.0,1999-04-10 00:00:00.0,3,3.0,1,1,743.0,950.0,1.0,229.2063,3.05,1.6,2,76310000_1997-12-23 00:00:00.0_1999-04-10 00:00:00.0,1997-12-23,1999-04-10
76310000,1999-04-11 00:00:00.0,2000-05-12 00:00:00.0,1,3.0,1,1,40.0,65.0,1.0,23.7957,0.36,1.7,2,76310000_1999-04-11 00:00:00.0_2000-05-12 00:00:00.0,1999-04-11,2000-05-12
76310000,1999-04-11 00:00:00.0,2000-05-12 00:00:00.0,2,3.0,1,1,65.0,136.0,1.0,52.3712,0.47,1.702,2,76310000_1999-04-11 00:00:00.0_2000-05-12 00:00:00.0,1999-04-11,2000-05-12
76310000,1999-04-11 00:00:00.0,2000-05-12 00:00:00.0,3,3.0,1,1,136.0,500.0,1.0,74.1879,0.62,1.8,2,76310000_1999-04-11 00:00:00.0_2000-05-12 00:00:00.0,1999-04-11,2000-05-12
76310000,2000-05-13 00:00:00.0,2003-08-13 00:00:00.0,1,2.0,1,1,50.0,743.0,1.0,69.2919,0.37,1.821,2,76310000_2000-05-13 00:00:00.0_2003-08-13 00:00:00.0,2000-05-13,2003-08-13
76310000,2000-05-13 00:00:00.0,2003-08-13 00:00:00.0,2,2.0,1,1,743.0,950.0,1.0,229.2063,3.05,1.6,2,76310000_2000-05-13 00:00:00.0_2003-08-13 00:00:00.0,2000-05-13,2003-08-13
76310000,2003-08-14 00:00:00.0,2005-10-11 00:00:00.0,1,3.0,1,1,40.0,66.0,1.0,46.8772,0.34,1.6,2,76310000_2003-08-14 00:00:00.0_2005-10-11 00:00:00.0,2003-08-14,2005-10-11
76310000,2003-08-14 00:00:00.0,2005-10-11 00:00:00.0,2,3.0,1,1,66.0,187.0,1.0,71.6823,0.33,2.025,2,76310000_2003-08-14 00:00:00.0_2005-10-11 00:00:00.0,2003-08-14,2005-10-11
76310000,2003-08-14 00:00:00.0,2005-10-11 00:00:00.0,3,3.0,1,1,187.0,600.0,1.0,64.5951,0.16,1.822,2,76310000_2003-08-14 00:00:00.0_2005-10-11 00:00:00.0,2003-08-14,2005-10-11
76310000,2005-10-12 00:00:00.0,2008-10-26 00:00:00.0,1,3.0,1,1,0.0,50.0,1.0,32.613,-0.14,2.9,2,76310000_2005-10-12 00:00:00.0_2008-10-26 00:00:00.0,2005-10-12,2008-10-26
76310000,2005-10-12 00:00:00.0,2008-10-26 00:00:00.0,2,3.0,1,1,50.0,64.0,1.0,155.359,0.12,2.95,2,76310000_2005-10-12 00:00:00.0_2008-10-26 00:00:00.0,2005-10-12,2008-10-26
76310000,2005-10-12 00:00:00.0,2008-10-26 00:00:00.0,3,3.0,1,1,64.0,650.0,1.0,68.0,0.1,1.798,2,76310000_2005-10-12 00:00:00.0_2008-10-26 00:00:00.0,2005-10-12,2008-10-26
76310000,2008-10-27 00:00:00.0,2010-01-20 00:00:00.0,1,3.0,1,1,10.0,263.0,1.0,70.9811,0.0,1.681,2,76310000_2008-10-27 00:00:00.0_2010-01-20 00:00:00.0,2008-10-27,2010-01-20
76310000,2008-10-27 00:00:00.0,2010-01-20 00:00:00.0,2,3.0,1,1,263.0,746.0,1.0,68.0,0.1,1.798,2,76310000_2008-10-27 00:00:00.0_2010-01-20 00:00:00.0,2008-10-27,2010-01-20
76310000,2008-10-27 00:00:00.0,2010-01-20 00:00:00.0,3,3.0,1,1,746.0,900.0,1.0,229.2063,3.05,1.6,2,76310000_2008-10-27 00:00:00.0_2010-01-20 00:00:00.0,2008-10-27,2010-01-20
76310000,2010-01-21 00:00:00.0,2011-01-29 00:00:00.0,1,2.0,1,1,10.0,155.0,1.0,28.493,-0.15,2.9,2,76310000_2010-01-21 00:00:00.0_2011-01-29 00:00:00.0,2010-01-21,2011-01-29
76310000,2010-01-21 00:00:00.0,2011-01-29 00:00:00.0,2,2.0,1,1,155.0,600.0,1.0,68.0,0.1,1.798,2,76310000_2010-01-21 00:00:00.0_2011-01-29 00:00:00.0,2010-01-21,2011-01-29
76310000,2011-01-30 00:00:00.0,2011-04-28 00:00:00.0,1,,1,1,20.0,150.0,1.0,66.1096,0.03,1.8,2,76310000_2011-01-30 00:00:00.0_2011-04-28 00:00:00.0,2011-01-30,2011-04-28
76310000,2011-04-29 00:00:00.0,2012-02-25 00:00:00.0,1,2.0,1,1,-30.0,106.0,1.0,31.5832,-0.4,2.9,2,76310000_2011-04-29 00:00:00.0_2012-02-25 00:00:00.0,2011-04-29,2012-02-25
76310000,2011-04-29 00:00:00.0,2012-02-25 00:00:00.0,2,2.0,1,1,106.0,350.0,1.0,39.0,-0.5,1.99,2,76310000_2011-04-29 00:00:00.0_2012-02-25 00:00:00.0,2011-04-29,2012-02-25
76310000,2012-02-26 00:00:00.0,2015-06-18 00:00:00.0,1,3.0,1,1,-30.0,359.0,1.0,39.0,-0.5,1.99,2,76310000_2012-02-26 00:00:00.0_2015-06-18 00:00:00.0,2012-02-26,2015-06-18
76310000,2012-02-26 00:00:00.0,2015-06-18 00:00:00.0,2,3.0,1,1,359.0,746.0,1.0,68.0,0.1,1.798,2,76310000_2012-02-26 00:00:00.0_2015-06-18 00:00:00.0,2012-02-26,2015-06-18
76310000,2012-02-26 00:00:00.0,2015-06-18 00:00:00.0,3,3.0,1,1,746.0,1000.0,1.0,229.2063,3.05,1.6,2,76310000_2012-02-26 00:00:00.0_2015-06-18 00:00:00.0,2012-02-26,2015-06-18
76310000,2015-06-19 00:00:00.0,2017-10-25 00:00:00.0,1,4.0,1,1,-30.0,300.0,1.0,51.4923,-0.68,1.7,2,76310000_2015-06-19 00:00:00.0_2017-10-25 00:00:00.0,2015-06-19,2017-10-25
76310000,2015-06-19 00:00:00.0,2017-10-25 00:00:00.0,2,4.0,1,1,300.0,359.0,1.0,39.0,-0.5,1.99,2,76310000_2015-06-19 00:00:00.0_2017-10-25 00:00:00.0,2015-06-19,2017-10-25
76310000,2015-06-19 00:00:00.0,2017-10-25 00:00:00.0,3,4.0,1,1,359.0,746.0,1.0,68.0,0.1,1.798,2,76310000_2015-06-19 00:00:00.0_2017-10-25 00:00:00.0,2015-06-19,2017-10-25
76310000,2015-06-19 00:00:00.0,2017-10-25 00:00:00.0,4,4.0,1,1,746.0,1000.0,1.0,229.2063,3.05,1.6,2,76310000_2015-06-19 00:00:00.0_2017-10-25 00:00:00.0,2015-06-19,2017-10-25
76310000,2017-10-26 00:00:00.0,2018-05-06 00:00:00.0,1,3.0,1,1,-50.0,359.0,1.0,39.0,-0.5,1.99,2,76310000_2017-10-26 00:00:00.0_2018-05-06 00:00:00.0,2017-10-26,2018-05-06
76310000,2017-10-26 00:00:00.0,2018-05-06 00:00:00.0,2,3.0,1,1,359.0,746.0,1.0,68.0,0.1,1.798,2,76310000_2017-10-26 00:00:00.0_2018-05-06 00:00:00.0,2017-10-26,2018-05-06
76310000,2017-10-26 00:00:00.0,2018-05-06 00:00:00.0,3,3.0,1,1,746.0,1000.0,1.0,229.2063,3.05,1.6,2,76310000_2017-10-26 00:00:00.0_2018-05-06 00:00:00.0,2017-10-26,2018-05-06
76310000,2018-05-07 00:00:00.0,2019-11-03 00:00:00.0,1,3.0,1,1,-20.0,397.0,1.0,51.265,-0.97,1.7,2,76310000_2018-05-07 00:00:00.0_2019-11-03 00:00:00.0,2018-05-07,2019-11-03
76310000,2018-05-07 00:00:00.0,2019-11-03 00:00:00.0,2,3.0,1,1,397.0,746.0,1.0,68.0,0.1,1.798,2,76310000_2018-05-07 00:00:00.0_2019-11-03 00:00:00.0,2018-05-07,2019-11-03
76310000,2018-05-07 00:00:00.0,2019-11-03 00:00:00.0,3,3.0,1,1,746.0,1000.0,1.0,229.2063,3.05,1.6,2,76310000_2018-05-07 00:00:00.0_2019-11-03 00:00:00.0,2018-05-07,2019-11-03
76310000,2019-11-04 00:00:00.0,2020-05-24 00:00:00.0,1,4.0,1,1,-70.0,294.0,1.0,44.8311,-0.97,1.7,2,76310000_2019-11-04 00:00:00.0_2020-05-24 00:00:00.0,2019-11-04,2020-05-24
76310000,2019-11-04 00:00:00.0,2020-05-24 00:00:00.0,2,4.0,1,1,294.0,359.0,1.0,39.0,-0.5,1.99,2,76310000_2019-11-04 00:00:00.0_2020-05-24 00:00:00.0,2019-11-04,2020-05-24
76310000,2019-11-04 00:00:00.0,2020-05-24 00:00:00.0,3,4.0,1,1,359.0,746.0,1.0,68.0,0.1,1.798,2,76310000_2019-11-04 00:00:00.0_2020-05-24 00:00:00.0,2019-11-04,2020-05-24
76310000,2019-11-04 00:00:00.0,2020-05-24 00:00:00.0,4,4.0,1,1,746.0,1000.0,1.0,229.2063,3.05,1.6,2,76310000_2019-11-04 00:00:00.0_2020-05-24 00:00:00.0,2019-11-04,2020-05-24
76310000,2020-05-25 00:00:00.0,2022-10-27 00:00:00.0,1,4.0,1,1,-190.0,142.0,1.0,16.6425,-2.35,2.0,2,76310000_2020-05-25 00:00:00.0_2022-10-27 00:00:00.0,2020-05-25,2022-10-27
76310000,2020-05-25 00:00:00.0,2022-10-27 00:00:00.0,2,4.0,1,1,142.0,397.0,1.0,14.394,-2.15,2.2,2,76310000_2020-05-25 00:00:00.0_2022-10-27 00:00:00.0,2020-05-25,2022-10-27
76310000,2020-05-25 00:00:00.0,2022-10-27 00:00:00.0,3,4.0,1,1,397.0,746.0,1.0,68.0,0.1,1.798,2,76310000_2020-05-25 00:00:00.0_2022-10-27 00:00:00.0,2020-05-25,2022-10-27
76310000,2020-05-25 00:00:00.0,2022-10-27 00:00:00.0,4,4.0,1,1,746.0,1000.0,1.0,229.2063,3.05,1.6,2,76310000_2020-05-25 00:00:00.0_2022-10-27 00:00:00.0,2020-05-25,2022-10-27
76310000,2022-10-28 00:00:00.0,2023-12-31 00:00:00.0,1,4.0,1,1,-100.0,223.0,1.0,42.1999,-1.22,1.7,2,76310000_2022-10-28 00:00:00.0_2023-12-31 00:00:00.0,2022-10-28,2023-12-31
76310000,2022-10-28 00:00:00.0,2023-12-31 00:00:00.0,2,4.0,1,1,223.0,399.0,1.0,57.7531,-0.64,1.7,2,76310000_2022-10-28 00:00:00.0_2023-12-31 00:00:00.0,2022-10-28,2023-12-31
76310000,2022-10-28 00:00:00.0,2023-12-31 00:00:00.0,3,4.0,1,1,399.0,746.0,1.0,68.0,0.1,1.798,2,76310000_2022-10-28 00:00:00.0_2023-12-31 00:00:00.0,2022-10-28,2023-12-31
76310000,2022-10-28 00:00:00.0,2023-12-31 00:00:00.0,4,4.0,1,1,746.0,1000.0,1.0,229.2063,3.05,1.6,2,76310000_2022-10-28 00:00:00.0_2023-12-31 00:00:00.0,2022-10-28,2023-12-31
76310000,2024-01-01 00:00:00.0,2026-12-31 00:00:00.0,1,3.0,1,1,-200.0,208.0,,5.8172,-2.29,2.711,1,76310000_2024-01-01 00:00:00.0_2026-12-31 00:00:00.0,2024-01-01,2026-12-31
76310000,2024-01-01 00:00:00.0,2026-12-31 00:00:00.0,2,3.0,1,1,208.0,735.0,,82.011,-0.13,1.705,1,76310000_2024-01-01 00:00:00.0_2026-12-31 00:00:00.0,2024-01-01,2026-12-31
76310000,2024-01-01 00:00:00.0,2026-12-31 00:00:00.0,3,3.0,1,1,735.0,1500.0,1.0,0.1146,-2.0,4.478,1,76310000_2024-01-01 00:00:00.0_2026-12-31 00:00:00.0,2024-01-01,2026-12-31
76560000,1967-06-01 00:00:00.0,1970-06-22 00:00:00.0,1,2,1,1,120.0,817.0,1.0,35.9498,0.46,2.013,2,76560000_1967-06-01 00:00:00.0_1970-06-22 00:00:00.0,1967-06-01,1970-06-22
76560000,1967-06-01 00:00:00.0,1970-06-22 00:00:00.0,2,2,1,1,817.0,900.0,1.0,208.2665,3.81,1.6,2,76560000_1967-06-01 00:00:00.0_1970-06-22 00:00:00.0,1967-06-01,1970-06-22
76560000,1970-06-23 00:00:00.0,1974-01-21 00:00:00.0,1,4,1,1,140.0,543.0,1.0,41.6678,0.65,1.94,2,76560000_1970-06-23 00:00:00.0_1974-01-21 00:00:00.0,1970-06-23,1974-01-21
76560000,1970-06-23 00:00:00.0,1974-01-21 00:00:00.0,2,4,1,1,543.0,761.0,1.0,264.4189,2.74,1.2,2,76560000_1970-06-23 00:00:00.0_1974-01-21 00:00:00.0,1970-06-23,1974-01-21
76560000,1970-06-23 00:00:00.0,1974-01-21 00:00:00.0,3,4,1,1,761.0,940.0,1.0,192.6191,3.61,1.6,2,76560000_1970-06-23 00:00:00.0_1974-01-21 00:00:00.0,1970-06-23,1974-01-21
76560000,1970-06-23 00:00:00.0,1974-01-21 00:00:00.0,4,4,1,1,940.0,1100.0,1.0,147.86,2.57,1.6,2,76560000_1970-06-23 00:00:00.0_1974-01-21 00:00:00.0,1970-06-23,1974-01-21
76560000,1974-01-22 00:00:00.0,1976-11-16 00:00:00.0,1,3,1,1,160.0,702.0,1.0,40.7719,0.35,1.929,2,76560000_1974-01-22 00:00:00.0_1976-11-16 00:00:00.0,1974-01-22,1976-11-16
76560000,1974-01-22 00:00:00.0,1976-11-16 00:00:00.0,2,3,1,1,702.0,817.0,1.0,35.9498,0.46,2.013,2,76560000_1974-01-22 00:00:00.0_1976-11-16 00:00:00.0,1974-01-22,1976-11-16
76560000,1974-01-22 00:00:00.0,1976-11-16 00:00:00.0,3,3,1,1,817.0,900.0,1.0,208.2665,3.81,1.6,2,76560000_1974-01-22 00:00:00.0_1976-11-16 00:00:00.0,1974-01-22,1976-11-16
76560000,1976-11-17 00:00:00.0,1992-04-11 00:00:00.0,1,4,1,1,10.0,91.0,1.0,21.2246,-0.16,2.268,2,76560000_1976-11-17 00:00:00.0_1992-04-11 00:00:00.0,1976-11-17,1992-04-11
76560000,1976-11-17 00:00:00.0,1992-04-11 00:00:00.0,2,4,1,1,91.0,669.0,1.0,23.1933,-0.12,2.172,2,76560000_1976-11-17 00:00:00.0_1992-04-11 00:00:00.0,1976-11-17,1992-04-11
76560000,1976-11-17 00:00:00.0,1992-04-11 00:00:00.0,3,4,1,1,669.0,736.0,1.0,1.4305,-3.46,3.0,2,76560000_1976-11-17 00:00:00.0_1992-04-11 00:00:00.0,1976-11-17,1992-04-11
76560000,1976-11-17 00:00:00.0,1992-04-11 00:00:00.0,4,4,1,1,736.0,1200.0,1.0,147.86,2.57,1.6,2,76560000_1976-11-17 00:00:00.0_1992-04-11 00:00:00.0,1976-11-17,1992-04-11
76560000,1992-04-12 00:00:00.0,1997-10-15 00:00:00.0,1,3,1,1,20.0,258.0,1.0,26.1406,-0.16,2.119,2,76560000_1992-04-12 00:00:00.0_1997-10-15 00:00:00.0,1992-04-12,1997-10-15
76560000,1992-04-12 00:00:00.0,1997-10-15 00:00:00.0,2,3,1,1,258.0,767.0,1.0,64.6989,0.56,1.75,2,76560000_1992-04-12 00:00:00.0_1997-10-15 00:00:00.0,1992-04-12,1997-10-15
76560000,1992-04-12 00:00:00.0,1997-10-15 00:00:00.0,3,3,1,1,767.0,1350.0,1.0,147.86,2.57,1.6,2,76560000_1992-04-12 00:00:00.0_1997-10-15 00:00:00.0,1992-04-12,1997-10-15
76560000,1997-10-16 00:00:00.0,2007-02-24 00:00:00.0,1,4,1,1,50.0,260.0,1.0,34.3183,0.28,2.233,2,76560000_1997-10-16 00:00:00.0_2007-02-24 00:00:00.0,1997-10-16,2007-02-24
76560000,1997-10-16 00:00:00.0,2007-02-24 00:00:00.0,2,4,1,1,260.0,520.0,1.0,65.5131,0.56,1.728,2,76560000_1997-10-16 00:00:00.0_2007-02-24 00:00:00.0,1997-10-16,2007-02-24
76560000,1997-10-16 00:00:00.0,2007-02-24 00:00:00.0,3,4,1,1,520.0,736.0,1.0,1.4305,-3.46,3.0,2,76560000_1997-10-16 00:00:00.0_2007-02-24 00:00:00.0,1997-10-16,2007-02-24
76560000,1997-10-16 00:00:00.0,2007-02-24 00:00:00.0,4,4,1,1,736.0,1350.0,1.0,147.86,2.57,1.6,2,76560000_1997-10-16 00:00:00.0_2007-02-24 00:00:00.0,1997-10-16,2007-02-24
76560000,2007-02-25 00:00:00.0,2020-07-04 00:00:00.0,1,2,1,1,60.0,767.0,1.0,64.6989,0.56,1.75,2,76560000_2007-02-25 00:00:00.0_2020-07-04 00:00:00.0,2007-02-25,2020-07-04
76560000,2007-02-25 00:00:00.0,2020-07-04 00:00:00.0,2,2,1,1,767.0,1350.0,1.0,147.86,2.57,1.6,2,76560000_2007-02-25 00:00:00.0_2020-07-04 00:00:00.0,2007-02-25,2020-07-04
76560000,2020-07-05 00:00:00.0,2023-12-31 00:00:00.0,1,2,1,1,70.0,766.0,1.0,85.2862,0.57,1.61,2,76560000_2020-07-05 00:00:00.0_2023-12-31 00:00:00.0,2020-07-05,2023-12-31
76560000,2020-07-05 00:00:00.0,2023-12-31 00:00:00.0,2,2,1,1,766.0,1350.0,1.0,147.86,2.57,1.6,2,76560000_2020-07-05 00:00:00.0_2023-12-31 00:00:00.0,2020-07-05,2023-12-31
76560000,2024-01-01 00:00:00.0,2026-12-31 00:00:00.0,1,3,1,1,53.0,291.0,1.0,31.2053,0.07,2.249,1,76560000_2024-01-01 00:00:00.0_2026-12-31 00:00:00.0,2024-01-01,2026-12-31
76560000,2024-01-01 00:00:00.0,2026-12-31 00:00:00.0,2,3,1,1,291.0,1057.0,1.0,22.0697,-0.55,2.171,1,76560000_2024-01-01 00:00:00.0_2026-12-31 00:00:00.0,2024-01-01,2026-12-31
76560000,2024-01-01 00:00:00.0,2026-12-31 00:00:00.0,3,3,1,1,1057.0,1485.0,1.0,147.86,2.57,1.6,1,76560000_2024-01-01 00:00:00.0_2026-12-31 00:00:00.0,2024-01-01,2026-12-31
76742000,1977-03-01 00:00:00.0,1980-04-26 00:00:00.0,1,4,1,1,20.0,29.0,1.0,3.5222,0.13,1.6,2,76742000_1977-03-01 00:00:00.0_1980-04-26 00:00:00.0,1977-03-01,1980-04-26
76742000,1977-03-01 00:00:00.0,1980-04-26 00:00:00.0,2,4,1,1,29.0,51.0,1.0,5.3411,0.17,1.575,2,76742000_1977-03-01 00:00:00.0_1980-04-26 00:00:00.0,1977-03-01,1980-04-26
76742000,1977-03-01 00:00:00.0,1980-04-26 00:00:00.0,3,4,1,1,51.0,477.0,1.0,6.0117,0.21,1.508,2,76742000_1977-03-01 00:00:00.0_1980-04-26 00:00:00.0,1977-03-01,1980-04-26
76742000,1977-03-01 00:00:00.0,1980-04-26 00:00:00.0,4,4,1,1,477.0,700.0,1.0,65.781,3.82,1.897,2,76742000_1977-03-01 00:00:00.0_1980-04-26 00:00:00.0,1977-03-01,1980-04-26
76742000,1980-04-27 00:00:00.0,1981-08-05 00:00:00.0,1,4,1,1,50.0,246.0,1.0,1.46,-0.56,2.612,2,76742000_1980-04-27 00:00:00.0_1981-08-05 00:00:00.0,1980-04-27,1981-08-05
76742000,1980-04-27 00:00:00.0,1981-08-05 00:00:00.0,2,4,1,1,246.0,485.0,1.0,0.6867,-1.05,2.9,2,76742000_1980-04-27 00:00:00.0_1981-08-05 00:00:00.0,1980-04-27,1981-08-05
76742000,1980-04-27 00:00:00.0,1981-08-05 00:00:00.0,3,4,1,1,485.0,536.0,1.0,0.5974,-1.34,2.9,2,76742000_1980-04-27 00:00:00.0_1981-08-05 00:00:00.0,1980-04-27,1981-08-05
76742000,1980-04-27 00:00:00.0,1981-08-05 00:00:00.0,4,4,1,1,536.0,600.0,1.0,65.781,3.82,1.897,2,76742000_1980-04-27 00:00:00.0_1981-08-05 00:00:00.0,1980-04-27,1981-08-05
76742000,1981-08-06 00:00:00.0,1982-05-14 00:00:00.0,1,3,1,1,0.0,56.0,1.0,3.3356,-0.25,1.6,2,76742000_1981-08-06 00:00:00.0_1982-05-14 00:00:00.0,1981-08-06,1982-05-14
76742000,1981-08-06 00:00:00.0,1982-05-14 00:00:00.0,2,3,1,1,56.0,312.0,1.0,2.885,-0.36,2.27,2,76742000_1981-08-06 00:00:00.0_1982-05-14 00:00:00.0,1981-08-06,1982-05-14
76742000,1981-08-06 00:00:00.0,1982-05-14 00:00:00.0,3,3,1,1,312.0,500.0,1.0,0.8694,-0.73,2.99,2,76742000_1981-08-06 00:00:00.0_1982-05-14 00:00:00.0,1981-08-06,1982-05-14
76742000,1982-05-15 00:00:00.0,1984-05-07 00:00:00.0,1,4,1,1,20.0,43.0,1.0,0.98,-0.71,2.9,2,76742000_1982-05-15 00:00:00.0_1984-05-07 00:00:00.0,1982-05-15,1984-05-07
76742000,1982-05-15 00:00:00.0,1984-05-07 00:00:00.0,2,4,1,1,43.0,252.0,1.0,2.5771,-0.35,2.329,2,76742000_1982-05-15 00:00:00.0_1984-05-07 00:00:00.0,1982-05-15,1984-05-07
76742000,1982-05-15 00:00:00.0,1984-05-07 00:00:00.0,3,4,1,1,252.0,536.0,1.0,0.5974,-1.34,2.9,2,76742000_1982-05-15 00:00:00.0_1984-05-07 00:00:00.0,1982-05-15,1984-05-07
76742000,1982-05-15 00:00:00.0,1984-05-07 00:00:00.0,4,4,1,1,536.0,750.0,1.0,65.781,3.82,1.897,2,76742000_1982-05-15 00:00:00.0_1984-05-07 00:00:00.0,1982-05-15,1984-05-07
76742000,1984-05-08 00:00:00.0,1987-01-16 00:00:00.0,1,3,1,1,10.0,43.0,1.0,1.9531,-0.22,2.0,2,76742000_1984-05-08 00:00:00.0_1987-01-16 00:00:00.0,1984-05-08,1987-01-16
76742000,1984-05-08 00:00:00.0,1987-01-16 00:00:00.0,2,3,1,1,43.0,509.0,1.0,4.056,-0.02,1.982,2,76742000_1984-05-08 00:00:00.0_1987-01-16 00:00:00.0,1984-05-08,1987-01-16
76742000,1984-05-08 00:00:00.0,1987-01-16 00:00:00.0,3,3,1,1,509.0,700.0,1.0,65.781,3.82,1.897,2,76742000_1984-05-08 00:00:00.0_1987-01-16 00:00:00.0,1984-05-08,1987-01-16
76742000,1987-01-17 00:00:00.0,1989-08-28 00:00:00.0,1,3,1,1,0.0,26.0,1.0,4.3792,-0.1,1.6,2,76742000_1987-01-17 00:00:00.0_1989-08-28 00:00:00.0,1987-01-17,1989-08-28
76742000,1987-01-17 00:00:00.0,1989-08-28 00:00:00.0,2,3,1,1,26.0,578.0,1.0,0.8694,-0.73,2.99,2,76742000_1987-01-17 00:00:00.0_1989-08-28 00:00:00.0,1987-01-17,1989-08-28
76742000,1987-01-17 00:00:00.0,1989-08-28 00:00:00.0,3,3,1,1,578.0,700.0,1.0,65.781,3.82,1.897,2,76742000_1987-01-17 00:00:00.0_1989-08-28 00:00:00.0,1987-01-17,1989-08-28
76742000,1989-08-29 00:00:00.0,1993-09-19 00:00:00.0,1,4,1,1,-40.0,133.0,1.0,0.9264,-1.15,2.934,2,76742000_1989-08-29 00:00:00.0_1993-09-19 00:00:00.0,1989-08-29,1993-09-19
76742000,1989-08-29 00:00:00.0,1993-09-19 00:00:00.0,2,4,1,1,133.0,290.0,1.0,2.2219,-0.67,2.583,2,76742000_1989-08-29 00:00:00.0_1993-09-19 00:00:00.0,1989-08-29,1993-09-19
76742000,1989-08-29 00:00:00.0,1993-09-19 00:00:00.0,3,4,1,1,290.0,586.0,1.0,19.47,0.89,1.6,2,76742000_1989-08-29 00:00:00.0_1993-09-19 00:00:00.0,1989-08-29,1993-09-19
76742000,1989-08-29 00:00:00.0,1993-09-19 00:00:00.0,4,4,1,1,586.0,800.0,1.0,65.781,3.82,1.897,2,76742000_1989-08-29 00:00:00.0_1993-09-19 00:00:00.0,1989-08-29,1993-09-19
76742000,1993-09-20 00:00:00.0,1994-09-20 00:00:00.0,1,4,1,1,30.0,43.0,1.0,1.9531,-0.22,2.0,2,76742000_1993-09-20 00:00:00.0_1994-09-20 00:00:00.0,1993-09-20,1994-09-20
76742000,1993-09-20 00:00:00.0,1994-09-20 00:00:00.0,2,4,1,1,43.0,130.0,1.0,4.056,-0.02,1.982,2,76742000_1993-09-20 00:00:00.0_1994-09-20 00:00:00.0,1993-09-20,1994-09-20
76742000,1993-09-20 00:00:00.0,1994-09-20 00:00:00.0,3,4,1,1,130.0,499.0,1.0,4.818,0.07,1.825,2,76742000_1993-09-20 00:00:00.0_1994-09-20 00:00:00.0,1993-09-20,1994-09-20
76742000,1993-09-20 00:00:00.0,1994-09-20 00:00:00.0,4,4,1,1,499.0,650.0,1.0,65.781,3.82,1.897,2,76742000_1993-09-20 00:00:00.0_1994-09-20 00:00:00.0,1993-09-20,1994-09-20
76742000,1994-09-21 00:00:00.0,1995-08-03 00:00:00.0,1,4,1,1,10.0,271.0,1.0,9.1602,-0.42,1.707,2,76742000_1994-09-21 00:00:00.0_1995-08-03 00:00:00.0,1994-09-21,1995-08-03
76742000,1994-09-21 00:00:00.0,1995-08-03 00:00:00.0,2,4,1,1,271.0,349.0,1.0,18.0,0.05,1.3,2,76742000_1994-09-21 00:00:00.0_1995-08-03 00:00:00.0,1994-09-21,1995-08-03
76742000,1994-09-21 00:00:00.0,1995-08-03 00:00:00.0,3,4,1,1,349.0,586.0,1.0,19.47,0.89,1.6,2,76742000_1994-09-21 00:00:00.0_1995-08-03 00:00:00.0,1994-09-21,1995-08-03
76742000,1994-09-21 00:00:00.0,1995-08-03 00:00:00.0,4,4,1,1,586.0,650.0,1.0,65.781,3.82,1.897,2,76742000_1994-09-21 00:00:00.0_1995-08-03 00:00:00.0,1994-09-21,1995-08-03
76742000,1995-08-04 00:00:00.0,1997-02-06 00:00:00.0,1,4,1,1,10.0,234.0,1.0,1.8643,-0.9,2.746,2,76742000_1995-08-04 00:00:00.0_1997-02-06 00:00:00.0,1995-08-04,1997-02-06
76742000,1995-08-04 00:00:00.0,1997-02-06 00:00:00.0,2,4,1,1,234.0,344.0,1.0,12.0559,0.0,1.6,2,76742000_1995-08-04 00:00:00.0_1997-02-06 00:00:00.0,1995-08-04,1997-02-06
76742000,1995-08-04 00:00:00.0,1997-02-06 00:00:00.0,3,4,1,1,344.0,586.0,1.0,19.47,0.89,1.6,2,76742000_1995-08-04 00:00:00.0_1997-02-06 00:00:00.0,1995-08-04,1997-02-06
76742000,1995-08-04 00:00:00.0,1997-02-06 00:00:00.0,4,4,1,1,586.0,600.0,1.0,65.781,3.82,1.897,2,76742000_1995-08-04 00:00:00.0_1997-02-06 00:00:00.0,1995-08-04,1997-02-06
76742000,1997-02-07 00:00:00.0,1999-02-03 00:00:00.0,1,4,1,1,10.0,359.0,1.0,1.07,-0.8,2.9,2,76742000_1997-02-07 00:00:00.0_1999-02-03 00:00:00.0,1997-02-07,1999-02-03
76742000,1997-02-07 00:00:00.0,1999-02-03 00:00:00.0,2,4,1,1,359.0,481.0,1.0,0.524,-1.71,3.0,2,76742000_1997-02-07 00:00:00.0_1999-02-03 00:00:00.0,1997-02-07,1999-02-03
76742000,1997-02-07 00:00:00.0,1999-02-03 00:00:00.0,3,4,1,1,481.0,578.0,1.0,0.8694,-0.73,2.99,2,76742000_1997-02-07 00:00:00.0_1999-02-03 00:00:00.0,1997-02-07,1999-02-03
76742000,1997-02-07 00:00:00.0,1999-02-03 00:00:00.0,4,4,1,1,578.0,800.0,1.0,65.781,3.82,1.897,2,76742000_1997-02-07 00:00:00.0_1999-02-03 00:00:00.0,1997-02-07,1999-02-03
76742000,1999-02-04 00:00:00.0,2000-01-20 00:00:00.0,1,2,1,1,-10.0,39.0,1.0,0.98,-0.71,2.9,2,76742000_1999-02-04 00:00:00.0_2000-01-20 00:00:00.0,1999-02-04,2000-01-20
76742000,1999-02-04 00:00:00.0,2000-01-20 00:00:00.0,2,2,1,1,39.0,500.0,1.0,2.612,-0.35,2.329,2,76742000_1999-02-04 00:00:00.0_2000-01-20 00:00:00.0,1999-02-04,2000-01-20
76742000,2000-01-21 00:00:00.0,2001-10-14 00:00:00.0,1,3,1,1,-10.0,79.0,1.0,3.0868,-0.51,2.1,2,76742000_2000-01-21 00:00:00.0_2001-10-14 00:00:00.0,2000-01-21,2001-10-14
76742000,2000-01-21 00:00:00.0,2001-10-14 00:00:00.0,2,3,1,1,79.0,536.0,1.0,0.5974,-1.34,2.9,2,76742000_2000-01-21 00:00:00.0_2001-10-14 00:00:00.0,2000-01-21,2001-10-14
76742000,2000-01-21 00:00:00.0,2001-10-14 00:00:00.0,3,3,1,1,536.0,700.0,1.0,65.781,3.82,1.897,2,76742000_2000-01-21 00:00:00.0_2001-10-14 00:00:00.0,2000-01-21,2001-10-14
76742000,2001-10-15 00:00:00.0,2005-06-26 00:00:00.0,1,3,1,1,0.0,413.0,1.0,2.2219,-0.67,2.583,2,76742000_2001-10-15 00:00:00.0_2005-06-26 00:00:00.0,2001-10-15,2005-06-26
76742000,2001-10-15 00:00:00.0,2005-06-26 00:00:00.0,2,3,1,1,413.0,586.0,1.0,19.47,0.89,1.6,2,76742000_2001-10-15 00:00:00.0_2005-06-26 00:00:00.0,2001-10-15,2005-06-26
76742000,2001-10-15 00:00:00.0,2005-06-26 00:00:00.0,3,3,1,1,586.0,750.0,1.0,65.781,3.82,1.897,2,76742000_2001-10-15 00:00:00.0_2005-06-26 00:00:00.0,2001-10-15,2005-06-26
76742000,2005-06-27 00:00:00.0,2008-06-17 00:00:00.0,1,4,1,1,-20.0,87.0,1.0,2.78,-0.53,2.1,2,76742000_2005-06-27 00:00:00.0_2008-06-17 00:00:00.0,2005-06-27,2008-06-17
76742000,2005-06-27 00:00:00.0,2008-06-17 00:00:00.0,2,4,1,1,87.0,139.0,1.0,0.5365,-1.4,2.873,2,76742000_2005-06-27 00:00:00.0_2008-06-17 00:00:00.0,2005-06-27,2008-06-17
76742000,2005-06-27 00:00:00.0,2008-06-17 00:00:00.0,3,4,1,1,139.0,310.0,1.0,2.8791,-0.36,2.27,2,76742000_2005-06-27 00:00:00.0_2008-06-17 00:00:00.0,2005-06-27,2008-06-17
76742000,2005-06-27 00:00:00.0,2008-06-17 00:00:00.0,4,4,1,1,310.0,550.0,1.0,0.8694,-0.73,2.99,2,76742000_2005-06-27 00:00:00.0_2008-06-17 00:00:00.0,2005-06-27,2008-06-17
76742000,2008-06-18 00:00:00.0,2011-04-23 00:00:00.0,1,2,1,1,-60.0,520.0,1.0,0.5947,-1.28,2.844,2,76742000_2008-06-18 00:00:00.0_2011-04-23 00:00:00.0,2008-06-18,2011-04-23
76742000,2008-06-18 00:00:00.0,2011-04-23 00:00:00.0,2,2,1,1,520.0,700.0,1.0,65.781,3.82,1.897,2,76742000_2008-06-18 00:00:00.0_2011-04-23 00:00:00.0,2008-06-18,2011-04-23
76742000,2011-04-24 00:00:00.0,2015-01-23 00:00:00.0,1,4,1,1,0.0,177.0,1.0,4.7119,-0.18,1.393,2,76742000_2011-04-24 00:00:00.0_2015-01-23 00:00:00.0,2011-04-24,2015-01-23
76742000,2011-04-24 00:00:00.0,2015-01-23 00:00:00.0,2,4,1,1,177.0,323.0,1.0,5.75,0.19,1.6,2,76742000_2011-04-24 00:00:00.0_2015-01-23 00:00:00.0,2011-04-24,2015-01-23
76742000,2011-04-24 00:00:00.0,2015-01-23 00:00:00.0,3,4,1,1,323.0,496.0,1.0,0.8323,-0.94,2.6,2,76742000_2011-04-24 00:00:00.0_2015-01-23 00:00:00.0,2011-04-24,2015-01-23
76742000,2011-04-24 00:00:00.0,2015-01-23 00:00:00.0,4,4,1,1,496.0,850.0,1.0,65.781,3.82,1.897,2,76742000_2011-04-24 00:00:00.0_2015-01-23 00:00:00.0,2011-04-24,2015-01-23
76742000,2015-01-24 00:00:00.0,2017-11-06 00:00:00.0,1,3,1,1,40.0,163.0,1.0,7.0195,0.04,1.297,2,76742000_2015-01-24 00:00:00.0_2017-11-06 00:00:00.0,2015-01-24,2017-11-06
76742000,2015-01-24 00:00:00.0,2017-11-06 00:00:00.0,2,3,1,1,163.0,538.0,1.0,2.612,-0.35,2.329,2,76742000_2015-01-24 00:00:00.0_2017-11-06 00:00:00.0,2015-01-24,2017-11-06
76742000,2015-01-24 00:00:00.0,2017-11-06 00:00:00.0,3,3,1,1,538.0,850.0,1.0,65.781,3.82,1.897,2,76742000_2015-01-24 00:00:00.0_2017-11-06 00:00:00.0,2015-01-24,2017-11-06
76742000,2017-11-07 00:00:00.0,2020-05-26 00:00:00.0,1,4,1,1,30.0,43.0,1.0,1.9531,-0.22,2.0,2,76742000_2017-11-07 00:00:00.0_2020-05-26 00:00:00.0,2017-11-07,2020-05-26
76742000,2017-11-07 00:00:00.0,2020-05-26 00:00:00.0,2,4,1,1,43.0,130.0,1.0,4.056,-0.02,1.982,2,76742000_2017-11-07 00:00:00.0_2020-05-26 00:00:00.0,2017-11-07,2020-05-26
76742000,2017-11-07 00:00:00.0,2020-05-26 00:00:00.0,3,4,1,1,130.0,499.0,1.0,4.818,0.07,1.825,2,76742000_2017-11-07 00:00:00.0_2020-05-26 00:00:00.0,2017-11-07,2020-05-26
76742000,2017-11-07 00:00:00.0,2020-05-26 00:00:00.0,4,4,1,1,499.0,850.0,1.0,65.781,3.82,1.897,2,76742000_2017-11-07 00:00:00.0_2020-05-26 00:00:00.0,2017-11-07,2020-05-26
76742000,2020-05-27 00:00:00.0,2023-12-31 00:00:00.0,1,4,1,1,-10.0,85.0,1.0,4.7175,-0.27,1.67,2,76742000_2020-05-27 00:00:00.0_2023-12-31 00:00:00.0,2020-05-27,2023-12-31
76742000,2020-05-27 00:00:00.0,2023-12-31 00:00:00.0,2,4,1,1,85.0,274.0,1.0,2.1064,-0.74,2.145,2,76742000_2020-05-27 00:00:00.0_2023-12-31 00:00:00.0,2020-05-27,2023-12-31
76742000,2020-05-27 00:00:00.0,2023-12-31 00:00:00.0,3,4,1,1,274.0,510.0,1.0,4.056,-0.02,1.99,2,76742000_2020-05-27 00:00:00.0_2023-12-31 00:00:00.0,2020-05-27,2023-12-31
76742000,2020-05-27 00:00:00.0,2023-12-31 00:00:00.0,4,4,1,1,510.0,850.0,1.0,65.781,3.82,1.897,2,76742000_2020-05-27 00:00:00.0_2023-12-31 00:00:00.0,2020-05-27,2023-12-31
76742000,2024-01-01 00:00:00.0,2026-12-31 00:00:00.0,1,3,1,1,-10.0,246.0,1.0,6.2025,-0.15,1.36,1,76742000_2024-01-01 00:00:00.0_2026-12-31 00:00:00.0,2024-01-01,2026-12-31
76742000,2024-01-01 00:00:00.0,2026-12-31 00:00:00.0,2,3,1,1,246.0,613.0,1.0,4.4023,0.52,2.488,1,76742000_2024-01-01 00:00:00.0_2026-12-31 00:00:00.0,2024-01-01,2026-12-31
76742000,2024-01-01 00:00:00.0,2026-12-31 00:00:00.0,3,3,1,1,613.0,800.0,1.0,65.781,3.82,1.897,1,76742000_2024-01-01 00:00:00.0_2026-12-31 00:00:00.0,2024-01-01,2026-12-31
76750000,1940-10-01 00:00:00.0,1941-04-12 00:00:00.0,1,4,1,1,110.0,336.0,1.0,14.2343,0.5,1.7,2,76750000_1940-10-01 00:00:00.0_1941-04-12 00:00:00.0,1940-10-01,1941-04-12
76750000,1940-10-01 00:00:00.0,1941-04-12 00:00:00.0,2,4,1,1,336.0,448.0,1.0,16.6996,0.51,1.553,2,76750000_1940-10-01 00:00:00.0_1941-04-12 00:00:00.0,1940-10-01,1941-04-12
76750000,1940-10-01 00:00:00.0,1941-04-12 00:00:00.0,3,4,1,1,448.0,818.0,1.0,2.1125,-1.9,2.271,2,76750000_1940-10-01 00:00:00.0_1941-04-12 00:00:00.0,1940-10-01,1941-04-12
76750000,1940-10-01 00:00:00.0,1941-04-12 00:00:00.0,4,4,1,1,818.0,1000.0,1.0,0.3304,-2.49,3.0,2,76750000_1940-10-01 00:00:00.0_1941-04-12 00:00:00.0,1940-10-01,1941-04-12
76750000,1941-04-13 00:00:00.0,1941-08-21 00:00:00.0,1,4,1,1,180.0,483.0,1.0,15.7711,0.45,1.592,2,76750000_1941-04-13 00:00:00.0_1941-08-21 00:00:00.0,1941-04-13,1941-08-21
76750000,1941-04-13 00:00:00.0,1941-08-21 00:00:00.0,2,4,1,1,483.0,819.0,1.0,26.0288,0.16,1.2,2,76750000_1941-04-13 00:00:00.0_1941-08-21 00:00:00.0,1941-04-13,1941-08-21
76750000,1941-04-13 00:00:00.0,1941-08-21 00:00:00.0,3,4,1,1,819.0,1200.0,1.0,1.6,-0.87,2.4,2,76750000_1941-04-13 00:00:00.0_1941-08-21 00:00:00.0,1941-04-13,1941-08-21
76750000,1941-04-13 00:00:00.0,1941-08-21 00:00:00.0,4,4,1,1,1200.0,1350.0,1.0,0.8756,2.56,3.0,2,76750000_1941-04-13 00:00:00.0_1941-08-21 00:00:00.0,1941-04-13,1941-08-21
76750000,1941-08-22 00:00:00.0,1949-05-06 00:00:00.0,1,4,1,1,70.0,625.0,1.0,22.02,0.65,1.405,2,76750000_1941-08-22 00:00:00.0_1949-05-06 00:00:00.0,1941-08-22,1949-05-06
76750000,1941-08-22 00:00:00.0,1949-05-06 00:00:00.0,2,4,1,1,625.0,818.0,1.0,2.1125,-1.9,2.271,2,76750000_1941-08-22 00:00:00.0_1949-05-06 00:00:00.0,1941-08-22,1949-05-06
76750000,1941-08-22 00:00:00.0,1949-05-06 00:00:00.0,3,4,1,1,818.0,1274.0,1.0,0.3304,-2.49,3.0,2,76750000_1941-08-22 00:00:00.0_1949-05-06 00:00:00.0,1941-08-22,1949-05-06
76750000,1941-08-22 00:00:00.0,1949-05-06 00:00:00.0,4,4,1,1,1274.0,1300.0,1.0,21.3231,0.54,1.6,2,76750000_1941-08-22 00:00:00.0_1949-05-06 00:00:00.0,1941-08-22,1949-05-06
76750000,1949-05-07 00:00:00.0,1951-06-25 00:00:00.0,1,4,1,1,80.0,363.0,1.0,19.5044,0.64,1.517,2,76750000_1949-05-07 00:00:00.0_1951-06-25 00:00:00.0,1949-05-07,1951-06-25
76750000,1949-05-07 00:00:00.0,1951-06-25 00:00:00.0,2,4,1,1,363.0,818.0,1.0,2.1125,-1.9,2.271,2,76750000_1949-05-07 00:00:00.0_1951-06-25 00:00:00.0,1949-05-07,1951-06-25
76750000,1949-05-07 00:00:00.0,1951-06-25 00:00:00.0,3,4,1,1,818.0,1274.0,1.0,0.3304,-2.49,3.0,2,76750000_1949-05-07 00:00:00.0_1951-06-25 00:00:00.0,1949-05-07,1951-06-25
76750000,1949-05-07 00:00:00.0,1951-06-25 00:00:00.0,4,4,1,1,1274.0,1300.0,1.0,21.3231,0.54,1.6,2,76750000_1949-05-07 00:00:00.0_1951-06-25 00:00:00.0,1949-05-07,1951-06-25
76750000,1951-06-26 00:00:00.0,1955-05-27 00:00:00.0,1,3,1,1,70.0,97.0,1.0,11.3785,0.62,1.6,2,76750000_1951-06-26 00:00:00.0_1955-05-27 00:00:00.0,1951-06-26,1955-05-27
76750000,1951-06-26 00:00:00.0,1955-05-27 00:00:00.0,2,3,1,1,97.0,1001.0,1.0,17.1262,0.71,1.544,2,76750000_1951-06-26 00:00:00.0_1955-05-27 00:00:00.0,1951-06-26,1955-05-27
76750000,1951-06-26 00:00:00.0,1955-05-27 00:00:00.0,3,3,1,1,1001.0,1300.0,1.0,38.6892,4.84,1.6,2,76750000_1951-06-26 00:00:00.0_1955-05-27 00:00:00.0,1951-06-26,1955-05-27
76750000,1955-05-28 00:00:00.0,1958-05-29 00:00:00.0,1,4,1,1,70.0,358.0,1.0,19.5044,0.63,1.517,2,76750000_1955-05-28 00:00:00.0_1958-05-29 00:00:00.0,1955-05-28,1958-05-29
76750000,1955-05-28 00:00:00.0,1958-05-29 00:00:00.0,2,4,1,1,358.0,818.0,1.0,2.1125,-1.9,2.271,2,76750000_1955-05-28 00:00:00.0_1958-05-29 00:00:00.0,1955-05-28,1958-05-29
76750000,1955-05-28 00:00:00.0,1958-05-29 00:00:00.0,3,4,1,1,818.0,1274.0,1.0,0.3304,-2.49,3.0,2,76750000_1955-05-28 00:00:00.0_1958-05-29 00:00:00.0,1955-05-28,1958-05-29
76750000,1955-05-28 00:00:00.0,1958-05-29 00:00:00.0,4,4,1,1,1274.0,1300.0,1.0,21.3231,0.54,1.6,2,76750000_1955-05-28 00:00:00.0_1958-05-29 00:00:00.0,1955-05-28,1958-05-29
76750000,1958-05-30 00:00:00.0,1965-09-20 00:00:00.0,1,4,1,1,40.0,513.0,1.0,12.9591,0.34,1.729,2,76750000_1958-05-30 00:00:00.0_1965-09-20 00:00:00.0,1958-05-30,1965-09-20
76750000,1958-05-30 00:00:00.0,1965-09-20 00:00:00.0,2,4,1,1,513.0,818.0,1.0,23.8575,0.64,1.397,2,76750000_1958-05-30 00:00:00.0_1965-09-20 00:00:00.0,1958-05-30,1965-09-20
76750000,1958-05-30 00:00:00.0,1965-09-20 00:00:00.0,3,4,1,1,818.0,1274.0,1.0,0.3304,-2.49,3.0,2,76750000_1958-05-30 00:00:00.0_1965-09-20 00:00:00.0,1958-05-30,1965-09-20
76750000,1958-05-30 00:00:00.0,1965-09-20 00:00:00.0,4,4,1,1,1274.0,1450.0,1.0,21.3231,0.54,1.6,2,76750000_1958-05-30 00:00:00.0_1965-09-20 00:00:00.0,1958-05-30,1965-09-20
76750000,1965-09-21 00:00:00.0,1968-10-06 00:00:00.0,1,4,1,1,60.0,181.0,1.0,21.3798,0.57,1.53,2,76750000_1965-09-21 00:00:00.0_1968-10-06 00:00:00.0,1965-09-21,1968-10-06
76750000,1965-09-21 00:00:00.0,1968-10-06 00:00:00.0,2,4,1,1,181.0,290.0,1.0,23.8575,0.64,1.397,2,76750000_1965-09-21 00:00:00.0_1968-10-06 00:00:00.0,1965-09-21,1968-10-06
76750000,1965-09-21 00:00:00.0,1968-10-06 00:00:00.0,3,4,1,1,290.0,672.0,1.0,22.6832,0.64,1.459,2,76750000_1965-09-21 00:00:00.0_1968-10-06 00:00:00.0,1965-09-21,1968-10-06
76750000,1965-09-21 00:00:00.0,1968-10-06 00:00:00.0,4,4,1,1,672.0,1300.0,1.0,25.7678,1.93,1.6,2,76750000_1965-09-21 00:00:00.0_1968-10-06 00:00:00.0,1965-09-21,1968-10-06
76750000,1968-10-07 00:00:00.0,1971-01-10 00:00:00.0,1,4,1,1,70.0,164.0,1.0,23.8575,0.64,1.45,2,76750000_1968-10-07 00:00:00.0_1971-01-10 00:00:00.0,1968-10-07,1971-01-10
76750000,1968-10-07 00:00:00.0,1971-01-10 00:00:00.0,2,4,1,1,164.0,290.0,1.0,23.8575,0.64,1.397,2,76750000_1968-10-07 00:00:00.0_1971-01-10 00:00:00.0,1968-10-07,1971-01-10
76750000,1968-10-07 00:00:00.0,1971-01-10 00:00:00.0,3,4,1,1,290.0,672.0,1.0,22.6832,0.64,1.459,2,76750000_1968-10-07 00:00:00.0_1971-01-10 00:00:00.0,1968-10-07,1971-01-10
76750000,1968-10-07 00:00:00.0,1971-01-10 00:00:00.0,4,4,1,1,672.0,1050.0,1.0,25.7678,1.93,1.6,2,76750000_1968-10-07 00:00:00.0_1971-01-10 00:00:00.0,1968-10-07,1971-01-10
76750000,1971-01-11 00:00:00.0,1975-03-27 00:00:00.0,1,3,1,1,70.0,818.0,1.0,23.8575,0.64,1.397,2,76750000_1971-01-11 00:00:00.0_1975-03-27 00:00:00.0,1971-01-11,1975-03-27
76750000,1971-01-11 00:00:00.0,1975-03-27 00:00:00.0,2,3,1,1,818.0,1274.0,1.0,0.3304,-2.49,3.0,2,76750000_1971-01-11 00:00:00.0_1975-03-27 00:00:00.0,1971-01-11,1975-03-27
76750000,1971-01-11 00:00:00.0,1975-03-27 00:00:00.0,3,3,1,1,1274.0,1350.0,1.0,21.3231,0.54,1.6,2,76750000_1971-01-11 00:00:00.0_1975-03-27 00:00:00.0,1971-01-11,1975-03-27
76750000,1975-03-28 00:00:00.0,1980-04-29 00:00:00.0,1,4,1,1,60.0,722.0,1.0,18.1588,0.44,1.628,2,76750000_1975-03-28 00:00:00.0_1980-04-29 00:00:00.0,1975-03-28,1980-04-29
76750000,1975-03-28 00:00:00.0,1980-04-29 00:00:00.0,2,4,1,1,722.0,789.0,1.0,20.7125,0.43,1.558,2,76750000_1975-03-28 00:00:00.0_1980-04-29 00:00:00.0,1975-03-28,1980-04-29
76750000,1975-03-28 00:00:00.0,1980-04-29 00:00:00.0,3,4,1,1,789.0,1093.0,1.0,0.231,-4.82,3.0,2,76750000_1975-03-28 00:00:00.0_1980-04-29 00:00:00.0,1975-03-28,1980-04-29
76750000,1975-03-28 00:00:00.0,1980-04-29 00:00:00.0,4,4,1,1,1093.0,1250.0,1.0,21.3231,0.54,1.6,2,76750000_1975-03-28 00:00:00.0_1980-04-29 00:00:00.0,1975-03-28,1980-04-29
76750000,1980-04-30 00:00:00.0,1982-10-23 00:00:00.0,1,3,1,1,50.0,78.0,1.0,16.9447,0.4,1.65,2,76750000_1980-04-30 00:00:00.0_1982-10-23 00:00:00.0,1980-04-30,1982-10-23
76750000,1980-04-30 00:00:00.0,1982-10-23 00:00:00.0,2,3,1,1,78.0,711.0,1.0,24.9907,0.51,1.512,2,76750000_1980-04-30 00:00:00.0_1982-10-23 00:00:00.0,1980-04-30,1982-10-23
76750000,1980-04-30 00:00:00.0,1982-10-23 00:00:00.0,3,3,1,1,711.0,1150.0,1.0,21.3231,0.54,1.6,2,76750000_1980-04-30 00:00:00.0_1982-10-23 00:00:00.0,1980-04-30,1982-10-23
76750000,1982-10-24 00:00:00.0,1986-04-22 00:00:00.0,1,4,1,1,50.0,115.0,1.0,20.1129,0.36,2.093,2,76750000_1982-10-24 00:00:00.0_1986-04-22 00:00:00.0,1982-10-24,1986-04-22
76750000,1982-10-24 00:00:00.0,1986-04-22 00:00:00.0,2,4,1,1,115.0,771.0,1.0,22.6868,0.48,1.537,2,76750000_1982-10-24 00:00:00.0_1986-04-22 00:00:00.0,1982-10-24,1986-04-22
76750000,1982-10-24 00:00:00.0,1986-04-22 00:00:00.0,3,4,1,1,771.0,1091.0,1.0,0.1946,-5.75,3.0,2,76750000_1982-10-24 00:00:00.0_1986-04-22 00:00:00.0,1982-10-24,1986-04-22
76750000,1982-10-24 00:00:00.0,1986-04-22 00:00:00.0,4,4,1,1,1091.0,1250.0,1.0,21.3231,0.54,1.6,2,76750000_1982-10-24 00:00:00.0_1986-04-22 00:00:00.0,1982-10-24,1986-04-22
76750000,1986-04-23 00:00:00.0,1992-04-12 00:00:00.0,1,3,1,1,50.0,82.0,1.0,16.9447,0.4,1.65,2,76750000_1986-04-23 00:00:00.0_1992-04-12 00:00:00.0,1986-04-23,1992-04-12
76750000,1986-04-23 00:00:00.0,1992-04-12 00:00:00.0,2,3,1,1,82.0,695.0,1.0,24.9907,0.52,1.512,2,76750000_1986-04-23 00:00:00.0_1992-04-12 00:00:00.0,1986-04-23,1992-04-12
76750000,1986-04-23 00:00:00.0,1992-04-12 00:00:00.0,3,3,1,1,695.0,1400.0,1.0,21.3231,0.54,1.6,2,76750000_1986-04-23 00:00:00.0_1992-04-12 00:00:00.0,1986-04-23,1992-04-12
76750000,1992-04-13 00:00:00.0,1993-11-25 00:00:00.0,1,4,1,1,60.0,64.0,1.0,17.875,0.4,1.6,2,76750000_1992-04-13 00:00:00.0_1993-11-25 00:00:00.0,1992-04-13,1993-11-25
76750000,1992-04-13 00:00:00.0,1993-11-25 00:00:00.0,2,4,1,1,64.0,790.0,1.0,20.7125,0.43,1.558,2,76750000_1992-04-13 00:00:00.0_1993-11-25 00:00:00.0,1992-04-13,1993-11-25
76750000,1992-04-13 00:00:00.0,1993-11-25 00:00:00.0,3,4,1,1,790.0,1093.0,1.0,0.231,-4.82,3.0,2,76750000_1992-04-13 00:00:00.0_1993-11-25 00:00:00.0,1992-04-13,1993-11-25
76750000,1992-04-13 00:00:00.0,1993-11-25 00:00:00.0,4,4,1,1,1093.0,1400.0,1.0,21.3231,0.54,1.6,2,76750000_1992-04-13 00:00:00.0_1993-11-25 00:00:00.0,1992-04-13,1993-11-25
76750000,1993-11-26 00:00:00.0,1997-10-29 00:00:00.0,1,3,1,1,50.0,489.0,1.0,15.34,0.16,1.9,2,76750000_1993-11-26 00:00:00.0_1997-10-29 00:00:00.0,1993-11-26,1997-10-29
76750000,1993-11-26 00:00:00.0,1997-10-29 00:00:00.0,2,3,1,1,489.0,859.0,1.0,0.1125,-8.88,3.0,2,76750000_1993-11-26 00:00:00.0_1997-10-29 00:00:00.0,1993-11-26,1997-10-29
76750000,1993-11-26 00:00:00.0,1997-10-29 00:00:00.0,3,3,1,1,859.0,1250.0,1.0,21.3231,0.54,1.6,2,76750000_1993-11-26 00:00:00.0_1997-10-29 00:00:00.0,1993-11-26,1997-10-29
76750000,1997-10-30 00:00:00.0,1999-12-31 00:00:00.0,1,3,1,1,50.0,82.0,1.0,16.9447,0.4,1.65,2,76750000_1997-10-30 00:00:00.0_1999-12-31 00:00:00.0,1997-10-30,1999-12-31
76750000,1997-10-30 00:00:00.0,1999-12-31 00:00:00.0,2,3,1,1,82.0,695.0,1.0,24.9907,0.52,1.512,2,76750000_1997-10-30 00:00:00.0_1999-12-31 00:00:00.0,1997-10-30,1999-12-31
76750000,1997-10-30 00:00:00.0,1999-12-31 00:00:00.0,3,3,1,1,695.0,1400.0,1.0,21.3231,0.54,1.6,2,76750000_1997-10-30 00:00:00.0_1999-12-31 00:00:00.0,1997-10-30,1999-12-31
76750000,2000-01-01 00:00:00.0,2020-05-24 00:00:00.0,1,4,1,1,0.0,107.0,1.0,5.7602,-0.1,4.152,2,76750000_2000-01-01 00:00:00.0_2020-05-24 00:00:00.0,2000-01-01,2020-05-24
76750000,2000-01-01 00:00:00.0,2020-05-24 00:00:00.0,2,4,1,1,107.0,995.0,1.0,18.8232,0.35,1.631,2,76750000_2000-01-01 00:00:00.0_2020-05-24 00:00:00.0,2000-01-01,2020-05-24
76750000,2000-01-01 00:00:00.0,2020-05-24 00:00:00.0,3,4,1,1,995.0,1091.0,1.0,0.1946,-5.75,3.0,2,76750000_2000-01-01 00:00:00.0_2020-05-24 00:00:00.0,2000-01-01,2020-05-24
76750000,2000-01-01 00:00:00.0,2020-05-24 00:00:00.0,4,4,1,1,1091.0,1700.0,1.0,21.3231,0.54,1.6,2,76750000_2000-01-01 00:00:00.0_2020-05-24 00:00:00.0,2000-01-01,2020-05-24
76750000,2020-05-25 00:00:00.0,2023-12-31 00:00:00.0,1,4,1,1,50.0,102.0,1.0,15.248,0.29,1.701,2,76750000_2020-05-25 00:00:00.0_2023-12-31 00:00:00.0,2020-05-25,2023-12-31
76750000,2020-05-25 00:00:00.0,2023-12-31 00:00:00.0,2,4,1,1,102.0,425.0,1.0,21.8958,0.45,1.59,2,76750000_2020-05-25 00:00:00.0_2023-12-31 00:00:00.0,2020-05-25,2023-12-31
76750000,2020-05-25 00:00:00.0,2023-12-31 00:00:00.0,3,4,1,1,425.0,695.0,1.0,24.9907,0.52,1.512,2,76750000_2020-05-25 00:00:00.0_2023-12-31 00:00:00.0,2020-05-25,2023-12-31
76750000,2020-05-25 00:00:00.0,2023-12-31 00:00:00.0,4,4,1,1,695.0,1700.0,1.0,21.3231,0.54,1.6,2,76750000_2020-05-25 00:00:00.0_2023-12-31 00:00:00.0,2020-05-25,2023-12-31
76800000,1964-03-01 00:00:00.0,1969-01-16 00:00:00.0,1,2.0,1,1,0.0,517.0,1.0,82.3532,-0.33,1.78,2,76800000_1964-03-01 00:00:00.0_1969-01-16 00:00:00.0,1964-03-01,1969-01-16
76800000,1964-03-01 00:00:00.0,1969-01-16 00:00:00.0,2,2.0,1,1,517.0,1050.0,1.0,152.6786,0.64,1.6,2,76800000_1964-03-01 00:00:00.0_1969-01-16 00:00:00.0,1964-03-01,1969-01-16
76800000,1969-01-17 00:00:00.0,1969-11-19 00:00:00.0,1,2.0,1,1,80.0,532.0,1.0,80.8969,-0.34,1.8,2,76800000_1969-01-17 00:00:00.0_1969-11-19 00:00:00.0,1969-01-17,1969-11-19
76800000,1969-01-17 00:00:00.0,1969-11-19 00:00:00.0,2,2.0,1,1,532.0,700.0,1.0,110.4017,0.1,1.7,2,76800000_1969-01-17 00:00:00.0_1969-11-19 00:00:00.0,1969-01-17,1969-11-19
76800000,1969-11-20 00:00:00.0,1971-01-09 00:00:00.0,1,2.0,1,1,20.0,299.0,1.0,107.5521,-0.33,1.566,2,76800000_1969-11-20 00:00:00.0_1971-01-09 00:00:00.0,1969-11-20,1971-01-09
76800000,1969-11-20 00:00:00.0,1971-01-09 00:00:00.0,2,2.0,1,1,299.0,750.0,1.0,143.8917,0.29,1.6,2,76800000_1969-11-20 00:00:00.0_1971-01-09 00:00:00.0,1969-11-20,1971-01-09
76800000,1971-01-10 00:00:00.0,1971-06-26 00:00:00.0,1,2.0,1,1,90.0,352.0,1.0,92.8185,-0.32,1.7,2,76800000_1971-01-10 00:00:00.0_1971-06-26 00:00:00.0,1971-01-10,1971-06-26
76800000,1971-01-10 00:00:00.0,1971-06-26 00:00:00.0,2,2.0,1,1,352.0,600.0,1.0,145.8458,0.37,1.6,2,76800000_1971-01-10 00:00:00.0_1971-06-26 00:00:00.0,1971-01-10,1971-06-26
76800000,1971-06-27 00:00:00.0,1972-01-07 00:00:00.0,1,2.0,1,1,20.0,310.0,1.0,107.5521,-0.36,1.566,2,76800000_1971-06-27 00:00:00.0_1972-01-07 00:00:00.0,1971-06-27,1972-01-07
76800000,1971-06-27 00:00:00.0,1972-01-07 00:00:00.0,2,2.0,1,1,310.0,650.0,1.0,143.8917,0.29,1.6,2,76800000_1971-06-27 00:00:00.0_1972-01-07 00:00:00.0,1971-06-27,1972-01-07
76800000,1972-01-08 00:00:00.0,1972-07-21 00:00:00.0,1,2.0,1,1,30.0,570.0,1.0,77.3821,-0.47,1.8,2,76800000_1972-01-08 00:00:00.0_1972-07-21 00:00:00.0,1972-01-08,1972-07-21
76800000,1972-01-08 00:00:00.0,1972-07-21 00:00:00.0,2,2.0,1,1,570.0,850.0,1.0,152.4595,0.63,1.6,2,76800000_1972-01-08 00:00:00.0_1972-07-21 00:00:00.0,1972-01-08,1972-07-21
76800000,1972-07-22 00:00:00.0,1973-02-05 00:00:00.0,1,2.0,1,1,100.0,346.0,1.0,112.558,-0.05,1.554,2,76800000_1972-07-22 00:00:00.0_1973-02-05 00:00:00.0,1972-07-22,1973-02-05
76800000,1972-07-22 00:00:00.0,1973-02-05 00:00:00.0,2,2.0,1,1,346.0,900.0,1.0,153.4285,0.67,1.6,2,76800000_1972-07-22 00:00:00.0_1973-02-05 00:00:00.0,1972-07-22,1973-02-05
76800000,1973-02-06 00:00:00.0,1973-10-21 00:00:00.0,1,3.0,1,1,160.0,280.0,1.0,112.558,-0.05,1.554,2,76800000_1973-02-06 00:00:00.0_1973-10-21 00:00:00.0,1973-02-06,1973-10-21
76800000,1973-02-06 00:00:00.0,1973-10-21 00:00:00.0,2,3.0,1,1,280.0,492.0,1.0,212.4182,0.8,1.434,2,76800000_1973-02-06 00:00:00.0_1973-10-21 00:00:00.0,1973-02-06,1973-10-21
76800000,1973-02-06 00:00:00.0,1973-10-21 00:00:00.0,3,3.0,1,1,492.0,1000.0,1.0,147.9604,0.46,1.6,2,76800000_1973-02-06 00:00:00.0_1973-10-21 00:00:00.0,1973-02-06,1973-10-21
76800000,1973-10-22 00:00:00.0,1978-01-30 00:00:00.0,1,2.0,1,1,60.0,517.0,1.0,82.3532,-0.33,1.78,2,76800000_1973-10-22 00:00:00.0_1978-01-30 00:00:00.0,1973-10-22,1978-01-30
76800000,1973-10-22 00:00:00.0,1978-01-30 00:00:00.0,2,2.0,1,1,517.0,800.0,1.0,152.6786,0.64,1.6,2,76800000_1973-10-22 00:00:00.0_1978-01-30 00:00:00.0,1973-10-22,1978-01-30
76800000,1978-01-31 00:00:00.0,1984-04-16 00:00:00.0,1,,1,1,0.0,1000.0,1.0,76.7218,-0.48,1.816,2,76800000_1978-01-31 00:00:00.0_1984-04-16 00:00:00.0,1978-01-31,1984-04-16
76800000,1984-04-17 00:00:00.0,1986-11-01 00:00:00.0,1,3.0,1,1,40.0,195.0,1.0,126.3761,0.01,1.6,2,76800000_1984-04-17 00:00:00.0_1986-11-01 00:00:00.0,1984-04-17,1986-11-01
76800000,1984-04-17 00:00:00.0,1986-11-01 00:00:00.0,2,3.0,1,1,195.0,610.0,1.0,103.367,-0.15,1.7,2,76800000_1984-04-17 00:00:00.0_1986-11-01 00:00:00.0,1984-04-17,1986-11-01
76800000,1984-04-17 00:00:00.0,1986-11-01 00:00:00.0,3,3.0,1,1,610.0,1000.0,1.0,150.6177,0.56,1.6,2,76800000_1984-04-17 00:00:00.0_1986-11-01 00:00:00.0,1984-04-17,1986-11-01
76800000,1986-11-02 00:00:00.0,1988-07-04 00:00:00.0,1,2.0,1,1,80.0,346.0,1.0,112.558,-0.05,1.554,2,76800000_1986-11-02 00:00:00.0_1988-07-04 00:00:00.0,1986-11-02,1988-07-04
76800000,1986-11-02 00:00:00.0,1988-07-04 00:00:00.0,2,2.0,1,1,346.0,1000.0,1.0,153.4285,0.67,1.6,2,76800000_1986-11-02 00:00:00.0_1988-07-04 00:00:00.0,1986-11-02,1988-07-04
76800000,1988-07-05 00:00:00.0,1997-10-12 00:00:00.0,1,2.0,1,1,10.0,401.0,1.0,117.7021,-0.36,1.588,2,76800000_1988-07-05 00:00:00.0_1997-10-12 00:00:00.0,1988-07-05,1997-10-12
76800000,1988-07-05 00:00:00.0,1997-10-12 00:00:00.0,2,2.0,1,1,401.0,1350.0,1.0,141.0357,0.15,1.6,2,76800000_1988-07-05 00:00:00.0_1997-10-12 00:00:00.0,1988-07-05,1997-10-12
76800000,1997-10-13 00:00:00.0,1999-05-28 00:00:00.0,1,,1,1,50.0,1150.0,1.0,132.825,0.04,1.62,2,76800000_1997-10-13 00:00:00.0_1999-05-28 00:00:00.0,1997-10-13,1999-05-28
76800000,1999-05-29 00:00:00.0,2001-05-11 00:00:00.0,1,3.0,1,1,30.0,155.0,1.0,126.3761,0.01,1.6,2,76800000_1999-05-29 00:00:00.0_2001-05-11 00:00:00.0,1999-05-29,2001-05-11
76800000,1999-05-29 00:00:00.0,2001-05-11 00:00:00.0,2,3.0,1,1,155.0,634.0,1.0,120.1838,-0.01,1.667,2,76800000_1999-05-29 00:00:00.0_2001-05-11 00:00:00.0,1999-05-29,2001-05-11
76800000,1999-05-29 00:00:00.0,2001-05-11 00:00:00.0,3,3.0,1,1,634.0,900.0,1.0,132.825,0.04,1.62,2,76800000_1999-05-29 00:00:00.0_2001-05-11 00:00:00.0,1999-05-29,2001-05-11
76800000,2001-05-12 00:00:00.0,2010-01-04 00:00:00.0,1,3.0,1,1,30.0,526.0,1.0,142.4342,0.11,1.631,2,76800000_2001-05-12 00:00:00.0_2010-01-04 00:00:00.0,2001-05-12,2010-01-04
76800000,2001-05-12 00:00:00.0,2010-01-04 00:00:00.0,2,3.0,1,1,526.0,634.0,1.0,98.0832,-1.45,1.6,2,76800000_2001-05-12 00:00:00.0_2010-01-04 00:00:00.0,2001-05-12,2010-01-04
76800000,2001-05-12 00:00:00.0,2010-01-04 00:00:00.0,3,3.0,1,1,634.0,1150.0,1.0,132.825,0.04,1.62,2,76800000_2001-05-12 00:00:00.0_2010-01-04 00:00:00.0,2001-05-12,2010-01-04
76800000,2010-01-05 00:00:00.0,2015-01-01 00:00:00.0,1,,1,1,40.0,950.0,1.0,68.6,-0.54,1.863,2,76800000_2010-01-05 00:00:00.0_2015-01-01 00:00:00.0,2010-01-05,2015-01-01
76800000,2015-01-02 00:00:00.0,2022-07-22 00:00:00.0,1,4.0,1,1,30.0,548.0,1.0,118.6749,-0.04,1.649,2,76800000_2015-01-02 00:00:00.0_2022-07-22 00:00:00.0,2015-01-02,2022-07-22
76800000,2015-01-02 00:00:00.0,2022-07-22 00:00:00.0,2,4.0,1,1,548.0,662.0,1.0,44.0565,-1.41,1.973,2,76800000_2015-01-02 00:00:00.0_2022-07-22 00:00:00.0,2015-01-02,2022-07-22
76800000,2015-01-02 00:00:00.0,2022-07-22 00:00:00.0,3,4.0,1,1,662.0,952.0,1.0,68.6,-0.54,1.863,2,76800000_2015-01-02 00:00:00.0_2022-07-22 00:00:00.0,2015-01-02,2022-07-22
76800000,2015-01-02 00:00:00.0,2022-07-22 00:00:00.0,4,4.0,1,1,952.0,1350.0,1.0,141.0357,0.15,1.6,2,76800000_2015-01-02 00:00:00.0_2022-07-22 00:00:00.0,2015-01-02,2022-07-22
76800000,2022-07-23 00:00:00.0,2023-12-31 00:00:00.0,1,2.0,1,1,30.0,1028.0,1.0,121.3397,-0.08,1.65,2,76800000_2022-07-23 00:00:00.0_2023-12-31 00:00:00.0,2022-07-23,2023-12-31
76800000,2022-07-23 00:00:00.0,2023-12-31 00:00:00.0,2,2.0,1,1,1028.0,1350.0,1.0,98.8643,-0.63,1.7,2,76800000_2022-07-23 00:00:00.0_2023-12-31 00:00:00.0,2022-07-23,2023-12-31
76800000,2024-01-01 00:00:00.0,2026-12-31 00:00:00.0,1,3.0,1,1,10.0,213.0,1.0,81.0789,-0.26,1.957,1,76800000_2024-01-01 00:00:00.0_2026-12-31 00:00:00.0,2024-01-01,2026-12-31
76800000,2024-01-01 00:00:00.0,2026-12-31 00:00:00.0,2,3.0,1,1,213.0,800.0,1.0,107.8844,-0.18,1.696,1,76800000_2024-01-01 00:00:00.0_2026-12-31 00:00:00.0,2024-01-01,2026-12-31
76800000,2024-01-01 00:00:00.0,2026-12-31 00:00:00.0,3,3.0,1,1,800.0,1200.0,1.0,132.825,0.04,1.62,1,76800000_2024-01-01 00:00:00.0_2026-12-31 00:00:00.0,2024-01-01,2026-12-31
77150000,1982-12-18 00:00:00.0,1993-06-14 00:00:00.0,1,3,1,1,70.0,618.0,1.0,375.8611,-0.26,1.625,2,77150000_1982-12-18 00:00:00.0_1993-06-14 00:00:00.0,1982-12-18,1993-06-14
77150000,1982-12-18 00:00:00.0,1993-06-14 00:00:00.0,2,3,1,1,618.0,1164.0,1.0,391.244,0.27,1.681,2,77150000_1982-12-18 00:00:00.0_1993-06-14 00:00:00.0,1982-12-18,1993-06-14
77150000,1982-12-18 00:00:00.0,1993-06-14 00:00:00.0,3,3,1,1,1164.0,1400.0,1.0,528.0063,1.49,1.634,2,77150000_1982-12-18 00:00:00.0_1993-06-14 00:00:00.0,1982-12-18,1993-06-14
77150000,1993-06-15 00:00:00.0,2006-12-26 00:00:00.0,1,3,1,1,80.0,1027.0,1.0,440.04,-0.17,1.6,2,77150000_1993-06-15 00:00:00.0_2006-12-26 00:00:00.0,1993-06-15,2006-12-26
77150000,1993-06-15 00:00:00.0,2006-12-26 00:00:00.0,2,3,1,1,1027.0,1164.0,1.0,391.244,0.27,1.681,2,77150000_1993-06-15 00:00:00.0_2006-12-26 00:00:00.0,1993-06-15,2006-12-26
77150000,1993-06-15 00:00:00.0,2006-12-26 00:00:00.0,3,3,1,1,1164.0,1400.0,1.0,528.0063,1.49,1.634,2,77150000_1993-06-15 00:00:00.0_2006-12-26 00:00:00.0,1993-06-15,2006-12-26
77150000,2006-12-27 00:00:00.0,2020-07-14 00:00:00.0,1,4,1,1,80.0,457.0,1.0,364.8305,-0.13,1.673,2,77150000_2006-12-27 00:00:00.0_2020-07-14 00:00:00.0,2006-12-27,2020-07-14
77150000,2006-12-27 00:00:00.0,2020-07-14 00:00:00.0,2,4,1,1,457.0,618.0,1.0,375.8611,-0.26,1.625,2,77150000_2006-12-27 00:00:00.0_2020-07-14 00:00:00.0,2006-12-27,2020-07-14
77150000,2006-12-27 00:00:00.0,2020-07-14 00:00:00.0,3,4,1,1,618.0,1164.0,1.0,391.244,0.27,1.681,2,77150000_2006-12-27 00:00:00.0_2020-07-14 00:00:00.0,2006-12-27,2020-07-14
77150000,2006-12-27 00:00:00.0,2020-07-14 00:00:00.0,4,4,1,1,1164.0,1400.0,1.0,528.0063,1.49,1.634,2,77150000_2006-12-27 00:00:00.0_2020-07-14 00:00:00.0,2006-12-27,2020-07-14
77150000,2020-07-15 00:00:00.0,2023-12-31 00:00:00.0,1,4,1,1,70.0,406.0,1.0,304.1712,-0.31,1.756,2,77150000_2020-07-15 00:00:00.0_2023-12-31 00:00:00.0,2020-07-15,2023-12-31
77150000,2020-07-15 00:00:00.0,2023-12-31 00:00:00.0,2,4,1,1,406.0,618.0,1.0,375.8611,-0.26,1.625,2,77150000_2020-07-15 00:00:00.0_2023-12-31 00:00:00.0,2020-07-15,2023-12-31
77150000,2020-07-15 00:00:00.0,2023-12-31 00:00:00.0,3,4,1,1,618.0,1164.0,1.0,391.244,0.27,1.681,2,77150000_2020-07-15 00:00:00.0_2023-12-31 00:00:00.0,2020-07-15,2023-12-31
77150000,2020-07-15 00:00:00.0,2023-12-31 00:00:00.0,4,4,1,1,1164.0,1400.0,1.0,528.0063,1.49,1.634,2,77150000_2020-07-15 00:00:00.0_2023-12-31 00:00:00.0,2020-07-15,2023-12-31
77500000,1993-03-01 00:00:00.0,2000-07-05 00:00:00.0,1,4.0,1,1,10.0,95.0,1.0,25.0,0.0,2.82,2,77500000_1993-03-01 00:00:00.0_2000-07-05 00:00:00.0,1993-03-01,2000-07-05
77500000,1993-03-01 00:00:00.0,2000-07-05 00:00:00.0,2,4.0,1,1,95.0,635.0,1.0,22.0,-0.04,1.899,2,77500000_1993-03-01 00:00:00.0_2000-07-05 00:00:00.0,1993-03-01,2000-07-05
77500000,1993-03-01 00:00:00.0,2000-07-05 00:00:00.0,3,4.0,1,1,635.0,1244.0,1.0,28.1993,-0.51,1.7,2,77500000_1993-03-01 00:00:00.0_2000-07-05 00:00:00.0,1993-03-01,2000-07-05
77500000,1993-03-01 00:00:00.0,2000-07-05 00:00:00.0,4,4.0,1,1,1244.0,1500.0,1.0,38.695,6.89,2.356,2,77500000_1993-03-01 00:00:00.0_2000-07-05 00:00:00.0,1993-03-01,2000-07-05
77500000,2000-07-06 00:00:00.0,2003-05-25 00:00:00.0,1,3.0,1,1,30.0,551.0,1.0,32.0,0.0,1.714,2,77500000_2000-07-06 00:00:00.0_2003-05-25 00:00:00.0,2000-07-06,2003-05-25
77500000,2000-07-06 00:00:00.0,2003-05-25 00:00:00.0,2,3.0,1,1,551.0,1244.0,1.0,28.1993,-0.51,1.7,2,77500000_2000-07-06 00:00:00.0_2003-05-25 00:00:00.0,2000-07-06,2003-05-25
77500000,2000-07-06 00:00:00.0,2003-05-25 00:00:00.0,3,3.0,1,1,1244.0,1550.0,1.0,38.695,6.89,2.356,2,77500000_2000-07-06 00:00:00.0_2003-05-25 00:00:00.0,2000-07-06,2003-05-25
77500000,2003-05-26 00:00:00.0,2004-11-04 00:00:00.0,1,,1,1,40.0,850.0,1.0,44.5,-0.2,1.53,2,77500000_2003-05-26 00:00:00.0_2004-11-04 00:00:00.0,2003-05-26,2004-11-04
77500000,2004-11-05 00:00:00.0,2006-11-06 00:00:00.0,1,3.0,1,1,20.0,107.0,1.0,29.0,0.05,2.3,2,77500000_2004-11-05 00:00:00.0_2006-11-06 00:00:00.0,2004-11-05,2006-11-06
77500000,2004-11-05 00:00:00.0,2006-11-06 00:00:00.0,2,3.0,1,1,107.0,693.0,1.0,33.5,0.13,1.69,2,77500000_2004-11-05 00:00:00.0_2006-11-06 00:00:00.0,2004-11-05,2006-11-06
77500000,2004-11-05 00:00:00.0,2006-11-06 00:00:00.0,3,3.0,1,1,693.0,850.0,1.0,28.1993,-0.51,1.7,2,77500000_2004-11-05 00:00:00.0_2006-11-06 00:00:00.0,2004-11-05,2006-11-06
77500000,2006-11-07 00:00:00.0,2012-06-16 00:00:00.0,1,4.0,1,1,20.0,127.0,1.0,26.5093,0.17,1.981,2,77500000_2006-11-07 00:00:00.0_2012-06-16 00:00:00.0,2006-11-07,2012-06-16
77500000,2006-11-07 00:00:00.0,2012-06-16 00:00:00.0,2,4.0,1,1,127.0,289.0,1.0,26.0,0.15,1.835,2,77500000_2006-11-07 00:00:00.0_2012-06-16 00:00:00.0,2006-11-07,2012-06-16
77500000,2006-11-07 00:00:00.0,2012-06-16 00:00:00.0,3,4.0,1,1,289.0,1244.0,1.0,31.1186,0.22,1.7,2,77500000_2006-11-07 00:00:00.0_2012-06-16 00:00:00.0,2006-11-07,2012-06-16
77500000,2006-11-07 00:00:00.0,2012-06-16 00:00:00.0,4,4.0,1,1,1244.0,1550.0,1.0,38.695,6.89,2.356,2,77500000_2006-11-07 00:00:00.0_2012-06-16 00:00:00.0,2006-11-07,2012-06-16
77500000,2012-06-17 00:00:00.0,2021-09-09 00:00:00.0,1,4.0,1,1,20.0,113.0,1.0,26.5298,0.19,2.087,2,77500000_2012-06-17 00:00:00.0_2021-09-09 00:00:00.0,2012-06-17,2021-09-09
77500000,2012-06-17 00:00:00.0,2021-09-09 00:00:00.0,2,4.0,1,1,113.0,373.0,1.0,27.8582,0.23,1.7,2,77500000_2012-06-17 00:00:00.0_2021-09-09 00:00:00.0,2012-06-17,2021-09-09
77500000,2012-06-17 00:00:00.0,2021-09-09 00:00:00.0,3,4.0,1,1,373.0,1140.0,1.0,19.8604,-0.54,1.7,2,77500000_2012-06-17 00:00:00.0_2021-09-09 00:00:00.0,2012-06-17,2021-09-09
77500000,2012-06-17 00:00:00.0,2021-09-09 00:00:00.0,4,4.0,1,1,1140.0,1550.0,1.0,38.695,6.89,2.356,2,77500000_2012-06-17 00:00:00.0_2021-09-09 00:00:00.0,2012-06-17,2021-09-09
77500000,2021-09-10 00:00:00.0,2023-07-14 00:00:00.0,1,4.0,1,1,20.0,154.0,1.0,23.5197,0.19,2.1,2,77500000_2021-09-10 00:00:00.0_2023-07-14 00:00:00.0,2021-09-10,2023-07-14
77500000,2021-09-10 00:00:00.0,2023-07-14 00:00:00.0,2,4.0,1,1,154.0,373.0,1.0,27.8582,0.23,1.7,2,77500000_2021-09-10 00:00:00.0_2023-07-14 00:00:00.0,2021-09-10,2023-07-14
77500000,2021-09-10 00:00:00.0,2023-07-14 00:00:00.0,3,4.0,1,1,373.0,1140.0,1.0,19.8604,-0.54,1.7,2,77500000_2021-09-10 00:00:00.0_2023-07-14 00:00:00.0,2021-09-10,2023-07-14
77500000,2021-09-10 00:00:00.0,2023-07-14 00:00:00.0,4,4.0,1,1,1140.0,1550.0,1.0,38.695,6.89,2.356,2,77500000_2021-09-10 00:00:00.0_2023-07-14 00:00:00.0,2021-09-10,2023-07-14
77500000,2023-07-15 00:00:00.0,2023-12-31 00:00:00.0,1,2.0,1,1,70.0,1202.0,1.0,35.8239,0.38,1.6,2,77500000_2023-07-15 00:00:00.0_2023-12-31 00:00:00.0,2023-07-15,2023-12-31
77500000,2023-07-15 00:00:00.0,2023-12-31 00:00:00.0,2,2.0,1,1,1202.0,1550.0,1.0,38.695,6.89,2.356,2,77500000_2023-07-15 00:00:00.0_2023-12-31 00:00:00.0,2023-07-15,2023-12-31
77500000,2024-01-01 00:00:00.0,2026-12-31 00:00:00.0,1,5.0,1,1,17.0,46.0,1.0,21.3817,0.14,2.399,1,77500000_2024-01-01 00:00:00.0_2026-12-31 00:00:00.0,2024-01-01,2026-12-31
77500000,2024-01-01 00:00:00.0,2026-12-31 00:00:00.0,2,5.0,1,1,46.0,199.0,1.0,24.8889,0.24,1.906,1,77500000_2024-01-01 00:00:00.0_2026-12-31 00:00:00.0,2024-01-01,2026-12-31
77500000,2024-01-01 00:00:00.0,2026-12-31 00:00:00.0,3,5.0,1,1,199.0,363.0,1.0,25.1543,0.17,1.765,1,77500000_2024-01-01 00:00:00.0_2026-12-31 00:00:00.0,2024-01-01,2026-12-31
77500000,2024-01-01 00:00:00.0,2026-12-31 00:00:00.0,4,5.0,1,1,363.0,1230.0,1.0,0.5406,-4.11,2.947,1,77500000_2024-01-01 00:00:00.0_2026-12-31 00:00:00.0,2024-01-01,2026-12-31
77500000,2024-01-01 00:00:00.0,2026-12-31 00:00:00.0,5,5.0,1,1,1230.0,1600.0,1.0,38.595,6.89,2.356,1,77500000_2024-01-01 00:00:00.0_2026-12-31 00:00:00.0,2024-01-01,2026-12-31
